host: login01
Building DAG of jobs...
SLURM run ID: 96521214-b615-4e61-aca4-4a7446d0c49e
MinJobAge 300s (>= 120s). 'squeue' should work reliably for status queries.
Using shell: /usr/local/bin/bash
Provided remote nodes: 200
Job stats:
job                count
---------------  -------
all                    1
findTargetGenes        1
prokka               331
roary                  1
success_flag           1
total                335

Select jobs to execute...
Execute 100 jobs...

[Wed Apr  1 11:05:32 2026]
rule prokka:
    input: /home/zfears/Desktop/pcrProj/neisseria/strains/genCP048250.1.fna
    output: /home/zfears/Desktop/pcrProj/neisseria/prokka/genCP048250.1.fna.gff, /home/zfears/Desktop/pcrProj/neisseria/prokka/genCP048250.1.fna.ffn
    jobid: 46
    reason: Missing output files: /home/zfears/Desktop/pcrProj/neisseria/prokka/genCP048250.1.fna.gff
    wildcards: fna=genCP048250.1.fna
    resources: tmpdir=<TBD>, disk_mb=1000, disk=1 GB, disk_mib=954, mem_mb=1000, mem=1 GB, mem_mib=954, mem_mb_per_cpu=4000, runtime=15
No SLURM account given, trying to guess.
Unable to guess SLURM account. Trying to proceed without.
No partition was given for rule 'prokka', and unable to find a default partition. Trying to submit without partition information. You may want to invoke snakemake with --default-resources 'slurm_partition=<your default partition>'.
Job 46 has been submitted with SLURM jobid 11149653 (log: /grphome/grp_Assembly/pcrScripts/snakemake/.snakemake/slurm_logs/rule_prokka/genCP048250.1.fna/11149653.log).

[Wed Apr  1 11:05:37 2026]
rule prokka:
    input: /home/zfears/Desktop/pcrProj/neisseria/strains/genCP098540.1.fna
    output: /home/zfears/Desktop/pcrProj/neisseria/prokka/genCP098540.1.fna.gff, /home/zfears/Desktop/pcrProj/neisseria/prokka/genCP098540.1.fna.ffn
    jobid: 107
    reason: Missing output files: /home/zfears/Desktop/pcrProj/neisseria/prokka/genCP098540.1.fna.gff
    wildcards: fna=genCP098540.1.fna
    resources: tmpdir=<TBD>, disk_mb=1000, disk=1 GB, disk_mib=954, mem_mb=1000, mem=1 GB, mem_mib=954, mem_mb_per_cpu=4000, runtime=15
Job 107 has been submitted with SLURM jobid 11149654 (log: /grphome/grp_Assembly/pcrScripts/snakemake/.snakemake/slurm_logs/rule_prokka/genCP098540.1.fna/11149654.log).

[Wed Apr  1 11:05:37 2026]
rule prokka:
    input: /home/zfears/Desktop/pcrProj/neisseria/strains/specCP021519.1.fna
    output: /home/zfears/Desktop/pcrProj/neisseria/prokka/specCP021519.1.fna.gff, /home/zfears/Desktop/pcrProj/neisseria/prokka/specCP021519.1.fna.ffn
    jobid: 287
    reason: Missing output files: /home/zfears/Desktop/pcrProj/neisseria/prokka/specCP021519.1.fna.gff
    wildcards: fna=specCP021519.1.fna
    resources: tmpdir=<TBD>, disk_mb=1000, disk=1 GB, disk_mib=954, mem_mb=1000, mem=1 GB, mem_mib=954, mem_mb_per_cpu=4000, runtime=15
Job 287 has been submitted with SLURM jobid 11149655 (log: /grphome/grp_Assembly/pcrScripts/snakemake/.snakemake/slurm_logs/rule_prokka/specCP021519.1.fna/11149655.log).

[Wed Apr  1 11:05:37 2026]
rule prokka:
    input: /home/zfears/Desktop/pcrProj/neisseria/strains/genCP104548.1.fna
    output: /home/zfears/Desktop/pcrProj/neisseria/prokka/genCP104548.1.fna.gff, /home/zfears/Desktop/pcrProj/neisseria/prokka/genCP104548.1.fna.ffn
    jobid: 113
    reason: Missing output files: /home/zfears/Desktop/pcrProj/neisseria/prokka/genCP104548.1.fna.gff
    wildcards: fna=genCP104548.1.fna
    resources: tmpdir=<TBD>, disk_mb=1000, disk=1 GB, disk_mib=954, mem_mb=1000, mem=1 GB, mem_mib=954, mem_mb_per_cpu=4000, runtime=15
Job 113 has been submitted with SLURM jobid 11149656 (log: /grphome/grp_Assembly/pcrScripts/snakemake/.snakemake/slurm_logs/rule_prokka/genCP104548.1.fna/11149656.log).

[Wed Apr  1 11:05:37 2026]
rule prokka:
    input: /home/zfears/Desktop/pcrProj/neisseria/strains/specCP021724.1.fna
    output: /home/zfears/Desktop/pcrProj/neisseria/prokka/specCP021724.1.fna.gff, /home/zfears/Desktop/pcrProj/neisseria/prokka/specCP021724.1.fna.ffn
    jobid: 293
    reason: Missing output files: /home/zfears/Desktop/pcrProj/neisseria/prokka/specCP021724.1.fna.gff
    wildcards: fna=specCP021724.1.fna
    resources: tmpdir=<TBD>, disk_mb=1000, disk=1 GB, disk_mib=954, mem_mb=1000, mem=1 GB, mem_mib=954, mem_mb_per_cpu=4000, runtime=15
Job 293 has been submitted with SLURM jobid 11149657 (log: /grphome/grp_Assembly/pcrScripts/snakemake/.snakemake/slurm_logs/rule_prokka/specCP021724.1.fna/11149657.log).

[Wed Apr  1 11:05:38 2026]
rule prokka:
    input: /home/zfears/Desktop/pcrProj/neisseria/strains/genCP048911.1.fna
    output: /home/zfears/Desktop/pcrProj/neisseria/prokka/genCP048911.1.fna.gff, /home/zfears/Desktop/pcrProj/neisseria/prokka/genCP048911.1.fna.ffn
    jobid: 54
    reason: Missing output files: /home/zfears/Desktop/pcrProj/neisseria/prokka/genCP048911.1.fna.gff
    wildcards: fna=genCP048911.1.fna
    resources: tmpdir=<TBD>, disk_mb=1000, disk=1 GB, disk_mib=954, mem_mb=1000, mem=1 GB, mem_mib=954, mem_mb_per_cpu=4000, runtime=15
Job 54 has been submitted with SLURM jobid 11149658 (log: /grphome/grp_Assembly/pcrScripts/snakemake/.snakemake/slurm_logs/rule_prokka/genCP048911.1.fna/11149658.log).

[Wed Apr  1 11:05:38 2026]
rule prokka:
    input: /home/zfears/Desktop/pcrProj/neisseria/strains/genCP106749.1.fna
    output: /home/zfears/Desktop/pcrProj/neisseria/prokka/genCP106749.1.fna.gff, /home/zfears/Desktop/pcrProj/neisseria/prokka/genCP106749.1.fna.ffn
    jobid: 114
    reason: Missing output files: /home/zfears/Desktop/pcrProj/neisseria/prokka/genCP106749.1.fna.gff
    wildcards: fna=genCP106749.1.fna
    resources: tmpdir=<TBD>, disk_mb=1000, disk=1 GB, disk_mib=954, mem_mb=1000, mem=1 GB, mem_mib=954, mem_mb_per_cpu=4000, runtime=15
Job 114 has been submitted with SLURM jobid 11149659 (log: /grphome/grp_Assembly/pcrScripts/snakemake/.snakemake/slurm_logs/rule_prokka/genCP106749.1.fna/11149659.log).

[Wed Apr  1 11:05:38 2026]
rule prokka:
    input: /home/zfears/Desktop/pcrProj/neisseria/strains/specCP021725.1.fna
    output: /home/zfears/Desktop/pcrProj/neisseria/prokka/specCP021725.1.fna.gff, /home/zfears/Desktop/pcrProj/neisseria/prokka/specCP021725.1.fna.ffn
    jobid: 294
    reason: Missing output files: /home/zfears/Desktop/pcrProj/neisseria/prokka/specCP021725.1.fna.gff
    wildcards: fna=specCP021725.1.fna
    resources: tmpdir=<TBD>, disk_mb=1000, disk=1 GB, disk_mib=954, mem_mb=1000, mem=1 GB, mem_mib=954, mem_mb_per_cpu=4000, runtime=15
Job 294 has been submitted with SLURM jobid 11149660 (log: /grphome/grp_Assembly/pcrScripts/snakemake/.snakemake/slurm_logs/rule_prokka/specCP021725.1.fna/11149660.log).

[Wed Apr  1 11:05:38 2026]
rule prokka:
    input: /home/zfears/Desktop/pcrProj/neisseria/strains/genCP048929.1.fna
    output: /home/zfears/Desktop/pcrProj/neisseria/prokka/genCP048929.1.fna.gff, /home/zfears/Desktop/pcrProj/neisseria/prokka/genCP048929.1.fna.ffn
    jobid: 55
    reason: Missing output files: /home/zfears/Desktop/pcrProj/neisseria/prokka/genCP048929.1.fna.gff
    wildcards: fna=genCP048929.1.fna
    resources: tmpdir=<TBD>, disk_mb=1000, disk=1 GB, disk_mib=954, mem_mb=1000, mem=1 GB, mem_mib=954, mem_mb_per_cpu=4000, runtime=15
Job 55 has been submitted with SLURM jobid 11149661 (log: /grphome/grp_Assembly/pcrScripts/snakemake/.snakemake/slurm_logs/rule_prokka/genCP048929.1.fna/11149661.log).

[Wed Apr  1 11:05:38 2026]
rule prokka:
    input: /home/zfears/Desktop/pcrProj/neisseria/strains/genCP106801.1.fna
    output: /home/zfears/Desktop/pcrProj/neisseria/prokka/genCP106801.1.fna.gff, /home/zfears/Desktop/pcrProj/neisseria/prokka/genCP106801.1.fna.ffn
    jobid: 115
    reason: Missing output files: /home/zfears/Desktop/pcrProj/neisseria/prokka/genCP106801.1.fna.gff
    wildcards: fna=genCP106801.1.fna
    resources: tmpdir=<TBD>, disk_mb=1000, disk=1 GB, disk_mib=954, mem_mb=1000, mem=1 GB, mem_mib=954, mem_mb_per_cpu=4000, runtime=15
Job 115 has been submitted with SLURM jobid 11149662 (log: /grphome/grp_Assembly/pcrScripts/snakemake/.snakemake/slurm_logs/rule_prokka/genCP106801.1.fna/11149662.log).

[Wed Apr  1 11:05:38 2026]
rule prokka:
    input: /home/zfears/Desktop/pcrProj/neisseria/strains/specCP023813.1.fna
    output: /home/zfears/Desktop/pcrProj/neisseria/prokka/specCP023813.1.fna.gff, /home/zfears/Desktop/pcrProj/neisseria/prokka/specCP023813.1.fna.ffn
    jobid: 295
    reason: Missing output files: /home/zfears/Desktop/pcrProj/neisseria/prokka/specCP023813.1.fna.gff
    wildcards: fna=specCP023813.1.fna
    resources: tmpdir=<TBD>, disk_mb=1000, disk=1 GB, disk_mib=954, mem_mb=1000, mem=1 GB, mem_mib=954, mem_mb_per_cpu=4000, runtime=15
Job 295 has been submitted with SLURM jobid 11149663 (log: /grphome/grp_Assembly/pcrScripts/snakemake/.snakemake/slurm_logs/rule_prokka/specCP023813.1.fna/11149663.log).

[Wed Apr  1 11:05:38 2026]
rule prokka:
    input: /home/zfears/Desktop/pcrProj/neisseria/strains/genCP061490.1.fna
    output: /home/zfears/Desktop/pcrProj/neisseria/prokka/genCP061490.1.fna.gff, /home/zfears/Desktop/pcrProj/neisseria/prokka/genCP061490.1.fna.ffn
    jobid: 67
    reason: Missing output files: /home/zfears/Desktop/pcrProj/neisseria/prokka/genCP061490.1.fna.gff
    wildcards: fna=genCP061490.1.fna
    resources: tmpdir=<TBD>, disk_mb=1000, disk=1 GB, disk_mib=954, mem_mb=1000, mem=1 GB, mem_mib=954, mem_mb_per_cpu=4000, runtime=15
Job 67 has been submitted with SLURM jobid 11149664 (log: /grphome/grp_Assembly/pcrScripts/snakemake/.snakemake/slurm_logs/rule_prokka/genCP061490.1.fna/11149664.log).

[Wed Apr  1 11:05:39 2026]
rule prokka:
    input: /home/zfears/Desktop/pcrProj/neisseria/strains/specCP030824.1.fna
    output: /home/zfears/Desktop/pcrProj/neisseria/prokka/specCP030824.1.fna.gff, /home/zfears/Desktop/pcrProj/neisseria/prokka/specCP030824.1.fna.ffn
    jobid: 307
    reason: Missing output files: /home/zfears/Desktop/pcrProj/neisseria/prokka/specCP030824.1.fna.gff
    wildcards: fna=specCP030824.1.fna
    resources: tmpdir=<TBD>, disk_mb=1000, disk=1 GB, disk_mib=954, mem_mb=1000, mem=1 GB, mem_mib=954, mem_mb_per_cpu=4000, runtime=15
Job 307 has been submitted with SLURM jobid 11149665 (log: /grphome/grp_Assembly/pcrScripts/snakemake/.snakemake/slurm_logs/rule_prokka/specCP030824.1.fna/11149665.log).

[Wed Apr  1 11:05:39 2026]
rule prokka:
    input: /home/zfears/Desktop/pcrProj/neisseria/strains/genCP107273.1.fna
    output: /home/zfears/Desktop/pcrProj/neisseria/prokka/genCP107273.1.fna.gff, /home/zfears/Desktop/pcrProj/neisseria/prokka/genCP107273.1.fna.ffn
    jobid: 127
    reason: Missing output files: /home/zfears/Desktop/pcrProj/neisseria/prokka/genCP107273.1.fna.gff
    wildcards: fna=genCP107273.1.fna
    resources: tmpdir=<TBD>, disk_mb=1000, disk=1 GB, disk_mib=954, mem_mb=1000, mem=1 GB, mem_mib=954, mem_mb_per_cpu=4000, runtime=15
Job 127 has been submitted with SLURM jobid 11149666 (log: /grphome/grp_Assembly/pcrScripts/snakemake/.snakemake/slurm_logs/rule_prokka/genCP107273.1.fna/11149666.log).

[Wed Apr  1 11:05:39 2026]
rule prokka:
    input: /home/zfears/Desktop/pcrProj/neisseria/strains/genCP061491.1.fna
    output: /home/zfears/Desktop/pcrProj/neisseria/prokka/genCP061491.1.fna.gff, /home/zfears/Desktop/pcrProj/neisseria/prokka/genCP061491.1.fna.ffn
    jobid: 68
    reason: Missing output files: /home/zfears/Desktop/pcrProj/neisseria/prokka/genCP061491.1.fna.gff
    wildcards: fna=genCP061491.1.fna
    resources: tmpdir=<TBD>, disk_mb=1000, disk=1 GB, disk_mib=954, mem_mb=1000, mem=1 GB, mem_mib=954, mem_mb_per_cpu=4000, runtime=15
Job 68 has been submitted with SLURM jobid 11149667 (log: /grphome/grp_Assembly/pcrScripts/snakemake/.snakemake/slurm_logs/rule_prokka/genCP061491.1.fna/11149667.log).

[Wed Apr  1 11:05:39 2026]
rule prokka:
    input: /home/zfears/Desktop/pcrProj/neisseria/strains/genCP107274.1.fna
    output: /home/zfears/Desktop/pcrProj/neisseria/prokka/genCP107274.1.fna.gff, /home/zfears/Desktop/pcrProj/neisseria/prokka/genCP107274.1.fna.ffn
    jobid: 128
    reason: Missing output files: /home/zfears/Desktop/pcrProj/neisseria/prokka/genCP107274.1.fna.gff
    wildcards: fna=genCP107274.1.fna
    resources: tmpdir=<TBD>, disk_mb=1000, disk=1 GB, disk_mib=954, mem_mb=1000, mem=1 GB, mem_mib=954, mem_mb_per_cpu=4000, runtime=15
Job 128 has been submitted with SLURM jobid 11149668 (log: /grphome/grp_Assembly/pcrScripts/snakemake/.snakemake/slurm_logs/rule_prokka/genCP107274.1.fna/11149668.log).

[Wed Apr  1 11:05:39 2026]
rule prokka:
    input: /home/zfears/Desktop/pcrProj/neisseria/strains/specCP030825.1.fna
    output: /home/zfears/Desktop/pcrProj/neisseria/prokka/specCP030825.1.fna.gff, /home/zfears/Desktop/pcrProj/neisseria/prokka/specCP030825.1.fna.ffn
    jobid: 308
    reason: Missing output files: /home/zfears/Desktop/pcrProj/neisseria/prokka/specCP030825.1.fna.gff
    wildcards: fna=specCP030825.1.fna
    resources: tmpdir=<TBD>, disk_mb=1000, disk=1 GB, disk_mib=954, mem_mb=1000, mem=1 GB, mem_mib=954, mem_mb_per_cpu=4000, runtime=15
Job 308 has been submitted with SLURM jobid 11149669 (log: /grphome/grp_Assembly/pcrScripts/snakemake/.snakemake/slurm_logs/rule_prokka/specCP030825.1.fna/11149669.log).

[Wed Apr  1 11:05:39 2026]
rule prokka:
    input: /home/zfears/Desktop/pcrProj/neisseria/strains/genCP061492.1.fna
    output: /home/zfears/Desktop/pcrProj/neisseria/prokka/genCP061492.1.fna.gff, /home/zfears/Desktop/pcrProj/neisseria/prokka/genCP061492.1.fna.ffn
    jobid: 69
    reason: Missing output files: /home/zfears/Desktop/pcrProj/neisseria/prokka/genCP061492.1.fna.gff
    wildcards: fna=genCP061492.1.fna
    resources: tmpdir=<TBD>, disk_mb=1000, disk=1 GB, disk_mib=954, mem_mb=1000, mem=1 GB, mem_mib=954, mem_mb_per_cpu=4000, runtime=15
Job 69 has been submitted with SLURM jobid 11149670 (log: /grphome/grp_Assembly/pcrScripts/snakemake/.snakemake/slurm_logs/rule_prokka/genCP061492.1.fna/11149670.log).

[Wed Apr  1 11:05:40 2026]
rule prokka:
    input: /home/zfears/Desktop/pcrProj/neisseria/strains/genCP115654.1.fna
    output: /home/zfears/Desktop/pcrProj/neisseria/prokka/genCP115654.1.fna.gff, /home/zfears/Desktop/pcrProj/neisseria/prokka/genCP115654.1.fna.ffn
    jobid: 129
    reason: Missing output files: /home/zfears/Desktop/pcrProj/neisseria/prokka/genCP115654.1.fna.gff
    wildcards: fna=genCP115654.1.fna
    resources: tmpdir=<TBD>, disk_mb=1000, disk=1 GB, disk_mib=954, mem_mb=1000, mem=1 GB, mem_mib=954, mem_mb_per_cpu=4000, runtime=15
Job 129 has been submitted with SLURM jobid 11149671 (log: /grphome/grp_Assembly/pcrScripts/snakemake/.snakemake/slurm_logs/rule_prokka/genCP115654.1.fna/11149671.log).

[Wed Apr  1 11:05:40 2026]
rule prokka:
    input: /home/zfears/Desktop/pcrProj/neisseria/strains/specCP030826.1.fna
    output: /home/zfears/Desktop/pcrProj/neisseria/prokka/specCP030826.1.fna.gff, /home/zfears/Desktop/pcrProj/neisseria/prokka/specCP030826.1.fna.ffn
    jobid: 309
    reason: Missing output files: /home/zfears/Desktop/pcrProj/neisseria/prokka/specCP030826.1.fna.gff
    wildcards: fna=specCP030826.1.fna
    resources: tmpdir=<TBD>, disk_mb=1000, disk=1 GB, disk_mib=954, mem_mb=1000, mem=1 GB, mem_mib=954, mem_mb_per_cpu=4000, runtime=15
Job 309 has been submitted with SLURM jobid 11149672 (log: /grphome/grp_Assembly/pcrScripts/snakemake/.snakemake/slurm_logs/rule_prokka/specCP030826.1.fna/11149672.log).

[Wed Apr  1 11:05:40 2026]
rule prokka:
    input: /home/zfears/Desktop/pcrProj/neisseria/strains/genCP068761.1.fna
    output: /home/zfears/Desktop/pcrProj/neisseria/prokka/genCP068761.1.fna.gff, /home/zfears/Desktop/pcrProj/neisseria/prokka/genCP068761.1.fna.ffn
    jobid: 70
    reason: Missing output files: /home/zfears/Desktop/pcrProj/neisseria/prokka/genCP068761.1.fna.gff
    wildcards: fna=genCP068761.1.fna
    resources: tmpdir=<TBD>, disk_mb=1000, disk=1 GB, disk_mib=954, mem_mb=1000, mem=1 GB, mem_mib=954, mem_mb_per_cpu=4000, runtime=15
Job 70 has been submitted with SLURM jobid 11149673 (log: /grphome/grp_Assembly/pcrScripts/snakemake/.snakemake/slurm_logs/rule_prokka/genCP068761.1.fna/11149673.log).

[Wed Apr  1 11:05:41 2026]
rule prokka:
    input: /home/zfears/Desktop/pcrProj/neisseria/strains/genCP115904.1.fna
    output: /home/zfears/Desktop/pcrProj/neisseria/prokka/genCP115904.1.fna.gff, /home/zfears/Desktop/pcrProj/neisseria/prokka/genCP115904.1.fna.ffn
    jobid: 130
    reason: Missing output files: /home/zfears/Desktop/pcrProj/neisseria/prokka/genCP115904.1.fna.gff
    wildcards: fna=genCP115904.1.fna
    resources: tmpdir=<TBD>, disk_mb=1000, disk=1 GB, disk_mib=954, mem_mb=1000, mem=1 GB, mem_mib=954, mem_mb_per_cpu=4000, runtime=15
Job 130 has been submitted with SLURM jobid 11149674 (log: /grphome/grp_Assembly/pcrScripts/snakemake/.snakemake/slurm_logs/rule_prokka/genCP115904.1.fna/11149674.log).

[Wed Apr  1 11:05:41 2026]
rule prokka:
    input: /home/zfears/Desktop/pcrProj/neisseria/strains/specCP031324.1.fna
    output: /home/zfears/Desktop/pcrProj/neisseria/prokka/specCP031324.1.fna.gff, /home/zfears/Desktop/pcrProj/neisseria/prokka/specCP031324.1.fna.ffn
    jobid: 310
    reason: Missing output files: /home/zfears/Desktop/pcrProj/neisseria/prokka/specCP031324.1.fna.gff
    wildcards: fna=specCP031324.1.fna
    resources: tmpdir=<TBD>, disk_mb=1000, disk=1 GB, disk_mib=954, mem_mb=1000, mem=1 GB, mem_mib=954, mem_mb_per_cpu=4000, runtime=15
Job 310 has been submitted with SLURM jobid 11149675 (log: /grphome/grp_Assembly/pcrScripts/snakemake/.snakemake/slurm_logs/rule_prokka/specCP031324.1.fna/11149675.log).

[Wed Apr  1 11:05:41 2026]
rule prokka:
    input: /home/zfears/Desktop/pcrProj/neisseria/strains/genCP072524.1.fna
    output: /home/zfears/Desktop/pcrProj/neisseria/prokka/genCP072524.1.fna.gff, /home/zfears/Desktop/pcrProj/neisseria/prokka/genCP072524.1.fna.ffn
    jobid: 71
    reason: Missing output files: /home/zfears/Desktop/pcrProj/neisseria/prokka/genCP072524.1.fna.gff
    wildcards: fna=genCP072524.1.fna
    resources: tmpdir=<TBD>, disk_mb=1000, disk=1 GB, disk_mib=954, mem_mb=1000, mem=1 GB, mem_mib=954, mem_mb_per_cpu=4000, runtime=15
Job 71 has been submitted with SLURM jobid 11149676 (log: /grphome/grp_Assembly/pcrScripts/snakemake/.snakemake/slurm_logs/rule_prokka/genCP072524.1.fna/11149676.log).

[Wed Apr  1 11:05:41 2026]
rule prokka:
    input: /home/zfears/Desktop/pcrProj/neisseria/strains/genCP116342.1.fna
    output: /home/zfears/Desktop/pcrProj/neisseria/prokka/genCP116342.1.fna.gff, /home/zfears/Desktop/pcrProj/neisseria/prokka/genCP116342.1.fna.ffn
    jobid: 131
    reason: Missing output files: /home/zfears/Desktop/pcrProj/neisseria/prokka/genCP116342.1.fna.gff
    wildcards: fna=genCP116342.1.fna
    resources: tmpdir=<TBD>, disk_mb=1000, disk=1 GB, disk_mib=954, mem_mb=1000, mem=1 GB, mem_mib=954, mem_mb_per_cpu=4000, runtime=15
Job 131 has been submitted with SLURM jobid 11149677 (log: /grphome/grp_Assembly/pcrScripts/snakemake/.snakemake/slurm_logs/rule_prokka/genCP116342.1.fna/11149677.log).

[Wed Apr  1 11:05:41 2026]
rule prokka:
    input: /home/zfears/Desktop/pcrProj/neisseria/strains/specCP031326.1.fna
    output: /home/zfears/Desktop/pcrProj/neisseria/prokka/specCP031326.1.fna.gff, /home/zfears/Desktop/pcrProj/neisseria/prokka/specCP031326.1.fna.ffn
    jobid: 311
    reason: Missing output files: /home/zfears/Desktop/pcrProj/neisseria/prokka/specCP031326.1.fna.gff
    wildcards: fna=specCP031326.1.fna
    resources: tmpdir=<TBD>, disk_mb=1000, disk=1 GB, disk_mib=954, mem_mb=1000, mem=1 GB, mem_mib=954, mem_mb_per_cpu=4000, runtime=15
Job 311 has been submitted with SLURM jobid 11149678 (log: /grphome/grp_Assembly/pcrScripts/snakemake/.snakemake/slurm_logs/rule_prokka/specCP031326.1.fna/11149678.log).

[Wed Apr  1 11:05:41 2026]
rule prokka:
    input: /home/zfears/Desktop/pcrProj/neisseria/strains/genCP174112.1.fna
    output: /home/zfears/Desktop/pcrProj/neisseria/prokka/genCP174112.1.fna.gff, /home/zfears/Desktop/pcrProj/neisseria/prokka/genCP174112.1.fna.ffn
    jobid: 197
    reason: Missing output files: /home/zfears/Desktop/pcrProj/neisseria/prokka/genCP174112.1.fna.gff
    wildcards: fna=genCP174112.1.fna
    resources: tmpdir=<TBD>, disk_mb=1000, disk=1 GB, disk_mib=954, mem_mb=1000, mem=1 GB, mem_mib=954, mem_mb_per_cpu=4000, runtime=15
Job 197 has been submitted with SLURM jobid 11149679 (log: /grphome/grp_Assembly/pcrScripts/snakemake/.snakemake/slurm_logs/rule_prokka/genCP174112.1.fna/11149679.log).

[Wed Apr  1 11:05:41 2026]
rule prokka:
    input: /home/zfears/Desktop/pcrProj/neisseria/strains/specCP016670.1.fna
    output: /home/zfears/Desktop/pcrProj/neisseria/prokka/specCP016670.1.fna.gff, /home/zfears/Desktop/pcrProj/neisseria/prokka/specCP016670.1.fna.ffn
    jobid: 257
    reason: Missing output files: /home/zfears/Desktop/pcrProj/neisseria/prokka/specCP016670.1.fna.gff
    wildcards: fna=specCP016670.1.fna
    resources: tmpdir=<TBD>, disk_mb=1000, disk=1 GB, disk_mib=954, mem_mb=1000, mem=1 GB, mem_mib=954, mem_mb_per_cpu=4000, runtime=15
Job 257 has been submitted with SLURM jobid 11149680 (log: /grphome/grp_Assembly/pcrScripts/snakemake/.snakemake/slurm_logs/rule_prokka/specCP016670.1.fna/11149680.log).

[Wed Apr  1 11:05:41 2026]
rule prokka:
    input: /home/zfears/Desktop/pcrProj/neisseria/strains/genCP031251.1.fna
    output: /home/zfears/Desktop/pcrProj/neisseria/prokka/genCP031251.1.fna.gff, /home/zfears/Desktop/pcrProj/neisseria/prokka/genCP031251.1.fna.ffn
    jobid: 18
    reason: Missing output files: /home/zfears/Desktop/pcrProj/neisseria/prokka/genCP031251.1.fna.gff
    wildcards: fna=genCP031251.1.fna
    resources: tmpdir=<TBD>, disk_mb=1000, disk=1 GB, disk_mib=954, mem_mb=1000, mem=1 GB, mem_mib=954, mem_mb_per_cpu=4000, runtime=15
Job 18 has been submitted with SLURM jobid 11149681 (log: /grphome/grp_Assembly/pcrScripts/snakemake/.snakemake/slurm_logs/rule_prokka/genCP031251.1.fna/11149681.log).

[Wed Apr  1 11:05:41 2026]
rule prokka:
    input: /home/zfears/Desktop/pcrProj/neisseria/strains/genCP174113.1.fna
    output: /home/zfears/Desktop/pcrProj/neisseria/prokka/genCP174113.1.fna.gff, /home/zfears/Desktop/pcrProj/neisseria/prokka/genCP174113.1.fna.ffn
    jobid: 198
    reason: Missing output files: /home/zfears/Desktop/pcrProj/neisseria/prokka/genCP174113.1.fna.gff
    wildcards: fna=genCP174113.1.fna
    resources: tmpdir=<TBD>, disk_mb=1000, disk=1 GB, disk_mib=954, mem_mb=1000, mem=1 GB, mem_mib=954, mem_mb_per_cpu=4000, runtime=15
Job 198 has been submitted with SLURM jobid 11149682 (log: /grphome/grp_Assembly/pcrScripts/snakemake/.snakemake/slurm_logs/rule_prokka/genCP174113.1.fna/11149682.log).

[Wed Apr  1 11:05:42 2026]
rule prokka:
    input: /home/zfears/Desktop/pcrProj/neisseria/strains/specCP016671.1.fna
    output: /home/zfears/Desktop/pcrProj/neisseria/prokka/specCP016671.1.fna.gff, /home/zfears/Desktop/pcrProj/neisseria/prokka/specCP016671.1.fna.ffn
    jobid: 258
    reason: Missing output files: /home/zfears/Desktop/pcrProj/neisseria/prokka/specCP016671.1.fna.gff
    wildcards: fna=specCP016671.1.fna
    resources: tmpdir=<TBD>, disk_mb=1000, disk=1 GB, disk_mib=954, mem_mb=1000, mem=1 GB, mem_mib=954, mem_mb_per_cpu=4000, runtime=15
Job 258 has been submitted with SLURM jobid 11149683 (log: /grphome/grp_Assembly/pcrScripts/snakemake/.snakemake/slurm_logs/rule_prokka/specCP016671.1.fna/11149683.log).

[Wed Apr  1 11:05:42 2026]
rule prokka:
    input: /home/zfears/Desktop/pcrProj/neisseria/strains/genCP031252.1.fna
    output: /home/zfears/Desktop/pcrProj/neisseria/prokka/genCP031252.1.fna.gff, /home/zfears/Desktop/pcrProj/neisseria/prokka/genCP031252.1.fna.ffn
    jobid: 19
    reason: Missing output files: /home/zfears/Desktop/pcrProj/neisseria/prokka/genCP031252.1.fna.gff
    wildcards: fna=genCP031252.1.fna
    resources: tmpdir=<TBD>, disk_mb=1000, disk=1 GB, disk_mib=954, mem_mb=1000, mem=1 GB, mem_mib=954, mem_mb_per_cpu=4000, runtime=15
Job 19 has been submitted with SLURM jobid 11149684 (log: /grphome/grp_Assembly/pcrScripts/snakemake/.snakemake/slurm_logs/rule_prokka/genCP031252.1.fna/11149684.log).

[Wed Apr  1 11:05:42 2026]
rule prokka:
    input: /home/zfears/Desktop/pcrProj/neisseria/strains/genCP174114.1.fna
    output: /home/zfears/Desktop/pcrProj/neisseria/prokka/genCP174114.1.fna.gff, /home/zfears/Desktop/pcrProj/neisseria/prokka/genCP174114.1.fna.ffn
    jobid: 199
    reason: Missing output files: /home/zfears/Desktop/pcrProj/neisseria/prokka/genCP174114.1.fna.gff
    wildcards: fna=genCP174114.1.fna
    resources: tmpdir=<TBD>, disk_mb=1000, disk=1 GB, disk_mib=954, mem_mb=1000, mem=1 GB, mem_mib=954, mem_mb_per_cpu=4000, runtime=15
Job 199 has been submitted with SLURM jobid 11149685 (log: /grphome/grp_Assembly/pcrScripts/snakemake/.snakemake/slurm_logs/rule_prokka/genCP174114.1.fna/11149685.log).

[Wed Apr  1 11:05:42 2026]
rule prokka:
    input: /home/zfears/Desktop/pcrProj/neisseria/strains/specCP016672.1.fna
    output: /home/zfears/Desktop/pcrProj/neisseria/prokka/specCP016672.1.fna.gff, /home/zfears/Desktop/pcrProj/neisseria/prokka/specCP016672.1.fna.ffn
    jobid: 259
    reason: Missing output files: /home/zfears/Desktop/pcrProj/neisseria/prokka/specCP016672.1.fna.gff
    wildcards: fna=specCP016672.1.fna
    resources: tmpdir=<TBD>, disk_mb=1000, disk=1 GB, disk_mib=954, mem_mb=1000, mem=1 GB, mem_mib=954, mem_mb_per_cpu=4000, runtime=15
Job 259 has been submitted with SLURM jobid 11149686 (log: /grphome/grp_Assembly/pcrScripts/snakemake/.snakemake/slurm_logs/rule_prokka/specCP016672.1.fna/11149686.log).

[Wed Apr  1 11:05:42 2026]
rule prokka:
    input: /home/zfears/Desktop/pcrProj/neisseria/strains/genCP031253.1.fna
    output: /home/zfears/Desktop/pcrProj/neisseria/prokka/genCP031253.1.fna.gff, /home/zfears/Desktop/pcrProj/neisseria/prokka/genCP031253.1.fna.ffn
    jobid: 20
    reason: Missing output files: /home/zfears/Desktop/pcrProj/neisseria/prokka/genCP031253.1.fna.gff
    wildcards: fna=genCP031253.1.fna
    resources: tmpdir=<TBD>, disk_mb=1000, disk=1 GB, disk_mib=954, mem_mb=1000, mem=1 GB, mem_mib=954, mem_mb_per_cpu=4000, runtime=15
Job 20 has been submitted with SLURM jobid 11149687 (log: /grphome/grp_Assembly/pcrScripts/snakemake/.snakemake/slurm_logs/rule_prokka/genCP031253.1.fna/11149687.log).

[Wed Apr  1 11:05:42 2026]
rule prokka:
    input: /home/zfears/Desktop/pcrProj/neisseria/strains/genCP174115.1.fna
    output: /home/zfears/Desktop/pcrProj/neisseria/prokka/genCP174115.1.fna.gff, /home/zfears/Desktop/pcrProj/neisseria/prokka/genCP174115.1.fna.ffn
    jobid: 200
    reason: Missing output files: /home/zfears/Desktop/pcrProj/neisseria/prokka/genCP174115.1.fna.gff
    wildcards: fna=genCP174115.1.fna
    resources: tmpdir=<TBD>, disk_mb=1000, disk=1 GB, disk_mib=954, mem_mb=1000, mem=1 GB, mem_mib=954, mem_mb_per_cpu=4000, runtime=15
Job 200 has been submitted with SLURM jobid 11149688 (log: /grphome/grp_Assembly/pcrScripts/snakemake/.snakemake/slurm_logs/rule_prokka/genCP174115.1.fna/11149688.log).

[Wed Apr  1 11:05:43 2026]
rule prokka:
    input: /home/zfears/Desktop/pcrProj/neisseria/strains/specCP016673.1.fna
    output: /home/zfears/Desktop/pcrProj/neisseria/prokka/specCP016673.1.fna.gff, /home/zfears/Desktop/pcrProj/neisseria/prokka/specCP016673.1.fna.ffn
    jobid: 260
    reason: Missing output files: /home/zfears/Desktop/pcrProj/neisseria/prokka/specCP016673.1.fna.gff
    wildcards: fna=specCP016673.1.fna
    resources: tmpdir=<TBD>, disk_mb=1000, disk=1 GB, disk_mib=954, mem_mb=1000, mem=1 GB, mem_mib=954, mem_mb_per_cpu=4000, runtime=15
Job 260 has been submitted with SLURM jobid 11149689 (log: /grphome/grp_Assembly/pcrScripts/snakemake/.snakemake/slurm_logs/rule_prokka/specCP016673.1.fna/11149689.log).

[Wed Apr  1 11:05:43 2026]
rule prokka:
    input: /home/zfears/Desktop/pcrProj/neisseria/strains/genCP174116.1.fna
    output: /home/zfears/Desktop/pcrProj/neisseria/prokka/genCP174116.1.fna.gff, /home/zfears/Desktop/pcrProj/neisseria/prokka/genCP174116.1.fna.ffn
    jobid: 201
    reason: Missing output files: /home/zfears/Desktop/pcrProj/neisseria/prokka/genCP174116.1.fna.gff
    wildcards: fna=genCP174116.1.fna
    resources: tmpdir=<TBD>, disk_mb=1000, disk=1 GB, disk_mib=954, mem_mb=1000, mem=1 GB, mem_mib=954, mem_mb_per_cpu=4000, runtime=15
Job 201 has been submitted with SLURM jobid 11149690 (log: /grphome/grp_Assembly/pcrScripts/snakemake/.snakemake/slurm_logs/rule_prokka/genCP174116.1.fna/11149690.log).

[Wed Apr  1 11:05:44 2026]
rule prokka:
    input: /home/zfears/Desktop/pcrProj/neisseria/strains/specCP016674.1.fna
    output: /home/zfears/Desktop/pcrProj/neisseria/prokka/specCP016674.1.fna.gff, /home/zfears/Desktop/pcrProj/neisseria/prokka/specCP016674.1.fna.ffn
    jobid: 261
    reason: Missing output files: /home/zfears/Desktop/pcrProj/neisseria/prokka/specCP016674.1.fna.gff
    wildcards: fna=specCP016674.1.fna
    resources: tmpdir=<TBD>, disk_mb=1000, disk=1 GB, disk_mib=954, mem_mb=1000, mem=1 GB, mem_mib=954, mem_mb_per_cpu=4000, runtime=15
Job 261 has been submitted with SLURM jobid 11149691 (log: /grphome/grp_Assembly/pcrScripts/snakemake/.snakemake/slurm_logs/rule_prokka/specCP016674.1.fna/11149691.log).

[Wed Apr  1 11:05:44 2026]
rule prokka:
    input: /home/zfears/Desktop/pcrProj/neisseria/strains/genCP031255.1.fna
    output: /home/zfears/Desktop/pcrProj/neisseria/prokka/genCP031255.1.fna.gff, /home/zfears/Desktop/pcrProj/neisseria/prokka/genCP031255.1.fna.ffn
    jobid: 21
    reason: Missing output files: /home/zfears/Desktop/pcrProj/neisseria/prokka/genCP031255.1.fna.gff
    wildcards: fna=genCP031255.1.fna
    resources: tmpdir=<TBD>, disk_mb=1000, disk=1 GB, disk_mib=954, mem_mb=1000, mem=1 GB, mem_mib=954, mem_mb_per_cpu=4000, runtime=15
Job 21 has been submitted with SLURM jobid 11149692 (log: /grphome/grp_Assembly/pcrScripts/snakemake/.snakemake/slurm_logs/rule_prokka/genCP031255.1.fna/11149692.log).

[Wed Apr  1 11:05:44 2026]
rule prokka:
    input: /home/zfears/Desktop/pcrProj/neisseria/strains/specCP016675.1.fna
    output: /home/zfears/Desktop/pcrProj/neisseria/prokka/specCP016675.1.fna.gff, /home/zfears/Desktop/pcrProj/neisseria/prokka/specCP016675.1.fna.ffn
    jobid: 262
    reason: Missing output files: /home/zfears/Desktop/pcrProj/neisseria/prokka/specCP016675.1.fna.gff
    wildcards: fna=specCP016675.1.fna
    resources: tmpdir=<TBD>, disk_mb=1000, disk=1 GB, disk_mib=954, mem_mb=1000, mem=1 GB, mem_mib=954, mem_mb_per_cpu=4000, runtime=15
Job 262 has been submitted with SLURM jobid 11149693 (log: /grphome/grp_Assembly/pcrScripts/snakemake/.snakemake/slurm_logs/rule_prokka/specCP016675.1.fna/11149693.log).

[Wed Apr  1 11:05:44 2026]
rule prokka:
    input: /home/zfears/Desktop/pcrProj/neisseria/strains/genCP174117.1.fna
    output: /home/zfears/Desktop/pcrProj/neisseria/prokka/genCP174117.1.fna.gff, /home/zfears/Desktop/pcrProj/neisseria/prokka/genCP174117.1.fna.ffn
    jobid: 202
    reason: Missing output files: /home/zfears/Desktop/pcrProj/neisseria/prokka/genCP174117.1.fna.gff
    wildcards: fna=genCP174117.1.fna
    resources: tmpdir=<TBD>, disk_mb=1000, disk=1 GB, disk_mib=954, mem_mb=1000, mem=1 GB, mem_mib=954, mem_mb_per_cpu=4000, runtime=15
Job 202 has been submitted with SLURM jobid 11149694 (log: /grphome/grp_Assembly/pcrScripts/snakemake/.snakemake/slurm_logs/rule_prokka/genCP174117.1.fna/11149694.log).

[Wed Apr  1 11:05:44 2026]
rule prokka:
    input: /home/zfears/Desktop/pcrProj/neisseria/strains/genCP031325.1.fna
    output: /home/zfears/Desktop/pcrProj/neisseria/prokka/genCP031325.1.fna.gff, /home/zfears/Desktop/pcrProj/neisseria/prokka/genCP031325.1.fna.ffn
    jobid: 22
    reason: Missing output files: /home/zfears/Desktop/pcrProj/neisseria/prokka/genCP031325.1.fna.gff
    wildcards: fna=genCP031325.1.fna
    resources: tmpdir=<TBD>, disk_mb=1000, disk=1 GB, disk_mib=954, mem_mb=1000, mem=1 GB, mem_mib=954, mem_mb_per_cpu=4000, runtime=15
Job 22 has been submitted with SLURM jobid 11149695 (log: /grphome/grp_Assembly/pcrScripts/snakemake/.snakemake/slurm_logs/rule_prokka/genCP031325.1.fna/11149695.log).

[Wed Apr  1 11:05:44 2026]
rule prokka:
    input: /home/zfears/Desktop/pcrProj/neisseria/strains/genCP032398.1.fna
    output: /home/zfears/Desktop/pcrProj/neisseria/prokka/genCP032398.1.fna.gff, /home/zfears/Desktop/pcrProj/neisseria/prokka/genCP032398.1.fna.ffn
    jobid: 23
    reason: Missing output files: /home/zfears/Desktop/pcrProj/neisseria/prokka/genCP032398.1.fna.gff
    wildcards: fna=genCP032398.1.fna
    resources: tmpdir=<TBD>, disk_mb=1000, disk=1 GB, disk_mib=954, mem_mb=1000, mem=1 GB, mem_mib=954, mem_mb_per_cpu=4000, runtime=15
Job 23 has been submitted with SLURM jobid 11149696 (log: /grphome/grp_Assembly/pcrScripts/snakemake/.snakemake/slurm_logs/rule_prokka/genCP032398.1.fna/11149696.log).

[Wed Apr  1 11:05:44 2026]
rule prokka:
    input: /home/zfears/Desktop/pcrProj/neisseria/strains/genCP174118.1.fna
    output: /home/zfears/Desktop/pcrProj/neisseria/prokka/genCP174118.1.fna.gff, /home/zfears/Desktop/pcrProj/neisseria/prokka/genCP174118.1.fna.ffn
    jobid: 203
    reason: Missing output files: /home/zfears/Desktop/pcrProj/neisseria/prokka/genCP174118.1.fna.gff
    wildcards: fna=genCP174118.1.fna
    resources: tmpdir=<TBD>, disk_mb=1000, disk=1 GB, disk_mib=954, mem_mb=1000, mem=1 GB, mem_mib=954, mem_mb_per_cpu=4000, runtime=15
Job 203 has been submitted with SLURM jobid 11149697 (log: /grphome/grp_Assembly/pcrScripts/snakemake/.snakemake/slurm_logs/rule_prokka/genCP174118.1.fna/11149697.log).

[Wed Apr  1 11:05:44 2026]
rule prokka:
    input: /home/zfears/Desktop/pcrProj/neisseria/strains/specCP016676.1.fna
    output: /home/zfears/Desktop/pcrProj/neisseria/prokka/specCP016676.1.fna.gff, /home/zfears/Desktop/pcrProj/neisseria/prokka/specCP016676.1.fna.ffn
    jobid: 263
    reason: Missing output files: /home/zfears/Desktop/pcrProj/neisseria/prokka/specCP016676.1.fna.gff
    wildcards: fna=specCP016676.1.fna
    resources: tmpdir=<TBD>, disk_mb=1000, disk=1 GB, disk_mib=954, mem_mb=1000, mem=1 GB, mem_mib=954, mem_mb_per_cpu=4000, runtime=15
Job 263 has been submitted with SLURM jobid 11149698 (log: /grphome/grp_Assembly/pcrScripts/snakemake/.snakemake/slurm_logs/rule_prokka/specCP016676.1.fna/11149698.log).

[Wed Apr  1 11:05:44 2026]
rule prokka:
    input: /home/zfears/Desktop/pcrProj/neisseria/strains/genCP032429.1.fna
    output: /home/zfears/Desktop/pcrProj/neisseria/prokka/genCP032429.1.fna.gff, /home/zfears/Desktop/pcrProj/neisseria/prokka/genCP032429.1.fna.ffn
    jobid: 24
    reason: Missing output files: /home/zfears/Desktop/pcrProj/neisseria/prokka/genCP032429.1.fna.gff
    wildcards: fna=genCP032429.1.fna
    resources: tmpdir=<TBD>, disk_mb=1000, disk=1 GB, disk_mib=954, mem_mb=1000, mem=1 GB, mem_mib=954, mem_mb_per_cpu=4000, runtime=15
Job 24 has been submitted with SLURM jobid 11149699 (log: /grphome/grp_Assembly/pcrScripts/snakemake/.snakemake/slurm_logs/rule_prokka/genCP032429.1.fna/11149699.log).

[Wed Apr  1 11:05:44 2026]
rule prokka:
    input: /home/zfears/Desktop/pcrProj/neisseria/strains/genCP181243.1.fna
    output: /home/zfears/Desktop/pcrProj/neisseria/prokka/genCP181243.1.fna.gff, /home/zfears/Desktop/pcrProj/neisseria/prokka/genCP181243.1.fna.ffn
    jobid: 204
    reason: Missing output files: /home/zfears/Desktop/pcrProj/neisseria/prokka/genCP181243.1.fna.gff
    wildcards: fna=genCP181243.1.fna
    resources: tmpdir=<TBD>, disk_mb=1000, disk=1 GB, disk_mib=954, mem_mb=1000, mem=1 GB, mem_mib=954, mem_mb_per_cpu=4000, runtime=15
Job 204 has been submitted with SLURM jobid 11149700 (log: /grphome/grp_Assembly/pcrScripts/snakemake/.snakemake/slurm_logs/rule_prokka/genCP181243.1.fna/11149700.log).

[Wed Apr  1 11:05:45 2026]
rule prokka:
    input: /home/zfears/Desktop/pcrProj/neisseria/strains/specCP016677.1.fna
    output: /home/zfears/Desktop/pcrProj/neisseria/prokka/specCP016677.1.fna.gff, /home/zfears/Desktop/pcrProj/neisseria/prokka/specCP016677.1.fna.ffn
    jobid: 264
    reason: Missing output files: /home/zfears/Desktop/pcrProj/neisseria/prokka/specCP016677.1.fna.gff
    wildcards: fna=specCP016677.1.fna
    resources: tmpdir=<TBD>, disk_mb=1000, disk=1 GB, disk_mib=954, mem_mb=1000, mem=1 GB, mem_mib=954, mem_mb_per_cpu=4000, runtime=15
Job 264 has been submitted with SLURM jobid 11149701 (log: /grphome/grp_Assembly/pcrScripts/snakemake/.snakemake/slurm_logs/rule_prokka/specCP016677.1.fna/11149701.log).

[Wed Apr  1 11:05:45 2026]
rule prokka:
    input: /home/zfears/Desktop/pcrProj/neisseria/strains/genCP034017.1.fna
    output: /home/zfears/Desktop/pcrProj/neisseria/prokka/genCP034017.1.fna.gff, /home/zfears/Desktop/pcrProj/neisseria/prokka/genCP034017.1.fna.ffn
    jobid: 25
    reason: Missing output files: /home/zfears/Desktop/pcrProj/neisseria/prokka/genCP034017.1.fna.gff
    wildcards: fna=genCP034017.1.fna
    resources: tmpdir=<TBD>, disk_mb=1000, disk=1 GB, disk_mib=954, mem_mb=1000, mem=1 GB, mem_mib=954, mem_mb_per_cpu=4000, runtime=15
Job 25 has been submitted with SLURM jobid 11149702 (log: /grphome/grp_Assembly/pcrScripts/snakemake/.snakemake/slurm_logs/rule_prokka/genCP034017.1.fna/11149702.log).

[Wed Apr  1 11:05:45 2026]
rule prokka:
    input: /home/zfears/Desktop/pcrProj/neisseria/strains/genCP181245.1.fna
    output: /home/zfears/Desktop/pcrProj/neisseria/prokka/genCP181245.1.fna.gff, /home/zfears/Desktop/pcrProj/neisseria/prokka/genCP181245.1.fna.ffn
    jobid: 205
    reason: Missing output files: /home/zfears/Desktop/pcrProj/neisseria/prokka/genCP181245.1.fna.gff
    wildcards: fna=genCP181245.1.fna
    resources: tmpdir=<TBD>, disk_mb=1000, disk=1 GB, disk_mib=954, mem_mb=1000, mem=1 GB, mem_mib=954, mem_mb_per_cpu=4000, runtime=15
Job 205 has been submitted with SLURM jobid 11149703 (log: /grphome/grp_Assembly/pcrScripts/snakemake/.snakemake/slurm_logs/rule_prokka/genCP181245.1.fna/11149703.log).

[Wed Apr  1 11:05:45 2026]
rule prokka:
    input: /home/zfears/Desktop/pcrProj/neisseria/strains/specCP016678.1.fna
    output: /home/zfears/Desktop/pcrProj/neisseria/prokka/specCP016678.1.fna.gff, /home/zfears/Desktop/pcrProj/neisseria/prokka/specCP016678.1.fna.ffn
    jobid: 265
    reason: Missing output files: /home/zfears/Desktop/pcrProj/neisseria/prokka/specCP016678.1.fna.gff
    wildcards: fna=specCP016678.1.fna
    resources: tmpdir=<TBD>, disk_mb=1000, disk=1 GB, disk_mib=954, mem_mb=1000, mem=1 GB, mem_mib=954, mem_mb_per_cpu=4000, runtime=15
Job 265 has been submitted with SLURM jobid 11149704 (log: /grphome/grp_Assembly/pcrScripts/snakemake/.snakemake/slurm_logs/rule_prokka/specCP016678.1.fna/11149704.log).

[Wed Apr  1 11:05:45 2026]
rule prokka:
    input: /home/zfears/Desktop/pcrProj/neisseria/strains/genCP034019.1.fna
    output: /home/zfears/Desktop/pcrProj/neisseria/prokka/genCP034019.1.fna.gff, /home/zfears/Desktop/pcrProj/neisseria/prokka/genCP034019.1.fna.ffn
    jobid: 26
    reason: Missing output files: /home/zfears/Desktop/pcrProj/neisseria/prokka/genCP034019.1.fna.gff
    wildcards: fna=genCP034019.1.fna
    resources: tmpdir=<TBD>, disk_mb=1000, disk=1 GB, disk_mib=954, mem_mb=1000, mem=1 GB, mem_mib=954, mem_mb_per_cpu=4000, runtime=15
Job 26 has been submitted with SLURM jobid 11149705 (log: /grphome/grp_Assembly/pcrScripts/snakemake/.snakemake/slurm_logs/rule_prokka/genCP034019.1.fna/11149705.log).

[Wed Apr  1 11:05:45 2026]
rule prokka:
    input: /home/zfears/Desktop/pcrProj/neisseria/strains/genLR134358.1.fna
    output: /home/zfears/Desktop/pcrProj/neisseria/prokka/genLR134358.1.fna.gff, /home/zfears/Desktop/pcrProj/neisseria/prokka/genLR134358.1.fna.ffn
    jobid: 206
    reason: Missing output files: /home/zfears/Desktop/pcrProj/neisseria/prokka/genLR134358.1.fna.gff
    wildcards: fna=genLR134358.1.fna
    resources: tmpdir=<TBD>, disk_mb=1000, disk=1 GB, disk_mib=954, mem_mb=1000, mem=1 GB, mem_mib=954, mem_mb_per_cpu=4000, runtime=15
Job 206 has been submitted with SLURM jobid 11149706 (log: /grphome/grp_Assembly/pcrScripts/snakemake/.snakemake/slurm_logs/rule_prokka/genLR134358.1.fna/11149706.log).

[Wed Apr  1 11:05:45 2026]
rule prokka:
    input: /home/zfears/Desktop/pcrProj/neisseria/strains/specCP016679.1.fna
    output: /home/zfears/Desktop/pcrProj/neisseria/prokka/specCP016679.1.fna.gff, /home/zfears/Desktop/pcrProj/neisseria/prokka/specCP016679.1.fna.ffn
    jobid: 266
    reason: Missing output files: /home/zfears/Desktop/pcrProj/neisseria/prokka/specCP016679.1.fna.gff
    wildcards: fna=specCP016679.1.fna
    resources: tmpdir=<TBD>, disk_mb=1000, disk=1 GB, disk_mib=954, mem_mb=1000, mem=1 GB, mem_mib=954, mem_mb_per_cpu=4000, runtime=15
Job 266 has been submitted with SLURM jobid 11149707 (log: /grphome/grp_Assembly/pcrScripts/snakemake/.snakemake/slurm_logs/rule_prokka/specCP016679.1.fna/11149707.log).

[Wed Apr  1 11:05:46 2026]
rule prokka:
    input: /home/zfears/Desktop/pcrProj/neisseria/strains/genLR134440.1.fna
    output: /home/zfears/Desktop/pcrProj/neisseria/prokka/genLR134440.1.fna.gff, /home/zfears/Desktop/pcrProj/neisseria/prokka/genLR134440.1.fna.ffn
    jobid: 207
    reason: Missing output files: /home/zfears/Desktop/pcrProj/neisseria/prokka/genLR134440.1.fna.gff
    wildcards: fna=genLR134440.1.fna
    resources: tmpdir=<TBD>, disk_mb=1000, disk=1 GB, disk_mib=954, mem_mb=1000, mem=1 GB, mem_mib=954, mem_mb_per_cpu=4000, runtime=15
Job 207 has been submitted with SLURM jobid 11149708 (log: /grphome/grp_Assembly/pcrScripts/snakemake/.snakemake/slurm_logs/rule_prokka/genLR134440.1.fna/11149708.log).

[Wed Apr  1 11:05:46 2026]
rule prokka:
    input: /home/zfears/Desktop/pcrProj/neisseria/strains/genCP034021.1.fna
    output: /home/zfears/Desktop/pcrProj/neisseria/prokka/genCP034021.1.fna.gff, /home/zfears/Desktop/pcrProj/neisseria/prokka/genCP034021.1.fna.ffn
    jobid: 27
    reason: Missing output files: /home/zfears/Desktop/pcrProj/neisseria/prokka/genCP034021.1.fna.gff
    wildcards: fna=genCP034021.1.fna
    resources: tmpdir=<TBD>, disk_mb=1000, disk=1 GB, disk_mib=954, mem_mb=1000, mem=1 GB, mem_mib=954, mem_mb_per_cpu=4000, runtime=15
Job 27 has been submitted with SLURM jobid 11149709 (log: /grphome/grp_Assembly/pcrScripts/snakemake/.snakemake/slurm_logs/rule_prokka/genCP034021.1.fna/11149709.log).

[Wed Apr  1 11:05:46 2026]
rule prokka:
    input: /home/zfears/Desktop/pcrProj/neisseria/strains/specCP016680.1.fna
    output: /home/zfears/Desktop/pcrProj/neisseria/prokka/specCP016680.1.fna.gff, /home/zfears/Desktop/pcrProj/neisseria/prokka/specCP016680.1.fna.ffn
    jobid: 267
    reason: Missing output files: /home/zfears/Desktop/pcrProj/neisseria/prokka/specCP016680.1.fna.gff
    wildcards: fna=specCP016680.1.fna
    resources: tmpdir=<TBD>, disk_mb=1000, disk=1 GB, disk_mib=954, mem_mb=1000, mem=1 GB, mem_mib=954, mem_mb_per_cpu=4000, runtime=15
Job 267 has been submitted with SLURM jobid 11149710 (log: /grphome/grp_Assembly/pcrScripts/snakemake/.snakemake/slurm_logs/rule_prokka/specCP016680.1.fna/11149710.log).

[Wed Apr  1 11:05:46 2026]
rule prokka:
    input: /home/zfears/Desktop/pcrProj/neisseria/strains/specCP016681.1.fna
    output: /home/zfears/Desktop/pcrProj/neisseria/prokka/specCP016681.1.fna.gff, /home/zfears/Desktop/pcrProj/neisseria/prokka/specCP016681.1.fna.ffn
    jobid: 268
    reason: Missing output files: /home/zfears/Desktop/pcrProj/neisseria/prokka/specCP016681.1.fna.gff
    wildcards: fna=specCP016681.1.fna
    resources: tmpdir=<TBD>, disk_mb=1000, disk=1 GB, disk_mib=954, mem_mb=1000, mem=1 GB, mem_mib=954, mem_mb_per_cpu=4000, runtime=15
Job 268 has been submitted with SLURM jobid 11149711 (log: /grphome/grp_Assembly/pcrScripts/snakemake/.snakemake/slurm_logs/rule_prokka/specCP016681.1.fna/11149711.log).

[Wed Apr  1 11:05:47 2026]
rule prokka:
    input: /home/zfears/Desktop/pcrProj/neisseria/strains/genCP034023.1.fna
    output: /home/zfears/Desktop/pcrProj/neisseria/prokka/genCP034023.1.fna.gff, /home/zfears/Desktop/pcrProj/neisseria/prokka/genCP034023.1.fna.ffn
    jobid: 28
    reason: Missing output files: /home/zfears/Desktop/pcrProj/neisseria/prokka/genCP034023.1.fna.gff
    wildcards: fna=genCP034023.1.fna
    resources: tmpdir=<TBD>, disk_mb=1000, disk=1 GB, disk_mib=954, mem_mb=1000, mem=1 GB, mem_mib=954, mem_mb_per_cpu=4000, runtime=15
Job 28 has been submitted with SLURM jobid 11149712 (log: /grphome/grp_Assembly/pcrScripts/snakemake/.snakemake/slurm_logs/rule_prokka/genCP034023.1.fna/11149712.log).

[Wed Apr  1 11:05:47 2026]
rule prokka:
    input: /home/zfears/Desktop/pcrProj/neisseria/strains/genLR134516.1.fna
    output: /home/zfears/Desktop/pcrProj/neisseria/prokka/genLR134516.1.fna.gff, /home/zfears/Desktop/pcrProj/neisseria/prokka/genLR134516.1.fna.ffn
    jobid: 208
    reason: Missing output files: /home/zfears/Desktop/pcrProj/neisseria/prokka/genLR134516.1.fna.gff
    wildcards: fna=genLR134516.1.fna
    resources: tmpdir=<TBD>, disk_mb=1000, disk=1 GB, disk_mib=954, mem_mb=1000, mem=1 GB, mem_mib=954, mem_mb_per_cpu=4000, runtime=15
Job 208 has been submitted with SLURM jobid 11149713 (log: /grphome/grp_Assembly/pcrScripts/snakemake/.snakemake/slurm_logs/rule_prokka/genLR134516.1.fna/11149713.log).

[Wed Apr  1 11:05:47 2026]
rule prokka:
    input: /home/zfears/Desktop/pcrProj/neisseria/strains/genLR134533.1.fna
    output: /home/zfears/Desktop/pcrProj/neisseria/prokka/genLR134533.1.fna.gff, /home/zfears/Desktop/pcrProj/neisseria/prokka/genLR134533.1.fna.ffn
    jobid: 209
    reason: Missing output files: /home/zfears/Desktop/pcrProj/neisseria/prokka/genLR134533.1.fna.gff
    wildcards: fna=genLR134533.1.fna
    resources: tmpdir=<TBD>, disk_mb=1000, disk=1 GB, disk_mib=954, mem_mb=1000, mem=1 GB, mem_mib=954, mem_mb_per_cpu=4000, runtime=15
Job 209 has been submitted with SLURM jobid 11149714 (log: /grphome/grp_Assembly/pcrScripts/snakemake/.snakemake/slurm_logs/rule_prokka/genLR134533.1.fna/11149714.log).

[Wed Apr  1 11:05:47 2026]
rule prokka:
    input: /home/zfears/Desktop/pcrProj/neisseria/strains/specCP016682.1.fna
    output: /home/zfears/Desktop/pcrProj/neisseria/prokka/specCP016682.1.fna.gff, /home/zfears/Desktop/pcrProj/neisseria/prokka/specCP016682.1.fna.ffn
    jobid: 269
    reason: Missing output files: /home/zfears/Desktop/pcrProj/neisseria/prokka/specCP016682.1.fna.gff
    wildcards: fna=specCP016682.1.fna
    resources: tmpdir=<TBD>, disk_mb=1000, disk=1 GB, disk_mib=954, mem_mb=1000, mem=1 GB, mem_mib=954, mem_mb_per_cpu=4000, runtime=15
Job 269 has been submitted with SLURM jobid 11149715 (log: /grphome/grp_Assembly/pcrScripts/snakemake/.snakemake/slurm_logs/rule_prokka/specCP016682.1.fna/11149715.log).

[Wed Apr  1 11:05:47 2026]
rule prokka:
    input: /home/zfears/Desktop/pcrProj/neisseria/strains/genCP034025.1.fna
    output: /home/zfears/Desktop/pcrProj/neisseria/prokka/genCP034025.1.fna.gff, /home/zfears/Desktop/pcrProj/neisseria/prokka/genCP034025.1.fna.ffn
    jobid: 29
    reason: Missing output files: /home/zfears/Desktop/pcrProj/neisseria/prokka/genCP034025.1.fna.gff
    wildcards: fna=genCP034025.1.fna
    resources: tmpdir=<TBD>, disk_mb=1000, disk=1 GB, disk_mib=954, mem_mb=1000, mem=1 GB, mem_mib=954, mem_mb_per_cpu=4000, runtime=15
Job 29 has been submitted with SLURM jobid 11149716 (log: /grphome/grp_Assembly/pcrScripts/snakemake/.snakemake/slurm_logs/rule_prokka/genCP034025.1.fna/11149716.log).

[Wed Apr  1 11:05:47 2026]
rule prokka:
    input: /home/zfears/Desktop/pcrProj/neisseria/strains/genCP034027.1.fna
    output: /home/zfears/Desktop/pcrProj/neisseria/prokka/genCP034027.1.fna.gff, /home/zfears/Desktop/pcrProj/neisseria/prokka/genCP034027.1.fna.ffn
    jobid: 30
    reason: Missing output files: /home/zfears/Desktop/pcrProj/neisseria/prokka/genCP034027.1.fna.gff
    wildcards: fna=genCP034027.1.fna
    resources: tmpdir=<TBD>, disk_mb=1000, disk=1 GB, disk_mib=954, mem_mb=1000, mem=1 GB, mem_mib=954, mem_mb_per_cpu=4000, runtime=15
Job 30 has been submitted with SLURM jobid 11149717 (log: /grphome/grp_Assembly/pcrScripts/snakemake/.snakemake/slurm_logs/rule_prokka/genCP034027.1.fna/11149717.log).

[Wed Apr  1 11:05:47 2026]
rule prokka:
    input: /home/zfears/Desktop/pcrProj/neisseria/strains/genLR590477.1.fna
    output: /home/zfears/Desktop/pcrProj/neisseria/prokka/genLR590477.1.fna.gff, /home/zfears/Desktop/pcrProj/neisseria/prokka/genLR590477.1.fna.ffn
    jobid: 210
    reason: Missing output files: /home/zfears/Desktop/pcrProj/neisseria/prokka/genLR590477.1.fna.gff
    wildcards: fna=genLR590477.1.fna
    resources: tmpdir=<TBD>, disk_mb=1000, disk=1 GB, disk_mib=954, mem_mb=1000, mem=1 GB, mem_mib=954, mem_mb_per_cpu=4000, runtime=15
Job 210 has been submitted with SLURM jobid 11149718 (log: /grphome/grp_Assembly/pcrScripts/snakemake/.snakemake/slurm_logs/rule_prokka/genLR590477.1.fna/11149718.log).

[Wed Apr  1 11:05:47 2026]
rule prokka:
    input: /home/zfears/Desktop/pcrProj/neisseria/strains/specCP016683.1.fna
    output: /home/zfears/Desktop/pcrProj/neisseria/prokka/specCP016683.1.fna.gff, /home/zfears/Desktop/pcrProj/neisseria/prokka/specCP016683.1.fna.ffn
    jobid: 270
    reason: Missing output files: /home/zfears/Desktop/pcrProj/neisseria/prokka/specCP016683.1.fna.gff
    wildcards: fna=specCP016683.1.fna
    resources: tmpdir=<TBD>, disk_mb=1000, disk=1 GB, disk_mib=954, mem_mb=1000, mem=1 GB, mem_mib=954, mem_mb_per_cpu=4000, runtime=15
Job 270 has been submitted with SLURM jobid 11149719 (log: /grphome/grp_Assembly/pcrScripts/snakemake/.snakemake/slurm_logs/rule_prokka/specCP016683.1.fna/11149719.log).

[Wed Apr  1 11:05:47 2026]
rule prokka:
    input: /home/zfears/Desktop/pcrProj/neisseria/strains/genCP034029.1.fna
    output: /home/zfears/Desktop/pcrProj/neisseria/prokka/genCP034029.1.fna.gff, /home/zfears/Desktop/pcrProj/neisseria/prokka/genCP034029.1.fna.ffn
    jobid: 31
    reason: Missing output files: /home/zfears/Desktop/pcrProj/neisseria/prokka/genCP034029.1.fna.gff
    wildcards: fna=genCP034029.1.fna
    resources: tmpdir=<TBD>, disk_mb=1000, disk=1 GB, disk_mib=954, mem_mb=1000, mem=1 GB, mem_mib=954, mem_mb_per_cpu=4000, runtime=15
Job 31 has been submitted with SLURM jobid 11149720 (log: /grphome/grp_Assembly/pcrScripts/snakemake/.snakemake/slurm_logs/rule_prokka/genCP034029.1.fna/11149720.log).

[Wed Apr  1 11:05:48 2026]
rule prokka:
    input: /home/zfears/Desktop/pcrProj/neisseria/strains/genLT906434.1.fna
    output: /home/zfears/Desktop/pcrProj/neisseria/prokka/genLT906434.1.fna.gff, /home/zfears/Desktop/pcrProj/neisseria/prokka/genLT906434.1.fna.ffn
    jobid: 211
    reason: Missing output files: /home/zfears/Desktop/pcrProj/neisseria/prokka/genLT906434.1.fna.gff
    wildcards: fna=genLT906434.1.fna
    resources: tmpdir=<TBD>, disk_mb=1000, disk=1 GB, disk_mib=954, mem_mb=1000, mem=1 GB, mem_mib=954, mem_mb_per_cpu=4000, runtime=15
Job 211 has been submitted with SLURM jobid 11149721 (log: /grphome/grp_Assembly/pcrScripts/snakemake/.snakemake/slurm_logs/rule_prokka/genLT906434.1.fna/11149721.log).

[Wed Apr  1 11:05:48 2026]
rule prokka:
    input: /home/zfears/Desktop/pcrProj/neisseria/strains/specCP016880.1.fna
    output: /home/zfears/Desktop/pcrProj/neisseria/prokka/specCP016880.1.fna.gff, /home/zfears/Desktop/pcrProj/neisseria/prokka/specCP016880.1.fna.ffn
    jobid: 271
    reason: Missing output files: /home/zfears/Desktop/pcrProj/neisseria/prokka/specCP016880.1.fna.gff
    wildcards: fna=specCP016880.1.fna
    resources: tmpdir=<TBD>, disk_mb=1000, disk=1 GB, disk_mib=954, mem_mb=1000, mem=1 GB, mem_mib=954, mem_mb_per_cpu=4000, runtime=15
Job 271 has been submitted with SLURM jobid 11149722 (log: /grphome/grp_Assembly/pcrScripts/snakemake/.snakemake/slurm_logs/rule_prokka/specCP016880.1.fna/11149722.log).

[Wed Apr  1 11:05:48 2026]
rule prokka:
    input: /home/zfears/Desktop/pcrProj/neisseria/strains/genCP034031.1.fna
    output: /home/zfears/Desktop/pcrProj/neisseria/prokka/genCP034031.1.fna.gff, /home/zfears/Desktop/pcrProj/neisseria/prokka/genCP034031.1.fna.ffn
    jobid: 32
    reason: Missing output files: /home/zfears/Desktop/pcrProj/neisseria/prokka/genCP034031.1.fna.gff
    wildcards: fna=genCP034031.1.fna
    resources: tmpdir=<TBD>, disk_mb=1000, disk=1 GB, disk_mib=954, mem_mb=1000, mem=1 GB, mem_mib=954, mem_mb_per_cpu=4000, runtime=15
Job 32 has been submitted with SLURM jobid 11149723 (log: /grphome/grp_Assembly/pcrScripts/snakemake/.snakemake/slurm_logs/rule_prokka/genCP034031.1.fna/11149723.log).

[Wed Apr  1 11:05:48 2026]
rule prokka:
    input: /home/zfears/Desktop/pcrProj/neisseria/strains/specCP016881.1.fna
    output: /home/zfears/Desktop/pcrProj/neisseria/prokka/specCP016881.1.fna.gff, /home/zfears/Desktop/pcrProj/neisseria/prokka/specCP016881.1.fna.ffn
    jobid: 272
    reason: Missing output files: /home/zfears/Desktop/pcrProj/neisseria/prokka/specCP016881.1.fna.gff
    wildcards: fna=specCP016881.1.fna
    resources: tmpdir=<TBD>, disk_mb=1000, disk=1 GB, disk_mib=954, mem_mb=1000, mem=1 GB, mem_mib=954, mem_mb_per_cpu=4000, runtime=15
Job 272 has been submitted with SLURM jobid 11149724 (log: /grphome/grp_Assembly/pcrScripts/snakemake/.snakemake/slurm_logs/rule_prokka/specCP016881.1.fna/11149724.log).

[Wed Apr  1 11:05:48 2026]
rule prokka:
    input: /home/zfears/Desktop/pcrProj/neisseria/strains/genOZ197910.1.fna
    output: /home/zfears/Desktop/pcrProj/neisseria/prokka/genOZ197910.1.fna.gff, /home/zfears/Desktop/pcrProj/neisseria/prokka/genOZ197910.1.fna.ffn
    jobid: 212
    reason: Missing output files: /home/zfears/Desktop/pcrProj/neisseria/prokka/genOZ197910.1.fna.gff
    wildcards: fna=genOZ197910.1.fna
    resources: tmpdir=<TBD>, disk_mb=1000, disk=1 GB, disk_mib=954, mem_mb=1000, mem=1 GB, mem_mib=954, mem_mb_per_cpu=4000, runtime=15
Job 212 has been submitted with SLURM jobid 11149725 (log: /grphome/grp_Assembly/pcrScripts/snakemake/.snakemake/slurm_logs/rule_prokka/genOZ197910.1.fna/11149725.log).

[Wed Apr  1 11:05:48 2026]
rule prokka:
    input: /home/zfears/Desktop/pcrProj/neisseria/strains/specCP016882.1.fna
    output: /home/zfears/Desktop/pcrProj/neisseria/prokka/specCP016882.1.fna.gff, /home/zfears/Desktop/pcrProj/neisseria/prokka/specCP016882.1.fna.ffn
    jobid: 273
    reason: Missing output files: /home/zfears/Desktop/pcrProj/neisseria/prokka/specCP016882.1.fna.gff
    wildcards: fna=specCP016882.1.fna
    resources: tmpdir=<TBD>, disk_mb=1000, disk=1 GB, disk_mib=954, mem_mb=1000, mem=1 GB, mem_mib=954, mem_mb_per_cpu=4000, runtime=15
Job 273 has been submitted with SLURM jobid 11149726 (log: /grphome/grp_Assembly/pcrScripts/snakemake/.snakemake/slurm_logs/rule_prokka/specCP016882.1.fna/11149726.log).

[Wed Apr  1 11:05:49 2026]
rule prokka:
    input: /home/zfears/Desktop/pcrProj/neisseria/strains/genCP034032.1.fna
    output: /home/zfears/Desktop/pcrProj/neisseria/prokka/genCP034032.1.fna.gff, /home/zfears/Desktop/pcrProj/neisseria/prokka/genCP034032.1.fna.ffn
    jobid: 33
    reason: Missing output files: /home/zfears/Desktop/pcrProj/neisseria/prokka/genCP034032.1.fna.gff
    wildcards: fna=genCP034032.1.fna
    resources: tmpdir=<TBD>, disk_mb=1000, disk=1 GB, disk_mib=954, mem_mb=1000, mem=1 GB, mem_mib=954, mem_mb_per_cpu=4000, runtime=15
Job 33 has been submitted with SLURM jobid 11149727 (log: /grphome/grp_Assembly/pcrScripts/snakemake/.snakemake/slurm_logs/rule_prokka/genCP034032.1.fna/11149727.log).

[Wed Apr  1 11:05:49 2026]
rule prokka:
    input: /home/zfears/Desktop/pcrProj/neisseria/strains/genOZ197914.1.fna
    output: /home/zfears/Desktop/pcrProj/neisseria/prokka/genOZ197914.1.fna.gff, /home/zfears/Desktop/pcrProj/neisseria/prokka/genOZ197914.1.fna.ffn
    jobid: 213
    reason: Missing output files: /home/zfears/Desktop/pcrProj/neisseria/prokka/genOZ197914.1.fna.gff
    wildcards: fna=genOZ197914.1.fna
    resources: tmpdir=<TBD>, disk_mb=1000, disk=1 GB, disk_mib=954, mem_mb=1000, mem=1 GB, mem_mib=954, mem_mb_per_cpu=4000, runtime=15
Job 213 has been submitted with SLURM jobid 11149728 (log: /grphome/grp_Assembly/pcrScripts/snakemake/.snakemake/slurm_logs/rule_prokka/genOZ197914.1.fna/11149728.log).

[Wed Apr  1 11:05:49 2026]
rule prokka:
    input: /home/zfears/Desktop/pcrProj/neisseria/strains/specAM421808.1.fna
    output: /home/zfears/Desktop/pcrProj/neisseria/prokka/specAM421808.1.fna.gff, /home/zfears/Desktop/pcrProj/neisseria/prokka/specAM421808.1.fna.ffn
    jobid: 214
    reason: Missing output files: /home/zfears/Desktop/pcrProj/neisseria/prokka/specAM421808.1.fna.gff
    wildcards: fna=specAM421808.1.fna
    resources: tmpdir=<TBD>, disk_mb=1000, disk=1 GB, disk_mib=954, mem_mb=1000, mem=1 GB, mem_mib=954, mem_mb_per_cpu=4000, runtime=15
Job 214 has been submitted with SLURM jobid 11149729 (log: /grphome/grp_Assembly/pcrScripts/snakemake/.snakemake/slurm_logs/rule_prokka/specAM421808.1.fna/11149729.log).

[Wed Apr  1 11:05:49 2026]
rule prokka:
    input: /home/zfears/Desktop/pcrProj/neisseria/strains/genCP040394.1.fna
    output: /home/zfears/Desktop/pcrProj/neisseria/prokka/genCP040394.1.fna.gff, /home/zfears/Desktop/pcrProj/neisseria/prokka/genCP040394.1.fna.ffn
    jobid: 34
    reason: Missing output files: /home/zfears/Desktop/pcrProj/neisseria/prokka/genCP040394.1.fna.gff
    wildcards: fna=genCP040394.1.fna
    resources: tmpdir=<TBD>, disk_mb=1000, disk=1 GB, disk_mib=954, mem_mb=1000, mem=1 GB, mem_mib=954, mem_mb_per_cpu=4000, runtime=15
Job 34 has been submitted with SLURM jobid 11149730 (log: /grphome/grp_Assembly/pcrScripts/snakemake/.snakemake/slurm_logs/rule_prokka/genCP040394.1.fna/11149730.log).

[Wed Apr  1 11:05:49 2026]
rule prokka:
    input: /home/zfears/Desktop/pcrProj/neisseria/strains/specCP016883.1.fna
    output: /home/zfears/Desktop/pcrProj/neisseria/prokka/specCP016883.1.fna.gff, /home/zfears/Desktop/pcrProj/neisseria/prokka/specCP016883.1.fna.ffn
    jobid: 274
    reason: Missing output files: /home/zfears/Desktop/pcrProj/neisseria/prokka/specCP016883.1.fna.gff
    wildcards: fna=specCP016883.1.fna
    resources: tmpdir=<TBD>, disk_mb=1000, disk=1 GB, disk_mib=954, mem_mb=1000, mem=1 GB, mem_mib=954, mem_mb_per_cpu=4000, runtime=15
Job 274 has been submitted with SLURM jobid 11149731 (log: /grphome/grp_Assembly/pcrScripts/snakemake/.snakemake/slurm_logs/rule_prokka/specCP016883.1.fna/11149731.log).

[Wed Apr  1 11:05:50 2026]
rule prokka:
    input: /home/zfears/Desktop/pcrProj/neisseria/strains/specCP016884.1.fna
    output: /home/zfears/Desktop/pcrProj/neisseria/prokka/specCP016884.1.fna.gff, /home/zfears/Desktop/pcrProj/neisseria/prokka/specCP016884.1.fna.ffn
    jobid: 275
    reason: Missing output files: /home/zfears/Desktop/pcrProj/neisseria/prokka/specCP016884.1.fna.gff
    wildcards: fna=specCP016884.1.fna
    resources: tmpdir=<TBD>, disk_mb=1000, disk=1 GB, disk_mib=954, mem_mb=1000, mem=1 GB, mem_mib=954, mem_mb_per_cpu=4000, runtime=15
Job 275 has been submitted with SLURM jobid 11149732 (log: /grphome/grp_Assembly/pcrScripts/snakemake/.snakemake/slurm_logs/rule_prokka/specCP016884.1.fna/11149732.log).

[Wed Apr  1 11:05:50 2026]
rule prokka:
    input: /home/zfears/Desktop/pcrProj/neisseria/strains/specAP028680.1.fna
    output: /home/zfears/Desktop/pcrProj/neisseria/prokka/specAP028680.1.fna.gff, /home/zfears/Desktop/pcrProj/neisseria/prokka/specAP028680.1.fna.ffn
    jobid: 215
    reason: Missing output files: /home/zfears/Desktop/pcrProj/neisseria/prokka/specAP028680.1.fna.gff
    wildcards: fna=specAP028680.1.fna
    resources: tmpdir=<TBD>, disk_mb=1000, disk=1 GB, disk_mib=954, mem_mb=1000, mem=1 GB, mem_mib=954, mem_mb_per_cpu=4000, runtime=15
Job 215 has been submitted with SLURM jobid 11149733 (log: /grphome/grp_Assembly/pcrScripts/snakemake/.snakemake/slurm_logs/rule_prokka/specAP028680.1.fna/11149733.log).

[Wed Apr  1 11:05:50 2026]
rule prokka:
    input: /home/zfears/Desktop/pcrProj/neisseria/strains/genCP040395.1.fna
    output: /home/zfears/Desktop/pcrProj/neisseria/prokka/genCP040395.1.fna.gff, /home/zfears/Desktop/pcrProj/neisseria/prokka/genCP040395.1.fna.ffn
    jobid: 35
    reason: Missing output files: /home/zfears/Desktop/pcrProj/neisseria/prokka/genCP040395.1.fna.gff
    wildcards: fna=genCP040395.1.fna
    resources: tmpdir=<TBD>, disk_mb=1000, disk=1 GB, disk_mib=954, mem_mb=1000, mem=1 GB, mem_mib=954, mem_mb_per_cpu=4000, runtime=15
Job 35 has been submitted with SLURM jobid 11149734 (log: /grphome/grp_Assembly/pcrScripts/snakemake/.snakemake/slurm_logs/rule_prokka/genCP040395.1.fna/11149734.log).

[Wed Apr  1 11:05:50 2026]
rule prokka:
    input: /home/zfears/Desktop/pcrProj/neisseria/strains/specAP028683.1.fna
    output: /home/zfears/Desktop/pcrProj/neisseria/prokka/specAP028683.1.fna.gff, /home/zfears/Desktop/pcrProj/neisseria/prokka/specAP028683.1.fna.ffn
    jobid: 216
    reason: Missing output files: /home/zfears/Desktop/pcrProj/neisseria/prokka/specAP028683.1.fna.gff
    wildcards: fna=specAP028683.1.fna
    resources: tmpdir=<TBD>, disk_mb=1000, disk=1 GB, disk_mib=954, mem_mb=1000, mem=1 GB, mem_mib=954, mem_mb_per_cpu=4000, runtime=15
Job 216 has been submitted with SLURM jobid 11149735 (log: /grphome/grp_Assembly/pcrScripts/snakemake/.snakemake/slurm_logs/rule_prokka/specAP028683.1.fna/11149735.log).

[Wed Apr  1 11:05:50 2026]
rule prokka:
    input: /home/zfears/Desktop/pcrProj/neisseria/strains/specCP016885.1.fna
    output: /home/zfears/Desktop/pcrProj/neisseria/prokka/specCP016885.1.fna.gff, /home/zfears/Desktop/pcrProj/neisseria/prokka/specCP016885.1.fna.ffn
    jobid: 276
    reason: Missing output files: /home/zfears/Desktop/pcrProj/neisseria/prokka/specCP016885.1.fna.gff
    wildcards: fna=specCP016885.1.fna
    resources: tmpdir=<TBD>, disk_mb=1000, disk=1 GB, disk_mib=954, mem_mb=1000, mem=1 GB, mem_mib=954, mem_mb_per_cpu=4000, runtime=15
Job 276 has been submitted with SLURM jobid 11149736 (log: /grphome/grp_Assembly/pcrScripts/snakemake/.snakemake/slurm_logs/rule_prokka/specCP016885.1.fna/11149736.log).

[Wed Apr  1 11:05:50 2026]
rule prokka:
    input: /home/zfears/Desktop/pcrProj/neisseria/strains/genCP041585.1.fna
    output: /home/zfears/Desktop/pcrProj/neisseria/prokka/genCP041585.1.fna.gff, /home/zfears/Desktop/pcrProj/neisseria/prokka/genCP041585.1.fna.ffn
    jobid: 36
    reason: Missing output files: /home/zfears/Desktop/pcrProj/neisseria/prokka/genCP041585.1.fna.gff
    wildcards: fna=genCP041585.1.fna
    resources: tmpdir=<TBD>, disk_mb=1000, disk=1 GB, disk_mib=954, mem_mb=1000, mem=1 GB, mem_mib=954, mem_mb_per_cpu=4000, runtime=15
Job 36 has been submitted with SLURM jobid 11149737 (log: /grphome/grp_Assembly/pcrScripts/snakemake/.snakemake/slurm_logs/rule_prokka/genCP041585.1.fna/11149737.log).

[Wed Apr  1 11:05:50 2026]
rule prokka:
    input: /home/zfears/Desktop/pcrProj/neisseria/strains/genCP041586.1.fna
    output: /home/zfears/Desktop/pcrProj/neisseria/prokka/genCP041586.1.fna.gff, /home/zfears/Desktop/pcrProj/neisseria/prokka/genCP041586.1.fna.ffn
    jobid: 37
    reason: Missing output files: /home/zfears/Desktop/pcrProj/neisseria/prokka/genCP041586.1.fna.gff
    wildcards: fna=genCP041586.1.fna
    resources: tmpdir=<TBD>, disk_mb=1000, disk=1 GB, disk_mib=954, mem_mb=1000, mem=1 GB, mem_mib=954, mem_mb_per_cpu=4000, runtime=15
Job 37 has been submitted with SLURM jobid 11149738 (log: /grphome/grp_Assembly/pcrScripts/snakemake/.snakemake/slurm_logs/rule_prokka/genCP041586.1.fna/11149738.log).

[Wed Apr  1 11:05:50 2026]
rule prokka:
    input: /home/zfears/Desktop/pcrProj/neisseria/strains/specCP006869.1.fna
    output: /home/zfears/Desktop/pcrProj/neisseria/prokka/specCP006869.1.fna.gff, /home/zfears/Desktop/pcrProj/neisseria/prokka/specCP006869.1.fna.ffn
    jobid: 217
    reason: Missing output files: /home/zfears/Desktop/pcrProj/neisseria/prokka/specCP006869.1.fna.gff
    wildcards: fna=specCP006869.1.fna
    resources: tmpdir=<TBD>, disk_mb=1000, disk=1 GB, disk_mib=954, mem_mb=1000, mem=1 GB, mem_mib=954, mem_mb_per_cpu=4000, runtime=15
Job 217 has been submitted with SLURM jobid 11149739 (log: /grphome/grp_Assembly/pcrScripts/snakemake/.snakemake/slurm_logs/rule_prokka/specCP006869.1.fna/11149739.log).

[Wed Apr  1 11:05:50 2026]
rule prokka:
    input: /home/zfears/Desktop/pcrProj/neisseria/strains/specCP016886.1.fna
    output: /home/zfears/Desktop/pcrProj/neisseria/prokka/specCP016886.1.fna.gff, /home/zfears/Desktop/pcrProj/neisseria/prokka/specCP016886.1.fna.ffn
    jobid: 277
    reason: Missing output files: /home/zfears/Desktop/pcrProj/neisseria/prokka/specCP016886.1.fna.gff
    wildcards: fna=specCP016886.1.fna
    resources: tmpdir=<TBD>, disk_mb=1000, disk=1 GB, disk_mib=954, mem_mb=1000, mem=1 GB, mem_mib=954, mem_mb_per_cpu=4000, runtime=15
Job 277 has been submitted with SLURM jobid 11149740 (log: /grphome/grp_Assembly/pcrScripts/snakemake/.snakemake/slurm_logs/rule_prokka/specCP016886.1.fna/11149740.log).

[Wed Apr  1 11:05:51 2026]
rule prokka:
    input: /home/zfears/Desktop/pcrProj/neisseria/strains/genCP043812.1.fna
    output: /home/zfears/Desktop/pcrProj/neisseria/prokka/genCP043812.1.fna.gff, /home/zfears/Desktop/pcrProj/neisseria/prokka/genCP043812.1.fna.ffn
    jobid: 38
    reason: Missing output files: /home/zfears/Desktop/pcrProj/neisseria/prokka/genCP043812.1.fna.gff
    wildcards: fna=genCP043812.1.fna
    resources: tmpdir=<TBD>, disk_mb=1000, disk=1 GB, disk_mib=954, mem_mb=1000, mem=1 GB, mem_mib=954, mem_mb_per_cpu=4000, runtime=15
Job 38 has been submitted with SLURM jobid 11149741 (log: /grphome/grp_Assembly/pcrScripts/snakemake/.snakemake/slurm_logs/rule_prokka/genCP043812.1.fna/11149741.log).

[Wed Apr  1 11:05:51 2026]
rule prokka:
    input: /home/zfears/Desktop/pcrProj/neisseria/strains/specCP007524.1.fna
    output: /home/zfears/Desktop/pcrProj/neisseria/prokka/specCP007524.1.fna.gff, /home/zfears/Desktop/pcrProj/neisseria/prokka/specCP007524.1.fna.ffn
    jobid: 218
    reason: Missing output files: /home/zfears/Desktop/pcrProj/neisseria/prokka/specCP007524.1.fna.gff
    wildcards: fna=specCP007524.1.fna
    resources: tmpdir=<TBD>, disk_mb=1000, disk=1 GB, disk_mib=954, mem_mb=1000, mem=1 GB, mem_mib=954, mem_mb_per_cpu=4000, runtime=15
Job 218 has been submitted with SLURM jobid 11149742 (log: /grphome/grp_Assembly/pcrScripts/snakemake/.snakemake/slurm_logs/rule_prokka/specCP007524.1.fna/11149742.log).

[Wed Apr  1 11:05:51 2026]
rule prokka:
    input: /home/zfears/Desktop/pcrProj/neisseria/strains/specCP017257.1.fna
    output: /home/zfears/Desktop/pcrProj/neisseria/prokka/specCP017257.1.fna.gff, /home/zfears/Desktop/pcrProj/neisseria/prokka/specCP017257.1.fna.ffn
    jobid: 278
    reason: Missing output files: /home/zfears/Desktop/pcrProj/neisseria/prokka/specCP017257.1.fna.gff
    wildcards: fna=specCP017257.1.fna
    resources: tmpdir=<TBD>, disk_mb=1000, disk=1 GB, disk_mib=954, mem_mb=1000, mem=1 GB, mem_mib=954, mem_mb_per_cpu=4000, runtime=15
Job 278 has been submitted with SLURM jobid 11149743 (log: /grphome/grp_Assembly/pcrScripts/snakemake/.snakemake/slurm_logs/rule_prokka/specCP017257.1.fna/11149743.log).

[Wed Apr  1 11:05:51 2026]
rule prokka:
    input: /home/zfears/Desktop/pcrProj/neisseria/strains/genCP043816.1.fna
    output: /home/zfears/Desktop/pcrProj/neisseria/prokka/genCP043816.1.fna.gff, /home/zfears/Desktop/pcrProj/neisseria/prokka/genCP043816.1.fna.ffn
    jobid: 39
    reason: Missing output files: /home/zfears/Desktop/pcrProj/neisseria/prokka/genCP043816.1.fna.gff
    wildcards: fna=genCP043816.1.fna
    resources: tmpdir=<TBD>, disk_mb=1000, disk=1 GB, disk_mib=954, mem_mb=1000, mem=1 GB, mem_mib=954, mem_mb_per_cpu=4000, runtime=15
Job 39 has been submitted with SLURM jobid 11149744 (log: /grphome/grp_Assembly/pcrScripts/snakemake/.snakemake/slurm_logs/rule_prokka/genCP043816.1.fna/11149744.log).

[Wed Apr  1 11:05:52 2026]
rule prokka:
    input: /home/zfears/Desktop/pcrProj/neisseria/strains/specCP009418.1.fna
    output: /home/zfears/Desktop/pcrProj/neisseria/prokka/specCP009418.1.fna.gff, /home/zfears/Desktop/pcrProj/neisseria/prokka/specCP009418.1.fna.ffn
    jobid: 219
    reason: Missing output files: /home/zfears/Desktop/pcrProj/neisseria/prokka/specCP009418.1.fna.gff
    wildcards: fna=specCP009418.1.fna
    resources: tmpdir=<TBD>, disk_mb=1000, disk=1 GB, disk_mib=954, mem_mb=1000, mem=1 GB, mem_mib=954, mem_mb_per_cpu=4000, runtime=15
Job 219 has been submitted with SLURM jobid 11149745 (log: /grphome/grp_Assembly/pcrScripts/snakemake/.snakemake/slurm_logs/rule_prokka/specCP009418.1.fna/11149745.log).

[Wed Apr  1 11:05:52 2026]
rule prokka:
    input: /home/zfears/Desktop/pcrProj/neisseria/strains/specCP018907.1.fna
    output: /home/zfears/Desktop/pcrProj/neisseria/prokka/specCP018907.1.fna.gff, /home/zfears/Desktop/pcrProj/neisseria/prokka/specCP018907.1.fna.ffn
    jobid: 279
    reason: Missing output files: /home/zfears/Desktop/pcrProj/neisseria/prokka/specCP018907.1.fna.gff
    wildcards: fna=specCP018907.1.fna
    resources: tmpdir=<TBD>, disk_mb=1000, disk=1 GB, disk_mib=954, mem_mb=1000, mem=1 GB, mem_mib=954, mem_mb_per_cpu=4000, runtime=15
Job 279 has been submitted with SLURM jobid 11149746 (log: /grphome/grp_Assembly/pcrScripts/snakemake/.snakemake/slurm_logs/rule_prokka/specCP018907.1.fna/11149746.log).

[Wed Apr  1 11:05:52 2026]
rule prokka:
    input: /home/zfears/Desktop/pcrProj/neisseria/strains/genCP043871.1.fna
    output: /home/zfears/Desktop/pcrProj/neisseria/prokka/genCP043871.1.fna.gff, /home/zfears/Desktop/pcrProj/neisseria/prokka/genCP043871.1.fna.ffn
    jobid: 40
    reason: Missing output files: /home/zfears/Desktop/pcrProj/neisseria/prokka/genCP043871.1.fna.gff
    wildcards: fna=genCP043871.1.fna
    resources: tmpdir=<TBD>, disk_mb=1000, disk=1 GB, disk_mib=954, mem_mb=1000, mem=1 GB, mem_mib=954, mem_mb_per_cpu=4000, runtime=15
Job 40 has been submitted with SLURM jobid 11149747 (log: /grphome/grp_Assembly/pcrScripts/snakemake/.snakemake/slurm_logs/rule_prokka/genCP043871.1.fna/11149747.log).

[Wed Apr  1 11:05:52 2026]
rule prokka:
    input: /home/zfears/Desktop/pcrProj/neisseria/strains/specCP009419.1.fna
    output: /home/zfears/Desktop/pcrProj/neisseria/prokka/specCP009419.1.fna.gff, /home/zfears/Desktop/pcrProj/neisseria/prokka/specCP009419.1.fna.ffn
    jobid: 220
    reason: Missing output files: /home/zfears/Desktop/pcrProj/neisseria/prokka/specCP009419.1.fna.gff
    wildcards: fna=specCP009419.1.fna
    resources: tmpdir=<TBD>, disk_mb=1000, disk=1 GB, disk_mib=954, mem_mb=1000, mem=1 GB, mem_mib=954, mem_mb_per_cpu=4000, runtime=15
Job 220 has been submitted with SLURM jobid 11149748 (log: /grphome/grp_Assembly/pcrScripts/snakemake/.snakemake/slurm_logs/rule_prokka/specCP009419.1.fna/11149748.log).

[Wed Apr  1 11:05:52 2026]
rule prokka:
    input: /home/zfears/Desktop/pcrProj/neisseria/strains/specCP020401.1.fna
    output: /home/zfears/Desktop/pcrProj/neisseria/prokka/specCP020401.1.fna.gff, /home/zfears/Desktop/pcrProj/neisseria/prokka/specCP020401.1.fna.ffn
    jobid: 280
    reason: Missing output files: /home/zfears/Desktop/pcrProj/neisseria/prokka/specCP020401.1.fna.gff
    wildcards: fna=specCP020401.1.fna
    resources: tmpdir=<TBD>, disk_mb=1000, disk=1 GB, disk_mib=954, mem_mb=1000, mem=1 GB, mem_mib=954, mem_mb_per_cpu=4000, runtime=15
Job 280 has been submitted with SLURM jobid 11149749 (log: /grphome/grp_Assembly/pcrScripts/snakemake/.snakemake/slurm_logs/rule_prokka/specCP020401.1.fna/11149749.log).

[Wed Apr  1 11:05:52 2026]
rule prokka:
    input: /home/zfears/Desktop/pcrProj/neisseria/strains/genCP045707.1.fna
    output: /home/zfears/Desktop/pcrProj/neisseria/prokka/genCP045707.1.fna.gff, /home/zfears/Desktop/pcrProj/neisseria/prokka/genCP045707.1.fna.ffn
    jobid: 41
    reason: Missing output files: /home/zfears/Desktop/pcrProj/neisseria/prokka/genCP045707.1.fna.gff
    wildcards: fna=genCP045707.1.fna
    resources: tmpdir=<TBD>, disk_mb=1000, disk=1 GB, disk_mib=954, mem_mb=1000, mem=1 GB, mem_mib=954, mem_mb_per_cpu=4000, runtime=15
Job 41 has been submitted with SLURM jobid 11149750 (log: /grphome/grp_Assembly/pcrScripts/snakemake/.snakemake/slurm_logs/rule_prokka/genCP045707.1.fna/11149750.log).

[Wed Apr  1 11:05:53 2026]
rule prokka:
    input: /home/zfears/Desktop/pcrProj/neisseria/strains/specCP009420.1.fna
    output: /home/zfears/Desktop/pcrProj/neisseria/prokka/specCP009420.1.fna.gff, /home/zfears/Desktop/pcrProj/neisseria/prokka/specCP009420.1.fna.ffn
    jobid: 221
    reason: Missing output files: /home/zfears/Desktop/pcrProj/neisseria/prokka/specCP009420.1.fna.gff
    wildcards: fna=specCP009420.1.fna
    resources: tmpdir=<TBD>, disk_mb=1000, disk=1 GB, disk_mib=954, mem_mb=1000, mem=1 GB, mem_mib=954, mem_mb_per_cpu=4000, runtime=15
Job 221 has been submitted with SLURM jobid 11149751 (log: /grphome/grp_Assembly/pcrScripts/snakemake/.snakemake/slurm_logs/rule_prokka/specCP009420.1.fna/11149751.log).

[Wed Apr  1 11:05:53 2026]
rule prokka:
    input: /home/zfears/Desktop/pcrProj/neisseria/strains/specCP020402.1.fna
    output: /home/zfears/Desktop/pcrProj/neisseria/prokka/specCP020402.1.fna.gff, /home/zfears/Desktop/pcrProj/neisseria/prokka/specCP020402.1.fna.ffn
    jobid: 281
    reason: Missing output files: /home/zfears/Desktop/pcrProj/neisseria/prokka/specCP020402.1.fna.gff
    wildcards: fna=specCP020402.1.fna
    resources: tmpdir=<TBD>, disk_mb=1000, disk=1 GB, disk_mib=954, mem_mb=1000, mem=1 GB, mem_mib=954, mem_mb_per_cpu=4000, runtime=15
Job 281 has been submitted with SLURM jobid 11149752 (log: /grphome/grp_Assembly/pcrScripts/snakemake/.snakemake/slurm_logs/rule_prokka/specCP020402.1.fna/11149752.log).
Select jobs to execute...
Execute 100 jobs...

[Wed Apr  1 11:05:54 2026]
rule prokka:
    input: /home/zfears/Desktop/pcrProj/neisseria/strains/genCP098536.1.fna
    output: /home/zfears/Desktop/pcrProj/neisseria/prokka/genCP098536.1.fna.gff, /home/zfears/Desktop/pcrProj/neisseria/prokka/genCP098536.1.fna.ffn
    jobid: 105
    reason: Missing output files: /home/zfears/Desktop/pcrProj/neisseria/prokka/genCP098536.1.fna.gff
    wildcards: fna=genCP098536.1.fna
    resources: tmpdir=<TBD>, disk_mb=1000, disk=1 GB, disk_mib=954, mem_mb=1000, mem=1 GB, mem_mib=954, mem_mb_per_cpu=4000, runtime=15
Job 105 has been submitted with SLURM jobid 11149753 (log: /grphome/grp_Assembly/pcrScripts/snakemake/.snakemake/slurm_logs/rule_prokka/genCP098536.1.fna/11149753.log).

[Wed Apr  1 11:05:55 2026]
rule prokka:
    input: /home/zfears/Desktop/pcrProj/neisseria/strains/specCP021517.1.fna
    output: /home/zfears/Desktop/pcrProj/neisseria/prokka/specCP021517.1.fna.gff, /home/zfears/Desktop/pcrProj/neisseria/prokka/specCP021517.1.fna.ffn
    jobid: 285
    reason: Missing output files: /home/zfears/Desktop/pcrProj/neisseria/prokka/specCP021517.1.fna.gff
    wildcards: fna=specCP021517.1.fna
    resources: tmpdir=<TBD>, disk_mb=1000, disk=1 GB, disk_mib=954, mem_mb=1000, mem=1 GB, mem_mib=954, mem_mb_per_cpu=4000, runtime=15
Job 285 has been submitted with SLURM jobid 11149754 (log: /grphome/grp_Assembly/pcrScripts/snakemake/.snakemake/slurm_logs/rule_prokka/specCP021517.1.fna/11149754.log).

[Wed Apr  1 11:05:55 2026]
rule prokka:
    input: /home/zfears/Desktop/pcrProj/neisseria/strains/specCP031330.1.fna
    output: /home/zfears/Desktop/pcrProj/neisseria/prokka/specCP031330.1.fna.gff, /home/zfears/Desktop/pcrProj/neisseria/prokka/specCP031330.1.fna.ffn
    jobid: 315
    reason: Missing output files: /home/zfears/Desktop/pcrProj/neisseria/prokka/specCP031330.1.fna.gff
    wildcards: fna=specCP031330.1.fna
    resources: tmpdir=<TBD>, disk_mb=1000, disk=1 GB, disk_mib=954, mem_mb=1000, mem=1 GB, mem_mib=954, mem_mb_per_cpu=4000, runtime=15
Job 315 has been submitted with SLURM jobid 11149755 (log: /grphome/grp_Assembly/pcrScripts/snakemake/.snakemake/slurm_logs/rule_prokka/specCP031330.1.fna/11149755.log).

[Wed Apr  1 11:05:55 2026]
rule prokka:
    input: /home/zfears/Desktop/pcrProj/neisseria/strains/specCP016668.1.fna
    output: /home/zfears/Desktop/pcrProj/neisseria/prokka/specCP016668.1.fna.gff, /home/zfears/Desktop/pcrProj/neisseria/prokka/specCP016668.1.fna.ffn
    jobid: 255
    reason: Missing output files: /home/zfears/Desktop/pcrProj/neisseria/prokka/specCP016668.1.fna.gff
    wildcards: fna=specCP016668.1.fna
    resources: tmpdir=<TBD>, disk_mb=1000, disk=1 GB, disk_mib=954, mem_mb=1000, mem=1 GB, mem_mib=954, mem_mb_per_cpu=4000, runtime=15
Job 255 has been submitted with SLURM jobid 11149756 (log: /grphome/grp_Assembly/pcrScripts/snakemake/.snakemake/slurm_logs/rule_prokka/specCP016668.1.fna/11149756.log).

[Wed Apr  1 11:05:55 2026]
rule prokka:
    input: /home/zfears/Desktop/pcrProj/neisseria/strains/genCP020419.1.fna
    output: /home/zfears/Desktop/pcrProj/neisseria/prokka/genCP020419.1.fna.gff, /home/zfears/Desktop/pcrProj/neisseria/prokka/genCP020419.1.fna.ffn
    jobid: 15
    reason: Missing output files: /home/zfears/Desktop/pcrProj/neisseria/prokka/genCP020419.1.fna.gff
    wildcards: fna=genCP020419.1.fna
    resources: tmpdir=<TBD>, disk_mb=1000, disk=1 GB, disk_mib=954, mem_mb=1000, mem=1 GB, mem_mib=954, mem_mb_per_cpu=4000, runtime=15
Job 15 has been submitted with SLURM jobid 11149757 (log: /grphome/grp_Assembly/pcrScripts/snakemake/.snakemake/slurm_logs/rule_prokka/genCP020419.1.fna/11149757.log).

[Wed Apr  1 11:05:55 2026]
rule prokka:
    input: /home/zfears/Desktop/pcrProj/neisseria/strains/genCP130892.1.fna
    output: /home/zfears/Desktop/pcrProj/neisseria/prokka/genCP130892.1.fna.gff, /home/zfears/Desktop/pcrProj/neisseria/prokka/genCP130892.1.fna.ffn
    jobid: 137
    reason: Missing output files: /home/zfears/Desktop/pcrProj/neisseria/prokka/genCP130892.1.fna.gff
    wildcards: fna=genCP130892.1.fna
    resources: tmpdir=<TBD>, disk_mb=1000, disk=1 GB, disk_mib=954, mem_mb=1000, mem=1 GB, mem_mib=954, mem_mb_per_cpu=4000, runtime=15
Job 137 has been submitted with SLURM jobid 11149758 (log: /grphome/grp_Assembly/pcrScripts/snakemake/.snakemake/slurm_logs/rule_prokka/genCP130892.1.fna/11149758.log).

[Wed Apr  1 11:05:55 2026]
rule prokka:
    input: /home/zfears/Desktop/pcrProj/neisseria/strains/genCP048254.1.fna
    output: /home/zfears/Desktop/pcrProj/neisseria/prokka/genCP048254.1.fna.gff, /home/zfears/Desktop/pcrProj/neisseria/prokka/genCP048254.1.fna.ffn
    jobid: 47
    reason: Missing output files: /home/zfears/Desktop/pcrProj/neisseria/prokka/genCP048254.1.fna.gff
    wildcards: fna=genCP048254.1.fna
    resources: tmpdir=<TBD>, disk_mb=1000, disk=1 GB, disk_mib=954, mem_mb=1000, mem=1 GB, mem_mib=954, mem_mb_per_cpu=4000, runtime=15
Job 47 has been submitted with SLURM jobid 11149759 (log: /grphome/grp_Assembly/pcrScripts/snakemake/.snakemake/slurm_logs/rule_prokka/genCP048254.1.fna/11149759.log).

[Wed Apr  1 11:05:56 2026]
rule prokka:
    input: /home/zfears/Desktop/pcrProj/neisseria/strains/specCP031332.1.fna
    output: /home/zfears/Desktop/pcrProj/neisseria/prokka/specCP031332.1.fna.gff, /home/zfears/Desktop/pcrProj/neisseria/prokka/specCP031332.1.fna.ffn
    jobid: 317
    reason: Missing output files: /home/zfears/Desktop/pcrProj/neisseria/prokka/specCP031332.1.fna.gff
    wildcards: fna=specCP031332.1.fna
    resources: tmpdir=<TBD>, disk_mb=1000, disk=1 GB, disk_mib=954, mem_mb=1000, mem=1 GB, mem_mib=954, mem_mb_per_cpu=4000, runtime=15
Job 317 has been submitted with SLURM jobid 11149760 (log: /grphome/grp_Assembly/pcrScripts/snakemake/.snakemake/slurm_logs/rule_prokka/specCP031332.1.fna/11149760.log).

[Wed Apr  1 11:05:56 2026]
rule prokka:
    input: /home/zfears/Desktop/pcrProj/neisseria/strains/genCP145032.1.fna
    output: /home/zfears/Desktop/pcrProj/neisseria/prokka/genCP145032.1.fna.gff, /home/zfears/Desktop/pcrProj/neisseria/prokka/genCP145032.1.fna.ffn
    jobid: 167
    reason: Missing output files: /home/zfears/Desktop/pcrProj/neisseria/prokka/genCP145032.1.fna.gff
    wildcards: fna=genCP145032.1.fna
    resources: tmpdir=<TBD>, disk_mb=1000, disk=1 GB, disk_mib=954, mem_mb=1000, mem=1 GB, mem_mib=954, mem_mb_per_cpu=4000, runtime=15
Job 167 has been submitted with SLURM jobid 11149761 (log: /grphome/grp_Assembly/pcrScripts/snakemake/.snakemake/slurm_logs/rule_prokka/genCP145032.1.fna/11149761.log).

[Wed Apr  1 11:05:56 2026]
rule prokka:
    input: /home/zfears/Desktop/pcrProj/neisseria/strains/specCP012394.1.fna
    output: /home/zfears/Desktop/pcrProj/neisseria/prokka/specCP012394.1.fna.gff, /home/zfears/Desktop/pcrProj/neisseria/prokka/specCP012394.1.fna.ffn
    jobid: 227
    reason: Missing output files: /home/zfears/Desktop/pcrProj/neisseria/prokka/specCP012394.1.fna.gff
    wildcards: fna=specCP012394.1.fna
    resources: tmpdir=<TBD>, disk_mb=1000, disk=1 GB, disk_mib=954, mem_mb=1000, mem=1 GB, mem_mib=954, mem_mb_per_cpu=4000, runtime=15
Job 227 has been submitted with SLURM jobid 11149762 (log: /grphome/grp_Assembly/pcrScripts/snakemake/.snakemake/slurm_logs/rule_prokka/specCP012394.1.fna/11149762.log).

[Wed Apr  1 11:05:56 2026]
rule prokka:
    input: /home/zfears/Desktop/pcrProj/neisseria/strains/genCP022527.1.fna
    output: /home/zfears/Desktop/pcrProj/neisseria/prokka/genCP022527.1.fna.gff, /home/zfears/Desktop/pcrProj/neisseria/prokka/genCP022527.1.fna.ffn
    jobid: 17
    reason: Missing output files: /home/zfears/Desktop/pcrProj/neisseria/prokka/genCP022527.1.fna.gff
    wildcards: fna=genCP022527.1.fna
    resources: tmpdir=<TBD>, disk_mb=1000, disk=1 GB, disk_mib=954, mem_mb=1000, mem=1 GB, mem_mib=954, mem_mb_per_cpu=4000, runtime=15
Job 17 has been submitted with SLURM jobid 11149763 (log: /grphome/grp_Assembly/pcrScripts/snakemake/.snakemake/slurm_logs/rule_prokka/genCP022527.1.fna/11149763.log).

[Wed Apr  1 11:05:56 2026]
rule prokka:
    input: /home/zfears/Desktop/pcrProj/neisseria/strains/genCP078113.1.fna
    output: /home/zfears/Desktop/pcrProj/neisseria/prokka/genCP078113.1.fna.gff, /home/zfears/Desktop/pcrProj/neisseria/prokka/genCP078113.1.fna.ffn
    jobid: 78
    reason: Missing output files: /home/zfears/Desktop/pcrProj/neisseria/prokka/genCP078113.1.fna.gff
    wildcards: fna=genCP078113.1.fna
    resources: tmpdir=<TBD>, disk_mb=1000, disk=1 GB, disk_mib=954, mem_mb=1000, mem=1 GB, mem_mib=954, mem_mb_per_cpu=4000, runtime=15
Job 78 has been submitted with SLURM jobid 11149764 (log: /grphome/grp_Assembly/pcrScripts/snakemake/.snakemake/slurm_logs/rule_prokka/genCP078113.1.fna/11149764.log).

[Wed Apr  1 11:05:56 2026]
rule prokka:
    input: /home/zfears/Desktop/pcrProj/neisseria/strains/genCP130893.1.fna
    output: /home/zfears/Desktop/pcrProj/neisseria/prokka/genCP130893.1.fna.gff, /home/zfears/Desktop/pcrProj/neisseria/prokka/genCP130893.1.fna.ffn
    jobid: 138
    reason: Missing output files: /home/zfears/Desktop/pcrProj/neisseria/prokka/genCP130893.1.fna.gff
    wildcards: fna=genCP130893.1.fna
    resources: tmpdir=<TBD>, disk_mb=1000, disk=1 GB, disk_mib=954, mem_mb=1000, mem=1 GB, mem_mib=954, mem_mb_per_cpu=4000, runtime=15
Job 138 has been submitted with SLURM jobid 11149765 (log: /grphome/grp_Assembly/pcrScripts/snakemake/.snakemake/slurm_logs/rule_prokka/genCP130893.1.fna/11149765.log).

[Wed Apr  1 11:05:56 2026]
rule prokka:
    input: /home/zfears/Desktop/pcrProj/neisseria/strains/genCP098542.1.fna
    output: /home/zfears/Desktop/pcrProj/neisseria/prokka/genCP098542.1.fna.gff, /home/zfears/Desktop/pcrProj/neisseria/prokka/genCP098542.1.fna.ffn
    jobid: 108
    reason: Missing output files: /home/zfears/Desktop/pcrProj/neisseria/prokka/genCP098542.1.fna.gff
    wildcards: fna=genCP098542.1.fna
    resources: tmpdir=<TBD>, disk_mb=1000, disk=1 GB, disk_mib=954, mem_mb=1000, mem=1 GB, mem_mib=954, mem_mb_per_cpu=4000, runtime=15
Job 108 has been submitted with SLURM jobid 11149766 (log: /grphome/grp_Assembly/pcrScripts/snakemake/.snakemake/slurm_logs/rule_prokka/genCP098542.1.fna/11149766.log).

[Wed Apr  1 11:05:56 2026]
rule prokka:
    input: /home/zfears/Desktop/pcrProj/neisseria/strains/specCP021520.1.fna
    output: /home/zfears/Desktop/pcrProj/neisseria/prokka/specCP021520.1.fna.gff, /home/zfears/Desktop/pcrProj/neisseria/prokka/specCP021520.1.fna.ffn
    jobid: 288
    reason: Missing output files: /home/zfears/Desktop/pcrProj/neisseria/prokka/specCP021520.1.fna.gff
    wildcards: fna=specCP021520.1.fna
    resources: tmpdir=<TBD>, disk_mb=1000, disk=1 GB, disk_mib=954, mem_mb=1000, mem=1 GB, mem_mib=954, mem_mb_per_cpu=4000, runtime=15
Job 288 has been submitted with SLURM jobid 11149767 (log: /grphome/grp_Assembly/pcrScripts/snakemake/.snakemake/slurm_logs/rule_prokka/specCP021520.1.fna/11149767.log).

[Wed Apr  1 11:05:56 2026]
rule prokka:
    input: /home/zfears/Desktop/pcrProj/neisseria/strains/genCP048893.1.fna
    output: /home/zfears/Desktop/pcrProj/neisseria/prokka/genCP048893.1.fna.gff, /home/zfears/Desktop/pcrProj/neisseria/prokka/genCP048893.1.fna.ffn
    jobid: 48
    reason: Missing output files: /home/zfears/Desktop/pcrProj/neisseria/prokka/genCP048893.1.fna.gff
    wildcards: fna=genCP048893.1.fna
    resources: tmpdir=<TBD>, disk_mb=1000, disk=1 GB, disk_mib=954, mem_mb=1000, mem=1 GB, mem_mib=954, mem_mb_per_cpu=4000, runtime=15
Job 48 has been submitted with SLURM jobid 11149768 (log: /grphome/grp_Assembly/pcrScripts/snakemake/.snakemake/slurm_logs/rule_prokka/genCP048893.1.fna/11149768.log).

[Wed Apr  1 11:05:56 2026]
rule prokka:
    input: /home/zfears/Desktop/pcrProj/neisseria/strains/specCP031333.1.fna
    output: /home/zfears/Desktop/pcrProj/neisseria/prokka/specCP031333.1.fna.gff, /home/zfears/Desktop/pcrProj/neisseria/prokka/specCP031333.1.fna.ffn
    jobid: 318
    reason: Missing output files: /home/zfears/Desktop/pcrProj/neisseria/prokka/specCP031333.1.fna.gff
    wildcards: fna=specCP031333.1.fna
    resources: tmpdir=<TBD>, disk_mb=1000, disk=1 GB, disk_mib=954, mem_mb=1000, mem=1 GB, mem_mib=954, mem_mb_per_cpu=4000, runtime=15
Job 318 has been submitted with SLURM jobid 11149769 (log: /grphome/grp_Assembly/pcrScripts/snakemake/.snakemake/slurm_logs/rule_prokka/specCP031333.1.fna/11149769.log).

[Wed Apr  1 11:05:57 2026]
rule prokka:
    input: /home/zfears/Desktop/pcrProj/neisseria/strains/genCP145035.1.fna
    output: /home/zfears/Desktop/pcrProj/neisseria/prokka/genCP145035.1.fna.gff, /home/zfears/Desktop/pcrProj/neisseria/prokka/genCP145035.1.fna.ffn
    jobid: 168
    reason: Missing output files: /home/zfears/Desktop/pcrProj/neisseria/prokka/genCP145035.1.fna.gff
    wildcards: fna=genCP145035.1.fna
    resources: tmpdir=<TBD>, disk_mb=1000, disk=1 GB, disk_mib=954, mem_mb=1000, mem=1 GB, mem_mib=954, mem_mb_per_cpu=4000, runtime=15
Job 168 has been submitted with SLURM jobid 11149770 (log: /grphome/grp_Assembly/pcrScripts/snakemake/.snakemake/slurm_logs/rule_prokka/genCP145035.1.fna/11149770.log).

[Wed Apr  1 11:05:57 2026]
rule prokka:
    input: /home/zfears/Desktop/pcrProj/neisseria/strains/specCP012694.1.fna
    output: /home/zfears/Desktop/pcrProj/neisseria/prokka/specCP012694.1.fna.gff, /home/zfears/Desktop/pcrProj/neisseria/prokka/specCP012694.1.fna.ffn
    jobid: 228
    reason: Missing output files: /home/zfears/Desktop/pcrProj/neisseria/prokka/specCP012694.1.fna.gff
    wildcards: fna=specCP012694.1.fna
    resources: tmpdir=<TBD>, disk_mb=1000, disk=1 GB, disk_mib=954, mem_mb=1000, mem=1 GB, mem_mib=954, mem_mb_per_cpu=4000, runtime=15
Job 228 has been submitted with SLURM jobid 11149771 (log: /grphome/grp_Assembly/pcrScripts/snakemake/.snakemake/slurm_logs/rule_prokka/specCP012694.1.fna/11149771.log).

[Wed Apr  1 11:05:57 2026]
rule prokka:
    input: /home/zfears/Desktop/pcrProj/neisseria/strains/genCP174110.1.fna
    output: /home/zfears/Desktop/pcrProj/neisseria/prokka/genCP174110.1.fna.gff, /home/zfears/Desktop/pcrProj/neisseria/prokka/genCP174110.1.fna.ffn
    jobid: 195
    reason: Missing output files: /home/zfears/Desktop/pcrProj/neisseria/prokka/genCP174110.1.fna.gff
    wildcards: fna=genCP174110.1.fna
    resources: tmpdir=<TBD>, disk_mb=1000, disk=1 GB, disk_mib=954, mem_mb=1000, mem=1 GB, mem_mib=954, mem_mb_per_cpu=4000, runtime=15
Job 195 has been submitted with SLURM jobid 11149772 (log: /grphome/grp_Assembly/pcrScripts/snakemake/.snakemake/slurm_logs/rule_prokka/genCP174110.1.fna/11149772.log).

[Wed Apr  1 11:05:58 2026]
rule prokka:
    input: /home/zfears/Desktop/pcrProj/neisseria/strains/genCP078114.1.fna
    output: /home/zfears/Desktop/pcrProj/neisseria/prokka/genCP078114.1.fna.gff, /home/zfears/Desktop/pcrProj/neisseria/prokka/genCP078114.1.fna.ffn
    jobid: 79
    reason: Missing output files: /home/zfears/Desktop/pcrProj/neisseria/prokka/genCP078114.1.fna.gff
    wildcards: fna=genCP078114.1.fna
    resources: tmpdir=<TBD>, disk_mb=1000, disk=1 GB, disk_mib=954, mem_mb=1000, mem=1 GB, mem_mib=954, mem_mb_per_cpu=4000, runtime=15
Job 79 has been submitted with SLURM jobid 11149773 (log: /grphome/grp_Assembly/pcrScripts/snakemake/.snakemake/slurm_logs/rule_prokka/genCP078114.1.fna/11149773.log).

[Wed Apr  1 11:05:58 2026]
rule prokka:
    input: /home/zfears/Desktop/pcrProj/neisseria/strains/genCP130894.1.fna
    output: /home/zfears/Desktop/pcrProj/neisseria/prokka/genCP130894.1.fna.gff, /home/zfears/Desktop/pcrProj/neisseria/prokka/genCP130894.1.fna.ffn
    jobid: 139
    reason: Missing output files: /home/zfears/Desktop/pcrProj/neisseria/prokka/genCP130894.1.fna.gff
    wildcards: fna=genCP130894.1.fna
    resources: tmpdir=<TBD>, disk_mb=1000, disk=1 GB, disk_mib=954, mem_mb=1000, mem=1 GB, mem_mib=954, mem_mb_per_cpu=4000, runtime=15
Job 139 has been submitted with SLURM jobid 11149774 (log: /grphome/grp_Assembly/pcrScripts/snakemake/.snakemake/slurm_logs/rule_prokka/genCP130894.1.fna/11149774.log).

[Wed Apr  1 11:05:58 2026]
rule prokka:
    input: /home/zfears/Desktop/pcrProj/neisseria/strains/genCP048896.1.fna
    output: /home/zfears/Desktop/pcrProj/neisseria/prokka/genCP048896.1.fna.gff, /home/zfears/Desktop/pcrProj/neisseria/prokka/genCP048896.1.fna.ffn
    jobid: 49
    reason: Missing output files: /home/zfears/Desktop/pcrProj/neisseria/prokka/genCP048896.1.fna.gff
    wildcards: fna=genCP048896.1.fna
    resources: tmpdir=<TBD>, disk_mb=1000, disk=1 GB, disk_mib=954, mem_mb=1000, mem=1 GB, mem_mib=954, mem_mb_per_cpu=4000, runtime=15
Job 49 has been submitted with SLURM jobid 11149775 (log: /grphome/grp_Assembly/pcrScripts/snakemake/.snakemake/slurm_logs/rule_prokka/genCP048896.1.fna/11149775.log).

[Wed Apr  1 11:05:58 2026]
rule prokka:
    input: /home/zfears/Desktop/pcrProj/neisseria/strains/genCP098544.1.fna
    output: /home/zfears/Desktop/pcrProj/neisseria/prokka/genCP098544.1.fna.gff, /home/zfears/Desktop/pcrProj/neisseria/prokka/genCP098544.1.fna.ffn
    jobid: 109
    reason: Missing output files: /home/zfears/Desktop/pcrProj/neisseria/prokka/genCP098544.1.fna.gff
    wildcards: fna=genCP098544.1.fna
    resources: tmpdir=<TBD>, disk_mb=1000, disk=1 GB, disk_mib=954, mem_mb=1000, mem=1 GB, mem_mib=954, mem_mb_per_cpu=4000, runtime=15
Job 109 has been submitted with SLURM jobid 11149776 (log: /grphome/grp_Assembly/pcrScripts/snakemake/.snakemake/slurm_logs/rule_prokka/genCP098544.1.fna/11149776.log).

[Wed Apr  1 11:05:58 2026]
rule prokka:
    input: /home/zfears/Desktop/pcrProj/neisseria/strains/specCP021521.1.fna
    output: /home/zfears/Desktop/pcrProj/neisseria/prokka/specCP021521.1.fna.gff, /home/zfears/Desktop/pcrProj/neisseria/prokka/specCP021521.1.fna.ffn
    jobid: 289
    reason: Missing output files: /home/zfears/Desktop/pcrProj/neisseria/prokka/specCP021521.1.fna.gff
    wildcards: fna=specCP021521.1.fna
    resources: tmpdir=<TBD>, disk_mb=1000, disk=1 GB, disk_mib=954, mem_mb=1000, mem=1 GB, mem_mib=954, mem_mb_per_cpu=4000, runtime=15
Job 289 has been submitted with SLURM jobid 11149777 (log: /grphome/grp_Assembly/pcrScripts/snakemake/.snakemake/slurm_logs/rule_prokka/specCP021521.1.fna/11149777.log).

[Wed Apr  1 11:05:58 2026]
rule prokka:
    input: /home/zfears/Desktop/pcrProj/neisseria/strains/specCP031334.1.fna
    output: /home/zfears/Desktop/pcrProj/neisseria/prokka/specCP031334.1.fna.gff, /home/zfears/Desktop/pcrProj/neisseria/prokka/specCP031334.1.fna.ffn
    jobid: 319
    reason: Missing output files: /home/zfears/Desktop/pcrProj/neisseria/prokka/specCP031334.1.fna.gff
    wildcards: fna=specCP031334.1.fna
    resources: tmpdir=<TBD>, disk_mb=1000, disk=1 GB, disk_mib=954, mem_mb=1000, mem=1 GB, mem_mib=954, mem_mb_per_cpu=4000, runtime=15
Job 319 has been submitted with SLURM jobid 11149778 (log: /grphome/grp_Assembly/pcrScripts/snakemake/.snakemake/slurm_logs/rule_prokka/specCP031334.1.fna/11149778.log).

[Wed Apr  1 11:05:58 2026]
rule prokka:
    input: /home/zfears/Desktop/pcrProj/neisseria/strains/genCP145037.1.fna
    output: /home/zfears/Desktop/pcrProj/neisseria/prokka/genCP145037.1.fna.gff, /home/zfears/Desktop/pcrProj/neisseria/prokka/genCP145037.1.fna.ffn
    jobid: 169
    reason: Missing output files: /home/zfears/Desktop/pcrProj/neisseria/prokka/genCP145037.1.fna.gff
    wildcards: fna=genCP145037.1.fna
    resources: tmpdir=<TBD>, disk_mb=1000, disk=1 GB, disk_mib=954, mem_mb=1000, mem=1 GB, mem_mib=954, mem_mb_per_cpu=4000, runtime=15
Job 169 has been submitted with SLURM jobid 11149779 (log: /grphome/grp_Assembly/pcrScripts/snakemake/.snakemake/slurm_logs/rule_prokka/genCP145037.1.fna/11149779.log).

[Wed Apr  1 11:05:58 2026]
rule prokka:
    input: /home/zfears/Desktop/pcrProj/neisseria/strains/specCP015886.1.fna
    output: /home/zfears/Desktop/pcrProj/neisseria/prokka/specCP015886.1.fna.gff, /home/zfears/Desktop/pcrProj/neisseria/prokka/specCP015886.1.fna.ffn
    jobid: 229
    reason: Missing output files: /home/zfears/Desktop/pcrProj/neisseria/prokka/specCP015886.1.fna.gff
    wildcards: fna=specCP015886.1.fna
    resources: tmpdir=<TBD>, disk_mb=1000, disk=1 GB, disk_mib=954, mem_mb=1000, mem=1 GB, mem_mib=954, mem_mb_per_cpu=4000, runtime=15
Job 229 has been submitted with SLURM jobid 11149780 (log: /grphome/grp_Assembly/pcrScripts/snakemake/.snakemake/slurm_logs/rule_prokka/specCP015886.1.fna/11149780.log).

[Wed Apr  1 11:05:59 2026]
rule prokka:
    input: /home/zfears/Desktop/pcrProj/neisseria/strains/genCP078115.1.fna
    output: /home/zfears/Desktop/pcrProj/neisseria/prokka/genCP078115.1.fna.gff, /home/zfears/Desktop/pcrProj/neisseria/prokka/genCP078115.1.fna.ffn
    jobid: 80
    reason: Missing output files: /home/zfears/Desktop/pcrProj/neisseria/prokka/genCP078115.1.fna.gff
    wildcards: fna=genCP078115.1.fna
    resources: tmpdir=<TBD>, disk_mb=1000, disk=1 GB, disk_mib=954, mem_mb=1000, mem=1 GB, mem_mib=954, mem_mb_per_cpu=4000, runtime=15
Job 80 has been submitted with SLURM jobid 11149781 (log: /grphome/grp_Assembly/pcrScripts/snakemake/.snakemake/slurm_logs/rule_prokka/genCP078115.1.fna/11149781.log).

[Wed Apr  1 11:05:59 2026]
rule prokka:
    input: /home/zfears/Desktop/pcrProj/neisseria/strains/genCP130895.1.fna
    output: /home/zfears/Desktop/pcrProj/neisseria/prokka/genCP130895.1.fna.gff, /home/zfears/Desktop/pcrProj/neisseria/prokka/genCP130895.1.fna.ffn
    jobid: 140
    reason: Missing output files: /home/zfears/Desktop/pcrProj/neisseria/prokka/genCP130895.1.fna.gff
    wildcards: fna=genCP130895.1.fna
    resources: tmpdir=<TBD>, disk_mb=1000, disk=1 GB, disk_mib=954, mem_mb=1000, mem=1 GB, mem_mib=954, mem_mb_per_cpu=4000, runtime=15
Job 140 has been submitted with SLURM jobid 11149782 (log: /grphome/grp_Assembly/pcrScripts/snakemake/.snakemake/slurm_logs/rule_prokka/genCP130895.1.fna/11149782.log).

[Wed Apr  1 11:05:59 2026]
rule prokka:
    input: /home/zfears/Desktop/pcrProj/neisseria/strains/specCP021522.1.fna
    output: /home/zfears/Desktop/pcrProj/neisseria/prokka/specCP021522.1.fna.gff, /home/zfears/Desktop/pcrProj/neisseria/prokka/specCP021522.1.fna.ffn
    jobid: 290
    reason: Missing output files: /home/zfears/Desktop/pcrProj/neisseria/prokka/specCP021522.1.fna.gff
    wildcards: fna=specCP021522.1.fna
    resources: tmpdir=<TBD>, disk_mb=1000, disk=1 GB, disk_mib=954, mem_mb=1000, mem=1 GB, mem_mib=954, mem_mb_per_cpu=4000, runtime=15
Job 290 has been submitted with SLURM jobid 11149783 (log: /grphome/grp_Assembly/pcrScripts/snakemake/.snakemake/slurm_logs/rule_prokka/specCP021522.1.fna/11149783.log).

[Wed Apr  1 11:05:59 2026]
rule prokka:
    input: /home/zfears/Desktop/pcrProj/neisseria/strains/genCP098546.1.fna
    output: /home/zfears/Desktop/pcrProj/neisseria/prokka/genCP098546.1.fna.gff, /home/zfears/Desktop/pcrProj/neisseria/prokka/genCP098546.1.fna.ffn
    jobid: 110
    reason: Missing output files: /home/zfears/Desktop/pcrProj/neisseria/prokka/genCP098546.1.fna.gff
    wildcards: fna=genCP098546.1.fna
    resources: tmpdir=<TBD>, disk_mb=1000, disk=1 GB, disk_mib=954, mem_mb=1000, mem=1 GB, mem_mib=954, mem_mb_per_cpu=4000, runtime=15
Job 110 has been submitted with SLURM jobid 11149784 (log: /grphome/grp_Assembly/pcrScripts/snakemake/.snakemake/slurm_logs/rule_prokka/genCP098546.1.fna/11149784.log).

[Wed Apr  1 11:05:59 2026]
rule prokka:
    input: /home/zfears/Desktop/pcrProj/neisseria/strains/genCP048899.1.fna
    output: /home/zfears/Desktop/pcrProj/neisseria/prokka/genCP048899.1.fna.gff, /home/zfears/Desktop/pcrProj/neisseria/prokka/genCP048899.1.fna.ffn
    jobid: 50
    reason: Missing output files: /home/zfears/Desktop/pcrProj/neisseria/prokka/genCP048899.1.fna.gff
    wildcards: fna=genCP048899.1.fna
    resources: tmpdir=<TBD>, disk_mb=1000, disk=1 GB, disk_mib=954, mem_mb=1000, mem=1 GB, mem_mib=954, mem_mb_per_cpu=4000, runtime=15
Job 50 has been submitted with SLURM jobid 11149785 (log: /grphome/grp_Assembly/pcrScripts/snakemake/.snakemake/slurm_logs/rule_prokka/genCP048899.1.fna/11149785.log).

[Wed Apr  1 11:05:59 2026]
rule prokka:
    input: /home/zfears/Desktop/pcrProj/neisseria/strains/specCP031335.1.fna
    output: /home/zfears/Desktop/pcrProj/neisseria/prokka/specCP031335.1.fna.gff, /home/zfears/Desktop/pcrProj/neisseria/prokka/specCP031335.1.fna.ffn
    jobid: 320
    reason: Missing output files: /home/zfears/Desktop/pcrProj/neisseria/prokka/specCP031335.1.fna.gff
    wildcards: fna=specCP031335.1.fna
    resources: tmpdir=<TBD>, disk_mb=1000, disk=1 GB, disk_mib=954, mem_mb=1000, mem=1 GB, mem_mib=954, mem_mb_per_cpu=4000, runtime=15
Job 320 has been submitted with SLURM jobid 11149786 (log: /grphome/grp_Assembly/pcrScripts/snakemake/.snakemake/slurm_logs/rule_prokka/specCP031335.1.fna/11149786.log).

[Wed Apr  1 11:05:59 2026]
rule prokka:
    input: /home/zfears/Desktop/pcrProj/neisseria/strains/genCP145041.1.fna
    output: /home/zfears/Desktop/pcrProj/neisseria/prokka/genCP145041.1.fna.gff, /home/zfears/Desktop/pcrProj/neisseria/prokka/genCP145041.1.fna.ffn
    jobid: 170
    reason: Missing output files: /home/zfears/Desktop/pcrProj/neisseria/prokka/genCP145041.1.fna.gff
    wildcards: fna=genCP145041.1.fna
    resources: tmpdir=<TBD>, disk_mb=1000, disk=1 GB, disk_mib=954, mem_mb=1000, mem=1 GB, mem_mib=954, mem_mb_per_cpu=4000, runtime=15
Job 170 has been submitted with SLURM jobid 11149787 (log: /grphome/grp_Assembly/pcrScripts/snakemake/.snakemake/slurm_logs/rule_prokka/genCP145041.1.fna/11149787.log).

[Wed Apr  1 11:05:59 2026]
rule prokka:
    input: /home/zfears/Desktop/pcrProj/neisseria/strains/specCP016627.1.fna
    output: /home/zfears/Desktop/pcrProj/neisseria/prokka/specCP016627.1.fna.gff, /home/zfears/Desktop/pcrProj/neisseria/prokka/specCP016627.1.fna.ffn
    jobid: 230
    reason: Missing output files: /home/zfears/Desktop/pcrProj/neisseria/prokka/specCP016627.1.fna.gff
    wildcards: fna=specCP016627.1.fna
    resources: tmpdir=<TBD>, disk_mb=1000, disk=1 GB, disk_mib=954, mem_mb=1000, mem=1 GB, mem_mib=954, mem_mb_per_cpu=4000, runtime=15
Job 230 has been submitted with SLURM jobid 11149788 (log: /grphome/grp_Assembly/pcrScripts/snakemake/.snakemake/slurm_logs/rule_prokka/specCP016627.1.fna/11149788.log).

[Wed Apr  1 11:05:59 2026]
rule prokka:
    input: /home/zfears/Desktop/pcrProj/neisseria/strains/genCP078116.1.fna
    output: /home/zfears/Desktop/pcrProj/neisseria/prokka/genCP078116.1.fna.gff, /home/zfears/Desktop/pcrProj/neisseria/prokka/genCP078116.1.fna.ffn
    jobid: 81
    reason: Missing output files: /home/zfears/Desktop/pcrProj/neisseria/prokka/genCP078116.1.fna.gff
    wildcards: fna=genCP078116.1.fna
    resources: tmpdir=<TBD>, disk_mb=1000, disk=1 GB, disk_mib=954, mem_mb=1000, mem=1 GB, mem_mib=954, mem_mb_per_cpu=4000, runtime=15
Job 81 has been submitted with SLURM jobid 11149789 (log: /grphome/grp_Assembly/pcrScripts/snakemake/.snakemake/slurm_logs/rule_prokka/genCP078116.1.fna/11149789.log).

[Wed Apr  1 11:05:59 2026]
rule prokka:
    input: /home/zfears/Desktop/pcrProj/neisseria/strains/genCP130896.1.fna
    output: /home/zfears/Desktop/pcrProj/neisseria/prokka/genCP130896.1.fna.gff, /home/zfears/Desktop/pcrProj/neisseria/prokka/genCP130896.1.fna.ffn
    jobid: 141
    reason: Missing output files: /home/zfears/Desktop/pcrProj/neisseria/prokka/genCP130896.1.fna.gff
    wildcards: fna=genCP130896.1.fna
    resources: tmpdir=<TBD>, disk_mb=1000, disk=1 GB, disk_mib=954, mem_mb=1000, mem=1 GB, mem_mib=954, mem_mb_per_cpu=4000, runtime=15
Job 141 has been submitted with SLURM jobid 11149790 (log: /grphome/grp_Assembly/pcrScripts/snakemake/.snakemake/slurm_logs/rule_prokka/genCP130896.1.fna/11149790.log).

[Wed Apr  1 11:06:00 2026]
rule prokka:
    input: /home/zfears/Desktop/pcrProj/neisseria/strains/genCP048902.1.fna
    output: /home/zfears/Desktop/pcrProj/neisseria/prokka/genCP048902.1.fna.gff, /home/zfears/Desktop/pcrProj/neisseria/prokka/genCP048902.1.fna.ffn
    jobid: 51
    reason: Missing output files: /home/zfears/Desktop/pcrProj/neisseria/prokka/genCP048902.1.fna.gff
    wildcards: fna=genCP048902.1.fna
    resources: tmpdir=<TBD>, disk_mb=1000, disk=1 GB, disk_mib=954, mem_mb=1000, mem=1 GB, mem_mib=954, mem_mb_per_cpu=4000, runtime=15
Job 51 has been submitted with SLURM jobid 11149791 (log: /grphome/grp_Assembly/pcrScripts/snakemake/.snakemake/slurm_logs/rule_prokka/genCP048902.1.fna/11149791.log).

[Wed Apr  1 11:06:01 2026]
rule prokka:
    input: /home/zfears/Desktop/pcrProj/neisseria/strains/genCP098548.1.fna
    output: /home/zfears/Desktop/pcrProj/neisseria/prokka/genCP098548.1.fna.gff, /home/zfears/Desktop/pcrProj/neisseria/prokka/genCP098548.1.fna.ffn
    jobid: 111
    reason: Missing output files: /home/zfears/Desktop/pcrProj/neisseria/prokka/genCP098548.1.fna.gff
    wildcards: fna=genCP098548.1.fna
    resources: tmpdir=<TBD>, disk_mb=1000, disk=1 GB, disk_mib=954, mem_mb=1000, mem=1 GB, mem_mib=954, mem_mb_per_cpu=4000, runtime=15
Job 111 has been submitted with SLURM jobid 11149792 (log: /grphome/grp_Assembly/pcrScripts/snakemake/.snakemake/slurm_logs/rule_prokka/genCP098548.1.fna/11149792.log).

[Wed Apr  1 11:06:01 2026]
rule prokka:
    input: /home/zfears/Desktop/pcrProj/neisseria/strains/specCP021523.1.fna
    output: /home/zfears/Desktop/pcrProj/neisseria/prokka/specCP021523.1.fna.gff, /home/zfears/Desktop/pcrProj/neisseria/prokka/specCP021523.1.fna.ffn
    jobid: 291
    reason: Missing output files: /home/zfears/Desktop/pcrProj/neisseria/prokka/specCP021523.1.fna.gff
    wildcards: fna=specCP021523.1.fna
    resources: tmpdir=<TBD>, disk_mb=1000, disk=1 GB, disk_mib=954, mem_mb=1000, mem=1 GB, mem_mib=954, mem_mb_per_cpu=4000, runtime=15
Job 291 has been submitted with SLURM jobid 11149793 (log: /grphome/grp_Assembly/pcrScripts/snakemake/.snakemake/slurm_logs/rule_prokka/specCP021523.1.fna/11149793.log).

[Wed Apr  1 11:06:01 2026]
rule prokka:
    input: /home/zfears/Desktop/pcrProj/neisseria/strains/specCP031336.1.fna
    output: /home/zfears/Desktop/pcrProj/neisseria/prokka/specCP031336.1.fna.gff, /home/zfears/Desktop/pcrProj/neisseria/prokka/specCP031336.1.fna.ffn
    jobid: 321
    reason: Missing output files: /home/zfears/Desktop/pcrProj/neisseria/prokka/specCP031336.1.fna.gff
    wildcards: fna=specCP031336.1.fna
    resources: tmpdir=<TBD>, disk_mb=1000, disk=1 GB, disk_mib=954, mem_mb=1000, mem=1 GB, mem_mib=954, mem_mb_per_cpu=4000, runtime=15
Job 321 has been submitted with SLURM jobid 11149794 (log: /grphome/grp_Assembly/pcrScripts/snakemake/.snakemake/slurm_logs/rule_prokka/specCP031336.1.fna/11149794.log).

[Wed Apr  1 11:06:01 2026]
rule prokka:
    input: /home/zfears/Desktop/pcrProj/neisseria/strains/genCP145045.1.fna
    output: /home/zfears/Desktop/pcrProj/neisseria/prokka/genCP145045.1.fna.gff, /home/zfears/Desktop/pcrProj/neisseria/prokka/genCP145045.1.fna.ffn
    jobid: 171
    reason: Missing output files: /home/zfears/Desktop/pcrProj/neisseria/prokka/genCP145045.1.fna.gff
    wildcards: fna=genCP145045.1.fna
    resources: tmpdir=<TBD>, disk_mb=1000, disk=1 GB, disk_mib=954, mem_mb=1000, mem=1 GB, mem_mib=954, mem_mb_per_cpu=4000, runtime=15
Job 171 has been submitted with SLURM jobid 11149795 (log: /grphome/grp_Assembly/pcrScripts/snakemake/.snakemake/slurm_logs/rule_prokka/genCP145045.1.fna/11149795.log).

[Wed Apr  1 11:06:01 2026]
rule prokka:
    input: /home/zfears/Desktop/pcrProj/neisseria/strains/genCP078117.1.fna
    output: /home/zfears/Desktop/pcrProj/neisseria/prokka/genCP078117.1.fna.gff, /home/zfears/Desktop/pcrProj/neisseria/prokka/genCP078117.1.fna.ffn
    jobid: 82
    reason: Missing output files: /home/zfears/Desktop/pcrProj/neisseria/prokka/genCP078117.1.fna.gff
    wildcards: fna=genCP078117.1.fna
    resources: tmpdir=<TBD>, disk_mb=1000, disk=1 GB, disk_mib=954, mem_mb=1000, mem=1 GB, mem_mib=954, mem_mb_per_cpu=4000, runtime=15
Job 82 has been submitted with SLURM jobid 11149796 (log: /grphome/grp_Assembly/pcrScripts/snakemake/.snakemake/slurm_logs/rule_prokka/genCP078117.1.fna/11149796.log).

[Wed Apr  1 11:06:02 2026]
rule prokka:
    input: /home/zfears/Desktop/pcrProj/neisseria/strains/specCP016646.1.fna
    output: /home/zfears/Desktop/pcrProj/neisseria/prokka/specCP016646.1.fna.gff, /home/zfears/Desktop/pcrProj/neisseria/prokka/specCP016646.1.fna.ffn
    jobid: 233
    reason: Missing output files: /home/zfears/Desktop/pcrProj/neisseria/prokka/specCP016646.1.fna.gff
    wildcards: fna=specCP016646.1.fna
    resources: tmpdir=<TBD>, disk_mb=1000, disk=1 GB, disk_mib=954, mem_mb=1000, mem=1 GB, mem_mib=954, mem_mb_per_cpu=4000, runtime=15
Job 233 has been submitted with SLURM jobid 11149797 (log: /grphome/grp_Assembly/pcrScripts/snakemake/.snakemake/slurm_logs/rule_prokka/specCP016646.1.fna/11149797.log).

[Wed Apr  1 11:06:02 2026]
rule prokka:
    input: /home/zfears/Desktop/pcrProj/neisseria/strains/genCP078119.1.fna
    output: /home/zfears/Desktop/pcrProj/neisseria/prokka/genCP078119.1.fna.gff, /home/zfears/Desktop/pcrProj/neisseria/prokka/genCP078119.1.fna.ffn
    jobid: 84
    reason: Missing output files: /home/zfears/Desktop/pcrProj/neisseria/prokka/genCP078119.1.fna.gff
    wildcards: fna=genCP078119.1.fna
    resources: tmpdir=<TBD>, disk_mb=1000, disk=1 GB, disk_mib=954, mem_mb=1000, mem=1 GB, mem_mib=954, mem_mb_per_cpu=4000, runtime=15
Job 84 has been submitted with SLURM jobid 11149798 (log: /grphome/grp_Assembly/pcrScripts/snakemake/.snakemake/slurm_logs/rule_prokka/genCP078119.1.fna/11149798.log).

[Wed Apr  1 11:06:02 2026]
rule prokka:
    input: /home/zfears/Desktop/pcrProj/neisseria/strains/genCP130899.1.fna
    output: /home/zfears/Desktop/pcrProj/neisseria/prokka/genCP130899.1.fna.gff, /home/zfears/Desktop/pcrProj/neisseria/prokka/genCP130899.1.fna.ffn
    jobid: 144
    reason: Missing output files: /home/zfears/Desktop/pcrProj/neisseria/prokka/genCP130899.1.fna.gff
    wildcards: fna=genCP130899.1.fna
    resources: tmpdir=<TBD>, disk_mb=1000, disk=1 GB, disk_mib=954, mem_mb=1000, mem=1 GB, mem_mib=954, mem_mb_per_cpu=4000, runtime=15
Job 144 has been submitted with SLURM jobid 11149799 (log: /grphome/grp_Assembly/pcrScripts/snakemake/.snakemake/slurm_logs/rule_prokka/genCP130899.1.fna/11149799.log).

[Wed Apr  1 11:06:02 2026]
rule prokka:
    input: /home/zfears/Desktop/pcrProj/neisseria/strains/specCP060280.1.fna
    output: /home/zfears/Desktop/pcrProj/neisseria/prokka/specCP060280.1.fna.gff, /home/zfears/Desktop/pcrProj/neisseria/prokka/specCP060280.1.fna.ffn
    jobid: 324
    reason: Missing output files: /home/zfears/Desktop/pcrProj/neisseria/prokka/specCP060280.1.fna.gff
    wildcards: fna=specCP060280.1.fna
    resources: tmpdir=<TBD>, disk_mb=1000, disk=1 GB, disk_mib=954, mem_mb=1000, mem=1 GB, mem_mib=954, mem_mb_per_cpu=4000, runtime=15
Job 324 has been submitted with SLURM jobid 11149800 (log: /grphome/grp_Assembly/pcrScripts/snakemake/.snakemake/slurm_logs/rule_prokka/specCP060280.1.fna/11149800.log).

[Wed Apr  1 11:06:02 2026]
rule prokka:
    input: /home/zfears/Desktop/pcrProj/neisseria/strains/genCP145052.1.fna
    output: /home/zfears/Desktop/pcrProj/neisseria/prokka/genCP145052.1.fna.gff, /home/zfears/Desktop/pcrProj/neisseria/prokka/genCP145052.1.fna.ffn
    jobid: 174
    reason: Missing output files: /home/zfears/Desktop/pcrProj/neisseria/prokka/genCP145052.1.fna.gff
    wildcards: fna=genCP145052.1.fna
    resources: tmpdir=<TBD>, disk_mb=1000, disk=1 GB, disk_mib=954, mem_mb=1000, mem=1 GB, mem_mib=954, mem_mb_per_cpu=4000, runtime=15
Job 174 has been submitted with SLURM jobid 11149801 (log: /grphome/grp_Assembly/pcrScripts/snakemake/.snakemake/slurm_logs/rule_prokka/genCP145052.1.fna/11149801.log).

[Wed Apr  1 11:06:02 2026]
rule prokka:
    input: /home/zfears/Desktop/pcrProj/neisseria/strains/specCP016647.1.fna
    output: /home/zfears/Desktop/pcrProj/neisseria/prokka/specCP016647.1.fna.gff, /home/zfears/Desktop/pcrProj/neisseria/prokka/specCP016647.1.fna.ffn
    jobid: 234
    reason: Missing output files: /home/zfears/Desktop/pcrProj/neisseria/prokka/specCP016647.1.fna.gff
    wildcards: fna=specCP016647.1.fna
    resources: tmpdir=<TBD>, disk_mb=1000, disk=1 GB, disk_mib=954, mem_mb=1000, mem=1 GB, mem_mib=954, mem_mb_per_cpu=4000, runtime=15
Job 234 has been submitted with SLURM jobid 11149802 (log: /grphome/grp_Assembly/pcrScripts/snakemake/.snakemake/slurm_logs/rule_prokka/specCP016647.1.fna/11149802.log).

[Wed Apr  1 11:06:02 2026]
rule prokka:
    input: /home/zfears/Desktop/pcrProj/neisseria/strains/genCP091509.1.fna
    output: /home/zfears/Desktop/pcrProj/neisseria/prokka/genCP091509.1.fna.gff, /home/zfears/Desktop/pcrProj/neisseria/prokka/genCP091509.1.fna.ffn
    jobid: 85
    reason: Missing output files: /home/zfears/Desktop/pcrProj/neisseria/prokka/genCP091509.1.fna.gff
    wildcards: fna=genCP091509.1.fna
    resources: tmpdir=<TBD>, disk_mb=1000, disk=1 GB, disk_mib=954, mem_mb=1000, mem=1 GB, mem_mib=954, mem_mb_per_cpu=4000, runtime=15
Job 85 has been submitted with SLURM jobid 11149803 (log: /grphome/grp_Assembly/pcrScripts/snakemake/.snakemake/slurm_logs/rule_prokka/genCP091509.1.fna/11149803.log).

[Wed Apr  1 11:06:02 2026]
rule prokka:
    input: /home/zfears/Desktop/pcrProj/neisseria/strains/genCP131616.1.fna
    output: /home/zfears/Desktop/pcrProj/neisseria/prokka/genCP131616.1.fna.gff, /home/zfears/Desktop/pcrProj/neisseria/prokka/genCP131616.1.fna.ffn
    jobid: 145
    reason: Missing output files: /home/zfears/Desktop/pcrProj/neisseria/prokka/genCP131616.1.fna.gff
    wildcards: fna=genCP131616.1.fna
    resources: tmpdir=<TBD>, disk_mb=1000, disk=1 GB, disk_mib=954, mem_mb=1000, mem=1 GB, mem_mib=954, mem_mb_per_cpu=4000, runtime=15
Job 145 has been submitted with SLURM jobid 11149804 (log: /grphome/grp_Assembly/pcrScripts/snakemake/.snakemake/slurm_logs/rule_prokka/genCP131616.1.fna/11149804.log).

[Wed Apr  1 11:06:02 2026]
rule prokka:
    input: /home/zfears/Desktop/pcrProj/neisseria/strains/specCP077603.1.fna
    output: /home/zfears/Desktop/pcrProj/neisseria/prokka/specCP077603.1.fna.gff, /home/zfears/Desktop/pcrProj/neisseria/prokka/specCP077603.1.fna.ffn
    jobid: 325
    reason: Missing output files: /home/zfears/Desktop/pcrProj/neisseria/prokka/specCP077603.1.fna.gff
    wildcards: fna=specCP077603.1.fna
    resources: tmpdir=<TBD>, disk_mb=1000, disk=1 GB, disk_mib=954, mem_mb=1000, mem=1 GB, mem_mib=954, mem_mb_per_cpu=4000, runtime=15
Job 325 has been submitted with SLURM jobid 11149805 (log: /grphome/grp_Assembly/pcrScripts/snakemake/.snakemake/slurm_logs/rule_prokka/specCP077603.1.fna/11149805.log).

[Wed Apr  1 11:06:03 2026]
rule prokka:
    input: /home/zfears/Desktop/pcrProj/neisseria/strains/genCP145053.1.fna
    output: /home/zfears/Desktop/pcrProj/neisseria/prokka/genCP145053.1.fna.gff, /home/zfears/Desktop/pcrProj/neisseria/prokka/genCP145053.1.fna.ffn
    jobid: 175
    reason: Missing output files: /home/zfears/Desktop/pcrProj/neisseria/prokka/genCP145053.1.fna.gff
    wildcards: fna=genCP145053.1.fna
    resources: tmpdir=<TBD>, disk_mb=1000, disk=1 GB, disk_mib=954, mem_mb=1000, mem=1 GB, mem_mib=954, mem_mb_per_cpu=4000, runtime=15
Job 175 has been submitted with SLURM jobid 11149806 (log: /grphome/grp_Assembly/pcrScripts/snakemake/.snakemake/slurm_logs/rule_prokka/genCP145053.1.fna/11149806.log).

[Wed Apr  1 11:06:04 2026]
rule prokka:
    input: /home/zfears/Desktop/pcrProj/neisseria/strains/specCP016648.1.fna
    output: /home/zfears/Desktop/pcrProj/neisseria/prokka/specCP016648.1.fna.gff, /home/zfears/Desktop/pcrProj/neisseria/prokka/specCP016648.1.fna.ffn
    jobid: 235
    reason: Missing output files: /home/zfears/Desktop/pcrProj/neisseria/prokka/specCP016648.1.fna.gff
    wildcards: fna=specCP016648.1.fna
    resources: tmpdir=<TBD>, disk_mb=1000, disk=1 GB, disk_mib=954, mem_mb=1000, mem=1 GB, mem_mib=954, mem_mb_per_cpu=4000, runtime=15
Job 235 has been submitted with SLURM jobid 11149807 (log: /grphome/grp_Assembly/pcrScripts/snakemake/.snakemake/slurm_logs/rule_prokka/specCP016648.1.fna/11149807.log).

[Wed Apr  1 11:06:04 2026]
rule prokka:
    input: /home/zfears/Desktop/pcrProj/neisseria/strains/genCP097458.1.fna
    output: /home/zfears/Desktop/pcrProj/neisseria/prokka/genCP097458.1.fna.gff, /home/zfears/Desktop/pcrProj/neisseria/prokka/genCP097458.1.fna.ffn
    jobid: 86
    reason: Missing output files: /home/zfears/Desktop/pcrProj/neisseria/prokka/genCP097458.1.fna.gff
    wildcards: fna=genCP097458.1.fna
    resources: tmpdir=<TBD>, disk_mb=1000, disk=1 GB, disk_mib=954, mem_mb=1000, mem=1 GB, mem_mib=954, mem_mb_per_cpu=4000, runtime=15
Job 86 has been submitted with SLURM jobid 11149808 (log: /grphome/grp_Assembly/pcrScripts/snakemake/.snakemake/slurm_logs/rule_prokka/genCP097458.1.fna/11149808.log).

[Wed Apr  1 11:06:04 2026]
rule prokka:
    input: /home/zfears/Desktop/pcrProj/neisseria/strains/genCP131620.1.fna
    output: /home/zfears/Desktop/pcrProj/neisseria/prokka/genCP131620.1.fna.gff, /home/zfears/Desktop/pcrProj/neisseria/prokka/genCP131620.1.fna.ffn
    jobid: 146
    reason: Missing output files: /home/zfears/Desktop/pcrProj/neisseria/prokka/genCP131620.1.fna.gff
    wildcards: fna=genCP131620.1.fna
    resources: tmpdir=<TBD>, disk_mb=1000, disk=1 GB, disk_mib=954, mem_mb=1000, mem=1 GB, mem_mib=954, mem_mb_per_cpu=4000, runtime=15
Job 146 has been submitted with SLURM jobid 11149809 (log: /grphome/grp_Assembly/pcrScripts/snakemake/.snakemake/slurm_logs/rule_prokka/genCP131620.1.fna/11149809.log).

[Wed Apr  1 11:06:04 2026]
rule prokka:
    input: /home/zfears/Desktop/pcrProj/neisseria/strains/genCP050505.1.fna
    output: /home/zfears/Desktop/pcrProj/neisseria/prokka/genCP050505.1.fna.gff, /home/zfears/Desktop/pcrProj/neisseria/prokka/genCP050505.1.fna.ffn
    jobid: 56
    reason: Missing output files: /home/zfears/Desktop/pcrProj/neisseria/prokka/genCP050505.1.fna.gff
    wildcards: fna=genCP050505.1.fna
    resources: tmpdir=<TBD>, disk_mb=1000, disk=1 GB, disk_mib=954, mem_mb=1000, mem=1 GB, mem_mib=954, mem_mb_per_cpu=4000, runtime=15
Job 56 has been submitted with SLURM jobid 11149810 (log: /grphome/grp_Assembly/pcrScripts/snakemake/.snakemake/slurm_logs/rule_prokka/genCP050505.1.fna/11149810.log).

[Wed Apr  1 11:06:04 2026]
rule prokka:
    input: /home/zfears/Desktop/pcrProj/neisseria/strains/genCP106803.1.fna
    output: /home/zfears/Desktop/pcrProj/neisseria/prokka/genCP106803.1.fna.gff, /home/zfears/Desktop/pcrProj/neisseria/prokka/genCP106803.1.fna.ffn
    jobid: 116
    reason: Missing output files: /home/zfears/Desktop/pcrProj/neisseria/prokka/genCP106803.1.fna.gff
    wildcards: fna=genCP106803.1.fna
    resources: tmpdir=<TBD>, disk_mb=1000, disk=1 GB, disk_mib=954, mem_mb=1000, mem=1 GB, mem_mib=954, mem_mb_per_cpu=4000, runtime=15
Job 116 has been submitted with SLURM jobid 11149811 (log: /grphome/grp_Assembly/pcrScripts/snakemake/.snakemake/slurm_logs/rule_prokka/genCP106803.1.fna/11149811.log).

[Wed Apr  1 11:06:04 2026]
rule prokka:
    input: /home/zfears/Desktop/pcrProj/neisseria/strains/specCP023814.1.fna
    output: /home/zfears/Desktop/pcrProj/neisseria/prokka/specCP023814.1.fna.gff, /home/zfears/Desktop/pcrProj/neisseria/prokka/specCP023814.1.fna.ffn
    jobid: 296
    reason: Missing output files: /home/zfears/Desktop/pcrProj/neisseria/prokka/specCP023814.1.fna.gff
    wildcards: fna=specCP023814.1.fna
    resources: tmpdir=<TBD>, disk_mb=1000, disk=1 GB, disk_mib=954, mem_mb=1000, mem=1 GB, mem_mib=954, mem_mb_per_cpu=4000, runtime=15
Job 296 has been submitted with SLURM jobid 11149812 (log: /grphome/grp_Assembly/pcrScripts/snakemake/.snakemake/slurm_logs/rule_prokka/specCP023814.1.fna/11149812.log).

[Wed Apr  1 11:06:04 2026]
rule prokka:
    input: /home/zfears/Desktop/pcrProj/neisseria/strains/specCP079941.1.fna
    output: /home/zfears/Desktop/pcrProj/neisseria/prokka/specCP079941.1.fna.gff, /home/zfears/Desktop/pcrProj/neisseria/prokka/specCP079941.1.fna.ffn
    jobid: 326
    reason: Missing output files: /home/zfears/Desktop/pcrProj/neisseria/prokka/specCP079941.1.fna.gff
    wildcards: fna=specCP079941.1.fna
    resources: tmpdir=<TBD>, disk_mb=1000, disk=1 GB, disk_mib=954, mem_mb=1000, mem=1 GB, mem_mib=954, mem_mb_per_cpu=4000, runtime=15
Job 326 has been submitted with SLURM jobid 11149813 (log: /grphome/grp_Assembly/pcrScripts/snakemake/.snakemake/slurm_logs/rule_prokka/specCP079941.1.fna/11149813.log).

[Wed Apr  1 11:06:05 2026]
rule prokka:
    input: /home/zfears/Desktop/pcrProj/neisseria/strains/genCP145057.1.fna
    output: /home/zfears/Desktop/pcrProj/neisseria/prokka/genCP145057.1.fna.gff, /home/zfears/Desktop/pcrProj/neisseria/prokka/genCP145057.1.fna.ffn
    jobid: 176
    reason: Missing output files: /home/zfears/Desktop/pcrProj/neisseria/prokka/genCP145057.1.fna.gff
    wildcards: fna=genCP145057.1.fna
    resources: tmpdir=<TBD>, disk_mb=1000, disk=1 GB, disk_mib=954, mem_mb=1000, mem=1 GB, mem_mib=954, mem_mb_per_cpu=4000, runtime=15
Job 176 has been submitted with SLURM jobid 11149814 (log: /grphome/grp_Assembly/pcrScripts/snakemake/.snakemake/slurm_logs/rule_prokka/genCP145057.1.fna/11149814.log).

[Wed Apr  1 11:06:05 2026]
rule prokka:
    input: /home/zfears/Desktop/pcrProj/neisseria/strains/specCP016649.1.fna
    output: /home/zfears/Desktop/pcrProj/neisseria/prokka/specCP016649.1.fna.gff, /home/zfears/Desktop/pcrProj/neisseria/prokka/specCP016649.1.fna.ffn
    jobid: 236
    reason: Missing output files: /home/zfears/Desktop/pcrProj/neisseria/prokka/specCP016649.1.fna.gff
    wildcards: fna=specCP016649.1.fna
    resources: tmpdir=<TBD>, disk_mb=1000, disk=1 GB, disk_mib=954, mem_mb=1000, mem=1 GB, mem_mib=954, mem_mb_per_cpu=4000, runtime=15
Job 236 has been submitted with SLURM jobid 11149815 (log: /grphome/grp_Assembly/pcrScripts/snakemake/.snakemake/slurm_logs/rule_prokka/specCP016649.1.fna/11149815.log).

[Wed Apr  1 11:06:05 2026]
rule prokka:
    input: /home/zfears/Desktop/pcrProj/neisseria/strains/genCP097459.1.fna
    output: /home/zfears/Desktop/pcrProj/neisseria/prokka/genCP097459.1.fna.gff, /home/zfears/Desktop/pcrProj/neisseria/prokka/genCP097459.1.fna.ffn
    jobid: 87
    reason: Missing output files: /home/zfears/Desktop/pcrProj/neisseria/prokka/genCP097459.1.fna.gff
    wildcards: fna=genCP097459.1.fna
    resources: tmpdir=<TBD>, disk_mb=1000, disk=1 GB, disk_mib=954, mem_mb=1000, mem=1 GB, mem_mib=954, mem_mb_per_cpu=4000, runtime=15
Job 87 has been submitted with SLURM jobid 11149816 (log: /grphome/grp_Assembly/pcrScripts/snakemake/.snakemake/slurm_logs/rule_prokka/genCP097459.1.fna/11149816.log).

[Wed Apr  1 11:06:05 2026]
rule prokka:
    input: /home/zfears/Desktop/pcrProj/neisseria/strains/genCP131622.1.fna
    output: /home/zfears/Desktop/pcrProj/neisseria/prokka/genCP131622.1.fna.gff, /home/zfears/Desktop/pcrProj/neisseria/prokka/genCP131622.1.fna.ffn
    jobid: 147
    reason: Missing output files: /home/zfears/Desktop/pcrProj/neisseria/prokka/genCP131622.1.fna.gff
    wildcards: fna=genCP131622.1.fna
    resources: tmpdir=<TBD>, disk_mb=1000, disk=1 GB, disk_mib=954, mem_mb=1000, mem=1 GB, mem_mib=954, mem_mb_per_cpu=4000, runtime=15
Job 147 has been submitted with SLURM jobid 11149817 (log: /grphome/grp_Assembly/pcrScripts/snakemake/.snakemake/slurm_logs/rule_prokka/genCP131622.1.fna/11149817.log).

[Wed Apr  1 11:06:05 2026]
rule prokka:
    input: /home/zfears/Desktop/pcrProj/neisseria/strains/genCP050930.1.fna
    output: /home/zfears/Desktop/pcrProj/neisseria/prokka/genCP050930.1.fna.gff, /home/zfears/Desktop/pcrProj/neisseria/prokka/genCP050930.1.fna.ffn
    jobid: 57
    reason: Missing output files: /home/zfears/Desktop/pcrProj/neisseria/prokka/genCP050930.1.fna.gff
    wildcards: fna=genCP050930.1.fna
    resources: tmpdir=<TBD>, disk_mb=1000, disk=1 GB, disk_mib=954, mem_mb=1000, mem=1 GB, mem_mib=954, mem_mb_per_cpu=4000, runtime=15
Job 57 has been submitted with SLURM jobid 11149818 (log: /grphome/grp_Assembly/pcrScripts/snakemake/.snakemake/slurm_logs/rule_prokka/genCP050930.1.fna/11149818.log).

[Wed Apr  1 11:06:05 2026]
rule prokka:
    input: /home/zfears/Desktop/pcrProj/neisseria/strains/genCP106805.1.fna
    output: /home/zfears/Desktop/pcrProj/neisseria/prokka/genCP106805.1.fna.gff, /home/zfears/Desktop/pcrProj/neisseria/prokka/genCP106805.1.fna.ffn
    jobid: 117
    reason: Missing output files: /home/zfears/Desktop/pcrProj/neisseria/prokka/genCP106805.1.fna.gff
    wildcards: fna=genCP106805.1.fna
    resources: tmpdir=<TBD>, disk_mb=1000, disk=1 GB, disk_mib=954, mem_mb=1000, mem=1 GB, mem_mib=954, mem_mb_per_cpu=4000, runtime=15
Job 117 has been submitted with SLURM jobid 11149819 (log: /grphome/grp_Assembly/pcrScripts/snakemake/.snakemake/slurm_logs/rule_prokka/genCP106805.1.fna/11149819.log).

[Wed Apr  1 11:06:05 2026]
rule prokka:
    input: /home/zfears/Desktop/pcrProj/neisseria/strains/specCP030814.1.fna
    output: /home/zfears/Desktop/pcrProj/neisseria/prokka/specCP030814.1.fna.gff, /home/zfears/Desktop/pcrProj/neisseria/prokka/specCP030814.1.fna.ffn
    jobid: 297
    reason: Missing output files: /home/zfears/Desktop/pcrProj/neisseria/prokka/specCP030814.1.fna.gff
    wildcards: fna=specCP030814.1.fna
    resources: tmpdir=<TBD>, disk_mb=1000, disk=1 GB, disk_mib=954, mem_mb=1000, mem=1 GB, mem_mib=954, mem_mb_per_cpu=4000, runtime=15
Job 297 has been submitted with SLURM jobid 11149820 (log: /grphome/grp_Assembly/pcrScripts/snakemake/.snakemake/slurm_logs/rule_prokka/specCP030814.1.fna/11149820.log).

[Wed Apr  1 11:06:05 2026]
rule prokka:
    input: /home/zfears/Desktop/pcrProj/neisseria/strains/specCP096117.1.fna
    output: /home/zfears/Desktop/pcrProj/neisseria/prokka/specCP096117.1.fna.gff, /home/zfears/Desktop/pcrProj/neisseria/prokka/specCP096117.1.fna.ffn
    jobid: 327
    reason: Missing output files: /home/zfears/Desktop/pcrProj/neisseria/prokka/specCP096117.1.fna.gff
    wildcards: fna=specCP096117.1.fna
    resources: tmpdir=<TBD>, disk_mb=1000, disk=1 GB, disk_mib=954, mem_mb=1000, mem=1 GB, mem_mib=954, mem_mb_per_cpu=4000, runtime=15
Job 327 has been submitted with SLURM jobid 11149821 (log: /grphome/grp_Assembly/pcrScripts/snakemake/.snakemake/slurm_logs/rule_prokka/specCP096117.1.fna/11149821.log).

[Wed Apr  1 11:06:05 2026]
rule prokka:
    input: /home/zfears/Desktop/pcrProj/neisseria/strains/genCP145059.1.fna
    output: /home/zfears/Desktop/pcrProj/neisseria/prokka/genCP145059.1.fna.gff, /home/zfears/Desktop/pcrProj/neisseria/prokka/genCP145059.1.fna.ffn
    jobid: 177
    reason: Missing output files: /home/zfears/Desktop/pcrProj/neisseria/prokka/genCP145059.1.fna.gff
    wildcards: fna=genCP145059.1.fna
    resources: tmpdir=<TBD>, disk_mb=1000, disk=1 GB, disk_mib=954, mem_mb=1000, mem=1 GB, mem_mib=954, mem_mb_per_cpu=4000, runtime=15
Job 177 has been submitted with SLURM jobid 11149822 (log: /grphome/grp_Assembly/pcrScripts/snakemake/.snakemake/slurm_logs/rule_prokka/genCP145059.1.fna/11149822.log).

[Wed Apr  1 11:06:06 2026]
rule prokka:
    input: /home/zfears/Desktop/pcrProj/neisseria/strains/specCP016650.1.fna
    output: /home/zfears/Desktop/pcrProj/neisseria/prokka/specCP016650.1.fna.gff, /home/zfears/Desktop/pcrProj/neisseria/prokka/specCP016650.1.fna.ffn
    jobid: 237
    reason: Missing output files: /home/zfears/Desktop/pcrProj/neisseria/prokka/specCP016650.1.fna.gff
    wildcards: fna=specCP016650.1.fna
    resources: tmpdir=<TBD>, disk_mb=1000, disk=1 GB, disk_mib=954, mem_mb=1000, mem=1 GB, mem_mib=954, mem_mb_per_cpu=4000, runtime=15
Job 237 has been submitted with SLURM jobid 11149823 (log: /grphome/grp_Assembly/pcrScripts/snakemake/.snakemake/slurm_logs/rule_prokka/specCP016650.1.fna/11149823.log).

[Wed Apr  1 11:06:07 2026]
rule prokka:
    input: /home/zfears/Desktop/pcrProj/neisseria/strains/genCP145019.1.fna
    output: /home/zfears/Desktop/pcrProj/neisseria/prokka/genCP145019.1.fna.gff, /home/zfears/Desktop/pcrProj/neisseria/prokka/genCP145019.1.fna.ffn
    jobid: 162
    reason: Missing output files: /home/zfears/Desktop/pcrProj/neisseria/prokka/genCP145019.1.fna.gff
    wildcards: fna=genCP145019.1.fna
    resources: tmpdir=<TBD>, disk_mb=1000, disk=1 GB, disk_mib=954, mem_mb=1000, mem=1 GB, mem_mib=954, mem_mb_per_cpu=4000, runtime=15
Job 162 has been submitted with SLURM jobid 11149824 (log: /grphome/grp_Assembly/pcrScripts/snakemake/.snakemake/slurm_logs/rule_prokka/genCP145019.1.fna/11149824.log).

[Wed Apr  1 11:06:07 2026]
rule prokka:
    input: /home/zfears/Desktop/pcrProj/neisseria/strains/genCP073114.1.fna
    output: /home/zfears/Desktop/pcrProj/neisseria/prokka/genCP073114.1.fna.gff, /home/zfears/Desktop/pcrProj/neisseria/prokka/genCP073114.1.fna.ffn
    jobid: 72
    reason: Missing output files: /home/zfears/Desktop/pcrProj/neisseria/prokka/genCP073114.1.fna.gff
    wildcards: fna=genCP073114.1.fna
    resources: tmpdir=<TBD>, disk_mb=1000, disk=1 GB, disk_mib=954, mem_mb=1000, mem=1 GB, mem_mib=954, mem_mb_per_cpu=4000, runtime=15
Job 72 has been submitted with SLURM jobid 11149825 (log: /grphome/grp_Assembly/pcrScripts/snakemake/.snakemake/slurm_logs/rule_prokka/genCP073114.1.fna/11149825.log).

[Wed Apr  1 11:06:07 2026]
rule prokka:
    input: /home/zfears/Desktop/pcrProj/neisseria/strains/genCP119139.1.fna
    output: /home/zfears/Desktop/pcrProj/neisseria/prokka/genCP119139.1.fna.gff, /home/zfears/Desktop/pcrProj/neisseria/prokka/genCP119139.1.fna.ffn
    jobid: 132
    reason: Missing output files: /home/zfears/Desktop/pcrProj/neisseria/prokka/genCP119139.1.fna.gff
    wildcards: fna=genCP119139.1.fna
    resources: tmpdir=<TBD>, disk_mb=1000, disk=1 GB, disk_mib=954, mem_mb=1000, mem=1 GB, mem_mib=954, mem_mb_per_cpu=4000, runtime=15
Job 132 has been submitted with SLURM jobid 11149826 (log: /grphome/grp_Assembly/pcrScripts/snakemake/.snakemake/slurm_logs/rule_prokka/genCP119139.1.fna/11149826.log).

[Wed Apr  1 11:06:07 2026]
rule prokka:
    input: /home/zfears/Desktop/pcrProj/neisseria/strains/specCP031327.1.fna
    output: /home/zfears/Desktop/pcrProj/neisseria/prokka/specCP031327.1.fna.gff, /home/zfears/Desktop/pcrProj/neisseria/prokka/specCP031327.1.fna.ffn
    jobid: 312
    reason: Missing output files: /home/zfears/Desktop/pcrProj/neisseria/prokka/specCP031327.1.fna.gff
    wildcards: fna=specCP031327.1.fna
    resources: tmpdir=<TBD>, disk_mb=1000, disk=1 GB, disk_mib=954, mem_mb=1000, mem=1 GB, mem_mib=954, mem_mb_per_cpu=4000, runtime=15
Job 312 has been submitted with SLURM jobid 11149827 (log: /grphome/grp_Assembly/pcrScripts/snakemake/.snakemake/slurm_logs/rule_prokka/specCP031327.1.fna/11149827.log).

[Wed Apr  1 11:06:07 2026]
rule prokka:
    input: /home/zfears/Desktop/pcrProj/neisseria/strains/genCP019467.1.fna
    output: /home/zfears/Desktop/pcrProj/neisseria/prokka/genCP019467.1.fna.gff, /home/zfears/Desktop/pcrProj/neisseria/prokka/genCP019467.1.fna.ffn
    jobid: 12
    reason: Missing output files: /home/zfears/Desktop/pcrProj/neisseria/prokka/genCP019467.1.fna.gff
    wildcards: fna=genCP019467.1.fna
    resources: tmpdir=<TBD>, disk_mb=1000, disk=1 GB, disk_mib=954, mem_mb=1000, mem=1 GB, mem_mib=954, mem_mb_per_cpu=4000, runtime=15
Job 12 has been submitted with SLURM jobid 11149828 (log: /grphome/grp_Assembly/pcrScripts/snakemake/.snakemake/slurm_logs/rule_prokka/genCP019467.1.fna/11149828.log).

[Wed Apr  1 11:06:07 2026]
rule prokka:
    input: /home/zfears/Desktop/pcrProj/neisseria/strains/genCP174107.1.fna
    output: /home/zfears/Desktop/pcrProj/neisseria/prokka/genCP174107.1.fna.gff, /home/zfears/Desktop/pcrProj/neisseria/prokka/genCP174107.1.fna.ffn
    jobid: 192
    reason: Missing output files: /home/zfears/Desktop/pcrProj/neisseria/prokka/genCP174107.1.fna.gff
    wildcards: fna=genCP174107.1.fna
    resources: tmpdir=<TBD>, disk_mb=1000, disk=1 GB, disk_mib=954, mem_mb=1000, mem=1 GB, mem_mib=954, mem_mb_per_cpu=4000, runtime=15
Job 192 has been submitted with SLURM jobid 11149829 (log: /grphome/grp_Assembly/pcrScripts/snakemake/.snakemake/slurm_logs/rule_prokka/genCP174107.1.fna/11149829.log).

[Wed Apr  1 11:06:07 2026]
rule prokka:
    input: /home/zfears/Desktop/pcrProj/neisseria/strains/specCP016665.1.fna
    output: /home/zfears/Desktop/pcrProj/neisseria/prokka/specCP016665.1.fna.gff, /home/zfears/Desktop/pcrProj/neisseria/prokka/specCP016665.1.fna.ffn
    jobid: 252
    reason: Missing output files: /home/zfears/Desktop/pcrProj/neisseria/prokka/specCP016665.1.fna.gff
    wildcards: fna=specCP016665.1.fna
    resources: tmpdir=<TBD>, disk_mb=1000, disk=1 GB, disk_mib=954, mem_mb=1000, mem=1 GB, mem_mib=954, mem_mb_per_cpu=4000, runtime=15
Job 252 has been submitted with SLURM jobid 11149830 (log: /grphome/grp_Assembly/pcrScripts/snakemake/.snakemake/slurm_logs/rule_prokka/specCP016665.1.fna/11149830.log).

[Wed Apr  1 11:06:07 2026]
rule prokka:
    input: /home/zfears/Desktop/pcrProj/neisseria/strains/genCP045728.1.fna
    output: /home/zfears/Desktop/pcrProj/neisseria/prokka/genCP045728.1.fna.gff, /home/zfears/Desktop/pcrProj/neisseria/prokka/genCP045728.1.fna.ffn
    jobid: 42
    reason: Missing output files: /home/zfears/Desktop/pcrProj/neisseria/prokka/genCP045728.1.fna.gff
    wildcards: fna=genCP045728.1.fna
    resources: tmpdir=<TBD>, disk_mb=1000, disk=1 GB, disk_mib=954, mem_mb=1000, mem=1 GB, mem_mib=954, mem_mb_per_cpu=4000, runtime=15
Job 42 has been submitted with SLURM jobid 11149831 (log: /grphome/grp_Assembly/pcrScripts/snakemake/.snakemake/slurm_logs/rule_prokka/genCP045728.1.fna/11149831.log).

[Wed Apr  1 11:06:08 2026]
rule prokka:
    input: /home/zfears/Desktop/pcrProj/neisseria/strains/specCP009421.1.fna
    output: /home/zfears/Desktop/pcrProj/neisseria/prokka/specCP009421.1.fna.gff, /home/zfears/Desktop/pcrProj/neisseria/prokka/specCP009421.1.fna.ffn
    jobid: 222
    reason: Missing output files: /home/zfears/Desktop/pcrProj/neisseria/prokka/specCP009421.1.fna.gff
    wildcards: fna=specCP009421.1.fna
    resources: tmpdir=<TBD>, disk_mb=1000, disk=1 GB, disk_mib=954, mem_mb=1000, mem=1 GB, mem_mib=954, mem_mb_per_cpu=4000, runtime=15
Job 222 has been submitted with SLURM jobid 11149832 (log: /grphome/grp_Assembly/pcrScripts/snakemake/.snakemake/slurm_logs/rule_prokka/specCP009421.1.fna/11149832.log).

[Wed Apr  1 11:06:08 2026]
rule prokka:
    input: /home/zfears/Desktop/pcrProj/neisseria/strains/genCP098532.1.fna
    output: /home/zfears/Desktop/pcrProj/neisseria/prokka/genCP098532.1.fna.gff, /home/zfears/Desktop/pcrProj/neisseria/prokka/genCP098532.1.fna.ffn
    jobid: 103
    reason: Missing output files: /home/zfears/Desktop/pcrProj/neisseria/prokka/genCP098532.1.fna.gff
    wildcards: fna=genCP098532.1.fna
    resources: tmpdir=<TBD>, disk_mb=1000, disk=1 GB, disk_mib=954, mem_mb=1000, mem=1 GB, mem_mib=954, mem_mb_per_cpu=4000, runtime=15
Job 103 has been submitted with SLURM jobid 11149833 (log: /grphome/grp_Assembly/pcrScripts/snakemake/.snakemake/slurm_logs/rule_prokka/genCP098532.1.fna/11149833.log).

[Wed Apr  1 11:06:08 2026]
rule prokka:
    input: /home/zfears/Desktop/pcrProj/neisseria/strains/genCP145021.1.fna
    output: /home/zfears/Desktop/pcrProj/neisseria/prokka/genCP145021.1.fna.gff, /home/zfears/Desktop/pcrProj/neisseria/prokka/genCP145021.1.fna.ffn
    jobid: 163
    reason: Missing output files: /home/zfears/Desktop/pcrProj/neisseria/prokka/genCP145021.1.fna.gff
    wildcards: fna=genCP145021.1.fna
    resources: tmpdir=<TBD>, disk_mb=1000, disk=1 GB, disk_mib=954, mem_mb=1000, mem=1 GB, mem_mib=954, mem_mb_per_cpu=4000, runtime=15
Job 163 has been submitted with SLURM jobid 11149834 (log: /grphome/grp_Assembly/pcrScripts/snakemake/.snakemake/slurm_logs/rule_prokka/genCP145021.1.fna/11149834.log).

[Wed Apr  1 11:06:08 2026]
rule prokka:
    input: /home/zfears/Desktop/pcrProj/neisseria/strains/genCP073115.1.fna
    output: /home/zfears/Desktop/pcrProj/neisseria/prokka/genCP073115.1.fna.gff, /home/zfears/Desktop/pcrProj/neisseria/prokka/genCP073115.1.fna.ffn
    jobid: 73
    reason: Missing output files: /home/zfears/Desktop/pcrProj/neisseria/prokka/genCP073115.1.fna.gff
    wildcards: fna=genCP073115.1.fna
    resources: tmpdir=<TBD>, disk_mb=1000, disk=1 GB, disk_mib=954, mem_mb=1000, mem=1 GB, mem_mib=954, mem_mb_per_cpu=4000, runtime=15
Job 73 has been submitted with SLURM jobid 11149835 (log: /grphome/grp_Assembly/pcrScripts/snakemake/.snakemake/slurm_logs/rule_prokka/genCP073115.1.fna/11149835.log).

[Wed Apr  1 11:06:08 2026]
rule prokka:
    input: /home/zfears/Desktop/pcrProj/neisseria/strains/genCP119141.1.fna
    output: /home/zfears/Desktop/pcrProj/neisseria/prokka/genCP119141.1.fna.gff, /home/zfears/Desktop/pcrProj/neisseria/prokka/genCP119141.1.fna.ffn
    jobid: 133
    reason: Missing output files: /home/zfears/Desktop/pcrProj/neisseria/prokka/genCP119141.1.fna.gff
    wildcards: fna=genCP119141.1.fna
    resources: tmpdir=<TBD>, disk_mb=1000, disk=1 GB, disk_mib=954, mem_mb=1000, mem=1 GB, mem_mib=954, mem_mb_per_cpu=4000, runtime=15
Job 133 has been submitted with SLURM jobid 11149836 (log: /grphome/grp_Assembly/pcrScripts/snakemake/.snakemake/slurm_logs/rule_prokka/genCP119141.1.fna/11149836.log).

[Wed Apr  1 11:06:08 2026]
rule prokka:
    input: /home/zfears/Desktop/pcrProj/neisseria/strains/specCP031328.1.fna
    output: /home/zfears/Desktop/pcrProj/neisseria/prokka/specCP031328.1.fna.gff, /home/zfears/Desktop/pcrProj/neisseria/prokka/specCP031328.1.fna.ffn
    jobid: 313
    reason: Missing output files: /home/zfears/Desktop/pcrProj/neisseria/prokka/specCP031328.1.fna.gff
    wildcards: fna=specCP031328.1.fna
    resources: tmpdir=<TBD>, disk_mb=1000, disk=1 GB, disk_mib=954, mem_mb=1000, mem=1 GB, mem_mib=954, mem_mb_per_cpu=4000, runtime=15
Job 313 has been submitted with SLURM jobid 11149837 (log: /grphome/grp_Assembly/pcrScripts/snakemake/.snakemake/slurm_logs/rule_prokka/specCP031328.1.fna/11149837.log).

[Wed Apr  1 11:06:08 2026]
rule prokka:
    input: /home/zfears/Desktop/pcrProj/neisseria/strains/genCP019894.1.fna
    output: /home/zfears/Desktop/pcrProj/neisseria/prokka/genCP019894.1.fna.gff, /home/zfears/Desktop/pcrProj/neisseria/prokka/genCP019894.1.fna.ffn
    jobid: 13
    reason: Missing output files: /home/zfears/Desktop/pcrProj/neisseria/prokka/genCP019894.1.fna.gff
    wildcards: fna=genCP019894.1.fna
    resources: tmpdir=<TBD>, disk_mb=1000, disk=1 GB, disk_mib=954, mem_mb=1000, mem=1 GB, mem_mib=954, mem_mb_per_cpu=4000, runtime=15
Job 13 has been submitted with SLURM jobid 11149838 (log: /grphome/grp_Assembly/pcrScripts/snakemake/.snakemake/slurm_logs/rule_prokka/genCP019894.1.fna/11149838.log).

[Wed Apr  1 11:06:08 2026]
rule prokka:
    input: /home/zfears/Desktop/pcrProj/neisseria/strains/genCP174108.1.fna
    output: /home/zfears/Desktop/pcrProj/neisseria/prokka/genCP174108.1.fna.gff, /home/zfears/Desktop/pcrProj/neisseria/prokka/genCP174108.1.fna.ffn
    jobid: 193
    reason: Missing output files: /home/zfears/Desktop/pcrProj/neisseria/prokka/genCP174108.1.fna.gff
    wildcards: fna=genCP174108.1.fna
    resources: tmpdir=<TBD>, disk_mb=1000, disk=1 GB, disk_mib=954, mem_mb=1000, mem=1 GB, mem_mib=954, mem_mb_per_cpu=4000, runtime=15
Job 193 has been submitted with SLURM jobid 11149839 (log: /grphome/grp_Assembly/pcrScripts/snakemake/.snakemake/slurm_logs/rule_prokka/genCP174108.1.fna/11149839.log).

[Wed Apr  1 11:06:09 2026]
rule prokka:
    input: /home/zfears/Desktop/pcrProj/neisseria/strains/specCP016666.1.fna
    output: /home/zfears/Desktop/pcrProj/neisseria/prokka/specCP016666.1.fna.gff, /home/zfears/Desktop/pcrProj/neisseria/prokka/specCP016666.1.fna.ffn
    jobid: 253
    reason: Missing output files: /home/zfears/Desktop/pcrProj/neisseria/prokka/specCP016666.1.fna.gff
    wildcards: fna=specCP016666.1.fna
    resources: tmpdir=<TBD>, disk_mb=1000, disk=1 GB, disk_mib=954, mem_mb=1000, mem=1 GB, mem_mib=954, mem_mb_per_cpu=4000, runtime=15
Job 253 has been submitted with SLURM jobid 11149840 (log: /grphome/grp_Assembly/pcrScripts/snakemake/.snakemake/slurm_logs/rule_prokka/specCP016666.1.fna/11149840.log).

[Wed Apr  1 11:06:10 2026]
rule prokka:
    input: /home/zfears/Desktop/pcrProj/neisseria/strains/genCP045832.1.fna
    output: /home/zfears/Desktop/pcrProj/neisseria/prokka/genCP045832.1.fna.gff, /home/zfears/Desktop/pcrProj/neisseria/prokka/genCP045832.1.fna.ffn
    jobid: 43
    reason: Missing output files: /home/zfears/Desktop/pcrProj/neisseria/prokka/genCP045832.1.fna.gff
    wildcards: fna=genCP045832.1.fna
    resources: tmpdir=<TBD>, disk_mb=1000, disk=1 GB, disk_mib=954, mem_mb=1000, mem=1 GB, mem_mib=954, mem_mb_per_cpu=4000, runtime=15
Job 43 has been submitted with SLURM jobid 11149841 (log: /grphome/grp_Assembly/pcrScripts/snakemake/.snakemake/slurm_logs/rule_prokka/genCP045832.1.fna/11149841.log).

[Wed Apr  1 11:06:10 2026]
rule prokka:
    input: /home/zfears/Desktop/pcrProj/neisseria/strains/specCP009422.1.fna
    output: /home/zfears/Desktop/pcrProj/neisseria/prokka/specCP009422.1.fna.gff, /home/zfears/Desktop/pcrProj/neisseria/prokka/specCP009422.1.fna.ffn
    jobid: 223
    reason: Missing output files: /home/zfears/Desktop/pcrProj/neisseria/prokka/specCP009422.1.fna.gff
    wildcards: fna=specCP009422.1.fna
    resources: tmpdir=<TBD>, disk_mb=1000, disk=1 GB, disk_mib=954, mem_mb=1000, mem=1 GB, mem_mib=954, mem_mb_per_cpu=4000, runtime=15
Job 223 has been submitted with SLURM jobid 11149842 (log: /grphome/grp_Assembly/pcrScripts/snakemake/.snakemake/slurm_logs/rule_prokka/specCP009422.1.fna/11149842.log).

[Wed Apr  1 11:06:10 2026]
rule prokka:
    input: /home/zfears/Desktop/pcrProj/neisseria/strains/genCP098534.1.fna
    output: /home/zfears/Desktop/pcrProj/neisseria/prokka/genCP098534.1.fna.gff, /home/zfears/Desktop/pcrProj/neisseria/prokka/genCP098534.1.fna.ffn
    jobid: 104
    reason: Missing output files: /home/zfears/Desktop/pcrProj/neisseria/prokka/genCP098534.1.fna.gff
    wildcards: fna=genCP098534.1.fna
    resources: tmpdir=<TBD>, disk_mb=1000, disk=1 GB, disk_mib=954, mem_mb=1000, mem=1 GB, mem_mib=954, mem_mb_per_cpu=4000, runtime=15
Job 104 has been submitted with SLURM jobid 11149843 (log: /grphome/grp_Assembly/pcrScripts/snakemake/.snakemake/slurm_logs/rule_prokka/genCP098534.1.fna/11149843.log).

[Wed Apr  1 11:06:10 2026]
rule prokka:
    input: /home/zfears/Desktop/pcrProj/neisseria/strains/genCP145024.1.fna
    output: /home/zfears/Desktop/pcrProj/neisseria/prokka/genCP145024.1.fna.gff, /home/zfears/Desktop/pcrProj/neisseria/prokka/genCP145024.1.fna.ffn
    jobid: 164
    reason: Missing output files: /home/zfears/Desktop/pcrProj/neisseria/prokka/genCP145024.1.fna.gff
    wildcards: fna=genCP145024.1.fna
    resources: tmpdir=<TBD>, disk_mb=1000, disk=1 GB, disk_mib=954, mem_mb=1000, mem=1 GB, mem_mib=954, mem_mb_per_cpu=4000, runtime=15
Job 164 has been submitted with SLURM jobid 11149844 (log: /grphome/grp_Assembly/pcrScripts/snakemake/.snakemake/slurm_logs/rule_prokka/genCP145024.1.fna/11149844.log).

[Wed Apr  1 11:06:10 2026]
rule prokka:
    input: /home/zfears/Desktop/pcrProj/neisseria/strains/genCP073116.1.fna
    output: /home/zfears/Desktop/pcrProj/neisseria/prokka/genCP073116.1.fna.gff, /home/zfears/Desktop/pcrProj/neisseria/prokka/genCP073116.1.fna.ffn
    jobid: 74
    reason: Missing output files: /home/zfears/Desktop/pcrProj/neisseria/prokka/genCP073116.1.fna.gff
    wildcards: fna=genCP073116.1.fna
    resources: tmpdir=<TBD>, disk_mb=1000, disk=1 GB, disk_mib=954, mem_mb=1000, mem=1 GB, mem_mib=954, mem_mb_per_cpu=4000, runtime=15
Job 74 has been submitted with SLURM jobid 11149845 (log: /grphome/grp_Assembly/pcrScripts/snakemake/.snakemake/slurm_logs/rule_prokka/genCP073116.1.fna/11149845.log).

[Wed Apr  1 11:06:10 2026]
rule prokka:
    input: /home/zfears/Desktop/pcrProj/neisseria/strains/genCP130889.1.fna
    output: /home/zfears/Desktop/pcrProj/neisseria/prokka/genCP130889.1.fna.gff, /home/zfears/Desktop/pcrProj/neisseria/prokka/genCP130889.1.fna.ffn
    jobid: 134
    reason: Missing output files: /home/zfears/Desktop/pcrProj/neisseria/prokka/genCP130889.1.fna.gff
    wildcards: fna=genCP130889.1.fna
    resources: tmpdir=<TBD>, disk_mb=1000, disk=1 GB, disk_mib=954, mem_mb=1000, mem=1 GB, mem_mib=954, mem_mb_per_cpu=4000, runtime=15
Job 134 has been submitted with SLURM jobid 11149846 (log: /grphome/grp_Assembly/pcrScripts/snakemake/.snakemake/slurm_logs/rule_prokka/genCP130889.1.fna/11149846.log).

[Wed Apr  1 11:06:10 2026]
rule prokka:
    input: /home/zfears/Desktop/pcrProj/neisseria/strains/specCP031329.1.fna
    output: /home/zfears/Desktop/pcrProj/neisseria/prokka/specCP031329.1.fna.gff, /home/zfears/Desktop/pcrProj/neisseria/prokka/specCP031329.1.fna.ffn
    jobid: 314
    reason: Missing output files: /home/zfears/Desktop/pcrProj/neisseria/prokka/specCP031329.1.fna.gff
    wildcards: fna=specCP031329.1.fna
    resources: tmpdir=<TBD>, disk_mb=1000, disk=1 GB, disk_mib=954, mem_mb=1000, mem=1 GB, mem_mib=954, mem_mb_per_cpu=4000, runtime=15
Job 314 has been submitted with SLURM jobid 11149847 (log: /grphome/grp_Assembly/pcrScripts/snakemake/.snakemake/slurm_logs/rule_prokka/specCP031329.1.fna/11149847.log).

[Wed Apr  1 11:06:10 2026]
rule prokka:
    input: /home/zfears/Desktop/pcrProj/neisseria/strains/genCP020415.1.fna
    output: /home/zfears/Desktop/pcrProj/neisseria/prokka/genCP020415.1.fna.gff, /home/zfears/Desktop/pcrProj/neisseria/prokka/genCP020415.1.fna.ffn
    jobid: 14
    reason: Missing output files: /home/zfears/Desktop/pcrProj/neisseria/prokka/genCP020415.1.fna.gff
    wildcards: fna=genCP020415.1.fna
    resources: tmpdir=<TBD>, disk_mb=1000, disk=1 GB, disk_mib=954, mem_mb=1000, mem=1 GB, mem_mib=954, mem_mb_per_cpu=4000, runtime=15
Job 14 has been submitted with SLURM jobid 11149848 (log: /grphome/grp_Assembly/pcrScripts/snakemake/.snakemake/slurm_logs/rule_prokka/genCP020415.1.fna/11149848.log).

[Wed Apr  1 11:06:11 2026]
rule prokka:
    input: /home/zfears/Desktop/pcrProj/neisseria/strains/genCP174109.1.fna
    output: /home/zfears/Desktop/pcrProj/neisseria/prokka/genCP174109.1.fna.gff, /home/zfears/Desktop/pcrProj/neisseria/prokka/genCP174109.1.fna.ffn
    jobid: 194
    reason: Missing output files: /home/zfears/Desktop/pcrProj/neisseria/prokka/genCP174109.1.fna.gff
    wildcards: fna=genCP174109.1.fna
    resources: tmpdir=<TBD>, disk_mb=1000, disk=1 GB, disk_mib=954, mem_mb=1000, mem=1 GB, mem_mib=954, mem_mb_per_cpu=4000, runtime=15
Job 194 has been submitted with SLURM jobid 11149849 (log: /grphome/grp_Assembly/pcrScripts/snakemake/.snakemake/slurm_logs/rule_prokka/genCP174109.1.fna/11149849.log).

[Wed Apr  1 11:06:11 2026]
rule prokka:
    input: /home/zfears/Desktop/pcrProj/neisseria/strains/specCP016667.1.fna
    output: /home/zfears/Desktop/pcrProj/neisseria/prokka/specCP016667.1.fna.gff, /home/zfears/Desktop/pcrProj/neisseria/prokka/specCP016667.1.fna.ffn
    jobid: 254
    reason: Missing output files: /home/zfears/Desktop/pcrProj/neisseria/prokka/specCP016667.1.fna.gff
    wildcards: fna=specCP016667.1.fna
    resources: tmpdir=<TBD>, disk_mb=1000, disk=1 GB, disk_mib=954, mem_mb=1000, mem=1 GB, mem_mib=954, mem_mb_per_cpu=4000, runtime=15
Job 254 has been submitted with SLURM jobid 11149850 (log: /grphome/grp_Assembly/pcrScripts/snakemake/.snakemake/slurm_logs/rule_prokka/specCP016667.1.fna/11149850.log).

[Wed Apr  1 11:06:11 2026]
rule prokka:
    input: /home/zfears/Desktop/pcrProj/neisseria/strains/genCP046027.1.fna
    output: /home/zfears/Desktop/pcrProj/neisseria/prokka/genCP046027.1.fna.gff, /home/zfears/Desktop/pcrProj/neisseria/prokka/genCP046027.1.fna.ffn
    jobid: 44
    reason: Missing output files: /home/zfears/Desktop/pcrProj/neisseria/prokka/genCP046027.1.fna.gff
    wildcards: fna=genCP046027.1.fna
    resources: tmpdir=<TBD>, disk_mb=1000, disk=1 GB, disk_mib=954, mem_mb=1000, mem=1 GB, mem_mib=954, mem_mb_per_cpu=4000, runtime=15
Job 44 has been submitted with SLURM jobid 11149851 (log: /grphome/grp_Assembly/pcrScripts/snakemake/.snakemake/slurm_logs/rule_prokka/genCP046027.1.fna/11149851.log).

[Wed Apr  1 11:06:11 2026]
rule prokka:
    input: /home/zfears/Desktop/pcrProj/neisseria/strains/specCP012391.1.fna
    output: /home/zfears/Desktop/pcrProj/neisseria/prokka/specCP012391.1.fna.gff, /home/zfears/Desktop/pcrProj/neisseria/prokka/specCP012391.1.fna.ffn
    jobid: 224
    reason: Missing output files: /home/zfears/Desktop/pcrProj/neisseria/prokka/specCP012391.1.fna.gff
    wildcards: fna=specCP012391.1.fna
    resources: tmpdir=<TBD>, disk_mb=1000, disk=1 GB, disk_mib=954, mem_mb=1000, mem=1 GB, mem_mib=954, mem_mb_per_cpu=4000, runtime=15
Job 224 has been submitted with SLURM jobid 11149852 (log: /grphome/grp_Assembly/pcrScripts/snakemake/.snakemake/slurm_logs/rule_prokka/specCP012391.1.fna/11149852.log).
Select jobs to execute...
[Wed Apr  1 11:07:04 2026]
Finished jobid: 25 (Rule: prokka)
1 of 335 steps (0.3%) done
Execute 1 jobs...

[Wed Apr  1 11:07:05 2026]
rule prokka:
    input: /home/zfears/Desktop/pcrProj/neisseria/strains/specCP020422.1.fna
    output: /home/zfears/Desktop/pcrProj/neisseria/prokka/specCP020422.1.fna.gff, /home/zfears/Desktop/pcrProj/neisseria/prokka/specCP020422.1.fna.ffn
    jobid: 283
    reason: Missing output files: /home/zfears/Desktop/pcrProj/neisseria/prokka/specCP020422.1.fna.gff
    wildcards: fna=specCP020422.1.fna
    resources: tmpdir=<TBD>, disk_mb=1000, disk=1 GB, disk_mib=954, mem_mb=1000, mem=1 GB, mem_mib=954, mem_mb_per_cpu=4000, runtime=15
Job 283 has been submitted with SLURM jobid 11149855 (log: /grphome/grp_Assembly/pcrScripts/snakemake/.snakemake/slurm_logs/rule_prokka/specCP020422.1.fna/11149855.log).
[Wed Apr  1 11:07:05 2026]
Finished jobid: 26 (Rule: prokka)
2 of 335 steps (1%) done
[Wed Apr  1 11:07:05 2026]
Finished jobid: 27 (Rule: prokka)
3 of 335 steps (1%) done
[Wed Apr  1 11:07:05 2026]
Finished jobid: 28 (Rule: prokka)
4 of 335 steps (1%) done
[Wed Apr  1 11:07:05 2026]
Finished jobid: 29 (Rule: prokka)
5 of 335 steps (1%) done
[Wed Apr  1 11:07:05 2026]
Finished jobid: 30 (Rule: prokka)
6 of 335 steps (2%) done
[Wed Apr  1 11:07:05 2026]
Finished jobid: 31 (Rule: prokka)
7 of 335 steps (2%) done
[Wed Apr  1 11:07:05 2026]
Finished jobid: 32 (Rule: prokka)
8 of 335 steps (2%) done
Select jobs to execute...
Execute 7 jobs...

[Wed Apr  1 11:07:05 2026]
rule prokka:
    input: /home/zfears/Desktop/pcrProj/neisseria/strains/genCP130891.1.fna
    output: /home/zfears/Desktop/pcrProj/neisseria/prokka/genCP130891.1.fna.gff, /home/zfears/Desktop/pcrProj/neisseria/prokka/genCP130891.1.fna.ffn
    jobid: 136
    reason: Missing output files: /home/zfears/Desktop/pcrProj/neisseria/prokka/genCP130891.1.fna.gff
    wildcards: fna=genCP130891.1.fna
    resources: tmpdir=<TBD>, disk_mb=1000, disk=1 GB, disk_mib=954, mem_mb=1000, mem=1 GB, mem_mib=954, mem_mb_per_cpu=4000, runtime=15
Job 136 has been submitted with SLURM jobid 11149856 (log: /grphome/grp_Assembly/pcrScripts/snakemake/.snakemake/slurm_logs/rule_prokka/genCP130891.1.fna/11149856.log).

[Wed Apr  1 11:07:05 2026]
rule prokka:
    input: /home/zfears/Desktop/pcrProj/neisseria/strains/genCP106813.1.fna
    output: /home/zfears/Desktop/pcrProj/neisseria/prokka/genCP106813.1.fna.gff, /home/zfears/Desktop/pcrProj/neisseria/prokka/genCP106813.1.fna.ffn
    jobid: 121
    reason: Missing output files: /home/zfears/Desktop/pcrProj/neisseria/prokka/genCP106813.1.fna.gff
    wildcards: fna=genCP106813.1.fna
    resources: tmpdir=<TBD>, disk_mb=1000, disk=1 GB, disk_mib=954, mem_mb=1000, mem=1 GB, mem_mib=954, mem_mb_per_cpu=4000, runtime=15
Job 121 has been submitted with SLURM jobid 11149857 (log: /grphome/grp_Assembly/pcrScripts/snakemake/.snakemake/slurm_logs/rule_prokka/genCP106813.1.fna/11149857.log).

[Wed Apr  1 11:07:05 2026]
rule prokka:
    input: /home/zfears/Desktop/pcrProj/neisseria/strains/specCP030818.1.fna
    output: /home/zfears/Desktop/pcrProj/neisseria/prokka/specCP030818.1.fna.gff, /home/zfears/Desktop/pcrProj/neisseria/prokka/specCP030818.1.fna.ffn
    jobid: 301
    reason: Missing output files: /home/zfears/Desktop/pcrProj/neisseria/prokka/specCP030818.1.fna.gff
    wildcards: fna=specCP030818.1.fna
    resources: tmpdir=<TBD>, disk_mb=1000, disk=1 GB, disk_mib=954, mem_mb=1000, mem=1 GB, mem_mib=954, mem_mb_per_cpu=4000, runtime=15
Job 301 has been submitted with SLURM jobid 11149858 (log: /grphome/grp_Assembly/pcrScripts/snakemake/.snakemake/slurm_logs/rule_prokka/specCP030818.1.fna/11149858.log).

[Wed Apr  1 11:07:05 2026]
rule prokka:
    input: /home/zfears/Desktop/pcrProj/neisseria/strains/specCP137531.1.fna
    output: /home/zfears/Desktop/pcrProj/neisseria/prokka/specCP137531.1.fna.gff, /home/zfears/Desktop/pcrProj/neisseria/prokka/specCP137531.1.fna.ffn
    jobid: 331
    reason: Missing output files: /home/zfears/Desktop/pcrProj/neisseria/prokka/specCP137531.1.fna.gff
    wildcards: fna=specCP137531.1.fna
    resources: tmpdir=<TBD>, disk_mb=1000, disk=1 GB, disk_mib=954, mem_mb=1000, mem=1 GB, mem_mib=954, mem_mb_per_cpu=4000, runtime=15
Job 331 has been submitted with SLURM jobid 11149859 (log: /grphome/grp_Assembly/pcrScripts/snakemake/.snakemake/slurm_logs/rule_prokka/specCP137531.1.fna/11149859.log).

[Wed Apr  1 11:07:06 2026]
rule prokka:
    input: /home/zfears/Desktop/pcrProj/neisseria/strains/genCP145071.1.fna
    output: /home/zfears/Desktop/pcrProj/neisseria/prokka/genCP145071.1.fna.gff, /home/zfears/Desktop/pcrProj/neisseria/prokka/genCP145071.1.fna.ffn
    jobid: 181
    reason: Missing output files: /home/zfears/Desktop/pcrProj/neisseria/prokka/genCP145071.1.fna.gff
    wildcards: fna=genCP145071.1.fna
    resources: tmpdir=<TBD>, disk_mb=1000, disk=1 GB, disk_mib=954, mem_mb=1000, mem=1 GB, mem_mib=954, mem_mb_per_cpu=4000, runtime=15
Job 181 has been submitted with SLURM jobid 11149860 (log: /grphome/grp_Assembly/pcrScripts/snakemake/.snakemake/slurm_logs/rule_prokka/genCP145071.1.fna/11149860.log).

[Wed Apr  1 11:07:07 2026]
rule prokka:
    input: /home/zfears/Desktop/pcrProj/neisseria/strains/specCP016654.1.fna
    output: /home/zfears/Desktop/pcrProj/neisseria/prokka/specCP016654.1.fna.gff, /home/zfears/Desktop/pcrProj/neisseria/prokka/specCP016654.1.fna.ffn
    jobid: 241
    reason: Missing output files: /home/zfears/Desktop/pcrProj/neisseria/prokka/specCP016654.1.fna.gff
    wildcards: fna=specCP016654.1.fna
    resources: tmpdir=<TBD>, disk_mb=1000, disk=1 GB, disk_mib=954, mem_mb=1000, mem=1 GB, mem_mib=954, mem_mb_per_cpu=4000, runtime=15
Job 241 has been submitted with SLURM jobid 11149861 (log: /grphome/grp_Assembly/pcrScripts/snakemake/.snakemake/slurm_logs/rule_prokka/specCP016654.1.fna/11149861.log).

[Wed Apr  1 11:07:07 2026]
rule prokka:
    input: /home/zfears/Desktop/pcrProj/neisseria/strains/genCP061485.1.fna
    output: /home/zfears/Desktop/pcrProj/neisseria/prokka/genCP061485.1.fna.gff, /home/zfears/Desktop/pcrProj/neisseria/prokka/genCP061485.1.fna.ffn
    jobid: 62
    reason: Missing output files: /home/zfears/Desktop/pcrProj/neisseria/prokka/genCP061485.1.fna.gff
    wildcards: fna=genCP061485.1.fna
    resources: tmpdir=<TBD>, disk_mb=1000, disk=1 GB, disk_mib=954, mem_mb=1000, mem=1 GB, mem_mib=954, mem_mb_per_cpu=4000, runtime=15
Job 62 has been submitted with SLURM jobid 11149862 (log: /grphome/grp_Assembly/pcrScripts/snakemake/.snakemake/slurm_logs/rule_prokka/genCP061485.1.fna/11149862.log).
Select jobs to execute...
[Wed Apr  1 11:07:45 2026]
Finished jobid: 132 (Rule: prokka)
9 of 335 steps (3%) done
Execute 1 jobs...

[Wed Apr  1 11:07:45 2026]
rule prokka:
    input: /home/zfears/Desktop/pcrProj/neisseria/strains/genCP130897.1.fna
    output: /home/zfears/Desktop/pcrProj/neisseria/prokka/genCP130897.1.fna.gff, /home/zfears/Desktop/pcrProj/neisseria/prokka/genCP130897.1.fna.ffn
    jobid: 142
    reason: Missing output files: /home/zfears/Desktop/pcrProj/neisseria/prokka/genCP130897.1.fna.gff
    wildcards: fna=genCP130897.1.fna
    resources: tmpdir=<TBD>, disk_mb=1000, disk=1 GB, disk_mib=954, mem_mb=1000, mem=1 GB, mem_mib=954, mem_mb_per_cpu=4000, runtime=15
Job 142 has been submitted with SLURM jobid 11149866 (log: /grphome/grp_Assembly/pcrScripts/snakemake/.snakemake/slurm_logs/rule_prokka/genCP130897.1.fna/11149866.log).
[Wed Apr  1 11:07:46 2026]
Finished jobid: 133 (Rule: prokka)
10 of 335 steps (3%) done
Select jobs to execute...
Execute 1 jobs...

[Wed Apr  1 11:07:46 2026]
rule prokka:
    input: /home/zfears/Desktop/pcrProj/neisseria/strains/specCP021723.1.fna
    output: /home/zfears/Desktop/pcrProj/neisseria/prokka/specCP021723.1.fna.gff, /home/zfears/Desktop/pcrProj/neisseria/prokka/specCP021723.1.fna.ffn
    jobid: 292
    reason: Missing output files: /home/zfears/Desktop/pcrProj/neisseria/prokka/specCP021723.1.fna.gff
    wildcards: fna=specCP021723.1.fna
    resources: tmpdir=<TBD>, disk_mb=1000, disk=1 GB, disk_mib=954, mem_mb=1000, mem=1 GB, mem_mib=954, mem_mb_per_cpu=4000, runtime=15
Job 292 has been submitted with SLURM jobid 11149867 (log: /grphome/grp_Assembly/pcrScripts/snakemake/.snakemake/slurm_logs/rule_prokka/specCP021723.1.fna/11149867.log).
Select jobs to execute...
[Wed Apr  1 11:12:47 2026]
Finished jobid: 46 (Rule: prokka)
11 of 335 steps (3%) done
Execute 1 jobs...

[Wed Apr  1 11:12:47 2026]
rule prokka:
    input: /home/zfears/Desktop/pcrProj/neisseria/strains/genCP145048.1.fna
    output: /home/zfears/Desktop/pcrProj/neisseria/prokka/genCP145048.1.fna.gff, /home/zfears/Desktop/pcrProj/neisseria/prokka/genCP145048.1.fna.ffn
    jobid: 172
    reason: Missing output files: /home/zfears/Desktop/pcrProj/neisseria/prokka/genCP145048.1.fna.gff
    wildcards: fna=genCP145048.1.fna
    resources: tmpdir=<TBD>, disk_mb=1000, disk=1 GB, disk_mib=954, mem_mb=1000, mem=1 GB, mem_mib=954, mem_mb_per_cpu=4000, runtime=15
Job 172 has been submitted with SLURM jobid 11149895 (log: /grphome/grp_Assembly/pcrScripts/snakemake/.snakemake/slurm_logs/rule_prokka/genCP145048.1.fna/11149895.log).
[Wed Apr  1 11:12:49 2026]
Finished jobid: 107 (Rule: prokka)
12 of 335 steps (4%) done
[Wed Apr  1 11:12:49 2026]
Finished jobid: 287 (Rule: prokka)
13 of 335 steps (4%) done
[Wed Apr  1 11:12:49 2026]
Finished jobid: 113 (Rule: prokka)
14 of 335 steps (4%) done
[Wed Apr  1 11:12:49 2026]
Finished jobid: 293 (Rule: prokka)
15 of 335 steps (4%) done
[Wed Apr  1 11:12:49 2026]
Finished jobid: 54 (Rule: prokka)
16 of 335 steps (5%) done
[Wed Apr  1 11:12:49 2026]
Finished jobid: 294 (Rule: prokka)
17 of 335 steps (5%) done
[Wed Apr  1 11:12:49 2026]
Finished jobid: 307 (Rule: prokka)
18 of 335 steps (5%) done
[Wed Apr  1 11:12:49 2026]
Finished jobid: 308 (Rule: prokka)
19 of 335 steps (6%) done
[Wed Apr  1 11:12:49 2026]
Finished jobid: 309 (Rule: prokka)
20 of 335 steps (6%) done
[Wed Apr  1 11:12:49 2026]
Finished jobid: 70 (Rule: prokka)
21 of 335 steps (6%) done
[Wed Apr  1 11:12:49 2026]
Finished jobid: 130 (Rule: prokka)
22 of 335 steps (7%) done
[Wed Apr  1 11:12:49 2026]
Finished jobid: 310 (Rule: prokka)
23 of 335 steps (7%) done
[Wed Apr  1 11:12:49 2026]
Finished jobid: 131 (Rule: prokka)
24 of 335 steps (7%) done
[Wed Apr  1 11:12:49 2026]
Finished jobid: 311 (Rule: prokka)
25 of 335 steps (7%) done
[Wed Apr  1 11:12:49 2026]
Finished jobid: 197 (Rule: prokka)
26 of 335 steps (8%) done
[Wed Apr  1 11:12:49 2026]
Finished jobid: 257 (Rule: prokka)
27 of 335 steps (8%) done
[Wed Apr  1 11:12:49 2026]
Finished jobid: 18 (Rule: prokka)
28 of 335 steps (8%) done
[Wed Apr  1 11:12:49 2026]
Finished jobid: 198 (Rule: prokka)
29 of 335 steps (9%) done
[Wed Apr  1 11:12:49 2026]
Finished jobid: 258 (Rule: prokka)
30 of 335 steps (9%) done
[Wed Apr  1 11:12:49 2026]
Finished jobid: 199 (Rule: prokka)
31 of 335 steps (9%) done
[Wed Apr  1 11:12:50 2026]
Finished jobid: 259 (Rule: prokka)
32 of 335 steps (10%) done
[Wed Apr  1 11:12:50 2026]
Finished jobid: 20 (Rule: prokka)
33 of 335 steps (10%) done
[Wed Apr  1 11:12:50 2026]
Finished jobid: 200 (Rule: prokka)
34 of 335 steps (10%) done
[Wed Apr  1 11:12:50 2026]
Finished jobid: 260 (Rule: prokka)
35 of 335 steps (10%) done
[Wed Apr  1 11:12:50 2026]
Finished jobid: 201 (Rule: prokka)
36 of 335 steps (11%) done
[Wed Apr  1 11:12:50 2026]
Finished jobid: 261 (Rule: prokka)
37 of 335 steps (11%) done
[Wed Apr  1 11:12:50 2026]
Finished jobid: 262 (Rule: prokka)
38 of 335 steps (11%) done
[Wed Apr  1 11:12:50 2026]
Finished jobid: 202 (Rule: prokka)
39 of 335 steps (12%) done
[Wed Apr  1 11:12:50 2026]
Finished jobid: 22 (Rule: prokka)
40 of 335 steps (12%) done
[Wed Apr  1 11:12:50 2026]
Finished jobid: 23 (Rule: prokka)
41 of 335 steps (12%) done
[Wed Apr  1 11:12:50 2026]
Finished jobid: 203 (Rule: prokka)
42 of 335 steps (13%) done
[Wed Apr  1 11:12:50 2026]
Finished jobid: 263 (Rule: prokka)
43 of 335 steps (13%) done
[Wed Apr  1 11:12:50 2026]
Finished jobid: 24 (Rule: prokka)
44 of 335 steps (13%) done
[Wed Apr  1 11:12:50 2026]
Finished jobid: 204 (Rule: prokka)
45 of 335 steps (13%) done
[Wed Apr  1 11:12:50 2026]
Finished jobid: 264 (Rule: prokka)
46 of 335 steps (14%) done
[Wed Apr  1 11:12:50 2026]
Finished jobid: 205 (Rule: prokka)
47 of 335 steps (14%) done
[Wed Apr  1 11:12:50 2026]
Finished jobid: 265 (Rule: prokka)
48 of 335 steps (14%) done
[Wed Apr  1 11:12:50 2026]
Finished jobid: 206 (Rule: prokka)
49 of 335 steps (15%) done
[Wed Apr  1 11:12:50 2026]
Finished jobid: 266 (Rule: prokka)
50 of 335 steps (15%) done
[Wed Apr  1 11:12:50 2026]
Finished jobid: 267 (Rule: prokka)
51 of 335 steps (15%) done
[Wed Apr  1 11:12:50 2026]
Finished jobid: 268 (Rule: prokka)
52 of 335 steps (16%) done
[Wed Apr  1 11:12:50 2026]
Finished jobid: 208 (Rule: prokka)
53 of 335 steps (16%) done
[Wed Apr  1 11:12:50 2026]
Finished jobid: 209 (Rule: prokka)
54 of 335 steps (16%) done
[Wed Apr  1 11:12:50 2026]
Finished jobid: 269 (Rule: prokka)
55 of 335 steps (16%) done
[Wed Apr  1 11:12:50 2026]
Finished jobid: 210 (Rule: prokka)
56 of 335 steps (17%) done
[Wed Apr  1 11:12:50 2026]
Finished jobid: 270 (Rule: prokka)
57 of 335 steps (17%) done
[Wed Apr  1 11:12:50 2026]
Finished jobid: 271 (Rule: prokka)
58 of 335 steps (17%) done
[Wed Apr  1 11:12:50 2026]
Finished jobid: 272 (Rule: prokka)
59 of 335 steps (18%) done
[Wed Apr  1 11:12:50 2026]
Finished jobid: 212 (Rule: prokka)
60 of 335 steps (18%) done
[Wed Apr  1 11:12:50 2026]
Finished jobid: 273 (Rule: prokka)
61 of 335 steps (18%) done
[Wed Apr  1 11:12:51 2026]
Finished jobid: 33 (Rule: prokka)
62 of 335 steps (19%) done
[Wed Apr  1 11:12:51 2026]
Finished jobid: 213 (Rule: prokka)
63 of 335 steps (19%) done
[Wed Apr  1 11:12:51 2026]
Finished jobid: 214 (Rule: prokka)
64 of 335 steps (19%) done
[Wed Apr  1 11:12:51 2026]
Finished jobid: 34 (Rule: prokka)
65 of 335 steps (19%) done
[Wed Apr  1 11:12:51 2026]
Finished jobid: 274 (Rule: prokka)
66 of 335 steps (20%) done
[Wed Apr  1 11:12:51 2026]
Finished jobid: 255 (Rule: prokka)
67 of 335 steps (20%) done
[Wed Apr  1 11:12:51 2026]
Finished jobid: 15 (Rule: prokka)
68 of 335 steps (20%) done
[Wed Apr  1 11:12:51 2026]
Finished jobid: 137 (Rule: prokka)
69 of 335 steps (21%) done
[Wed Apr  1 11:12:51 2026]
Finished jobid: 47 (Rule: prokka)
70 of 335 steps (21%) done
[Wed Apr  1 11:12:51 2026]
Finished jobid: 317 (Rule: prokka)
71 of 335 steps (21%) done
[Wed Apr  1 11:12:51 2026]
Finished jobid: 167 (Rule: prokka)
72 of 335 steps (21%) done
[Wed Apr  1 11:12:51 2026]
Finished jobid: 227 (Rule: prokka)
73 of 335 steps (22%) done
[Wed Apr  1 11:12:51 2026]
Finished jobid: 78 (Rule: prokka)
74 of 335 steps (22%) done
[Wed Apr  1 11:12:51 2026]
Finished jobid: 138 (Rule: prokka)
75 of 335 steps (22%) done
[Wed Apr  1 11:12:51 2026]
Finished jobid: 108 (Rule: prokka)
76 of 335 steps (23%) done
[Wed Apr  1 11:12:51 2026]
Finished jobid: 288 (Rule: prokka)
77 of 335 steps (23%) done
[Wed Apr  1 11:12:51 2026]
Finished jobid: 48 (Rule: prokka)
78 of 335 steps (23%) done
[Wed Apr  1 11:12:51 2026]
Finished jobid: 318 (Rule: prokka)
79 of 335 steps (24%) done
[Wed Apr  1 11:12:51 2026]
Finished jobid: 168 (Rule: prokka)
80 of 335 steps (24%) done
[Wed Apr  1 11:12:51 2026]
Finished jobid: 228 (Rule: prokka)
81 of 335 steps (24%) done
[Wed Apr  1 11:12:51 2026]
Finished jobid: 195 (Rule: prokka)
82 of 335 steps (24%) done
[Wed Apr  1 11:12:51 2026]
Finished jobid: 79 (Rule: prokka)
83 of 335 steps (25%) done
[Wed Apr  1 11:12:51 2026]
Finished jobid: 139 (Rule: prokka)
84 of 335 steps (25%) done
[Wed Apr  1 11:12:51 2026]
Finished jobid: 49 (Rule: prokka)
85 of 335 steps (25%) done
[Wed Apr  1 11:12:51 2026]
Finished jobid: 109 (Rule: prokka)
86 of 335 steps (26%) done
[Wed Apr  1 11:12:51 2026]
Finished jobid: 289 (Rule: prokka)
87 of 335 steps (26%) done
[Wed Apr  1 11:12:51 2026]
Finished jobid: 319 (Rule: prokka)
88 of 335 steps (26%) done
[Wed Apr  1 11:12:51 2026]
Finished jobid: 169 (Rule: prokka)
89 of 335 steps (27%) done
[Wed Apr  1 11:12:52 2026]
Finished jobid: 229 (Rule: prokka)
90 of 335 steps (27%) done
[Wed Apr  1 11:12:52 2026]
Finished jobid: 80 (Rule: prokka)
91 of 335 steps (27%) done
[Wed Apr  1 11:12:52 2026]
Finished jobid: 140 (Rule: prokka)
92 of 335 steps (27%) done
[Wed Apr  1 11:12:52 2026]
Finished jobid: 290 (Rule: prokka)
93 of 335 steps (28%) done
[Wed Apr  1 11:12:52 2026]
Finished jobid: 110 (Rule: prokka)
94 of 335 steps (28%) done
[Wed Apr  1 11:12:52 2026]
Finished jobid: 50 (Rule: prokka)
95 of 335 steps (28%) done
[Wed Apr  1 11:12:52 2026]
Finished jobid: 320 (Rule: prokka)
96 of 335 steps (29%) done
[Wed Apr  1 11:12:52 2026]
Finished jobid: 170 (Rule: prokka)
97 of 335 steps (29%) done
[Wed Apr  1 11:12:52 2026]
Finished jobid: 230 (Rule: prokka)
98 of 335 steps (29%) done
[Wed Apr  1 11:12:52 2026]
Finished jobid: 81 (Rule: prokka)
99 of 335 steps (30%) done
[Wed Apr  1 11:12:52 2026]
Finished jobid: 141 (Rule: prokka)
100 of 335 steps (30%) done
[Wed Apr  1 11:12:52 2026]
Finished jobid: 51 (Rule: prokka)
101 of 335 steps (30%) done
[Wed Apr  1 11:12:52 2026]
Finished jobid: 111 (Rule: prokka)
102 of 335 steps (30%) done
[Wed Apr  1 11:12:52 2026]
Finished jobid: 291 (Rule: prokka)
103 of 335 steps (31%) done
[Wed Apr  1 11:12:52 2026]
Finished jobid: 321 (Rule: prokka)
104 of 335 steps (31%) done
[Wed Apr  1 11:12:52 2026]
Finished jobid: 171 (Rule: prokka)
105 of 335 steps (31%) done
[Wed Apr  1 11:12:52 2026]
Finished jobid: 82 (Rule: prokka)
106 of 335 steps (32%) done
[Wed Apr  1 11:12:52 2026]
Finished jobid: 233 (Rule: prokka)
107 of 335 steps (32%) done
[Wed Apr  1 11:12:52 2026]
Finished jobid: 84 (Rule: prokka)
108 of 335 steps (32%) done
[Wed Apr  1 11:12:52 2026]
Finished jobid: 144 (Rule: prokka)
109 of 335 steps (33%) done
[Wed Apr  1 11:12:52 2026]
Finished jobid: 324 (Rule: prokka)
110 of 335 steps (33%) done
[Wed Apr  1 11:12:52 2026]
Finished jobid: 174 (Rule: prokka)
111 of 335 steps (33%) done
[Wed Apr  1 11:12:52 2026]
Finished jobid: 234 (Rule: prokka)
112 of 335 steps (33%) done
[Wed Apr  1 11:12:52 2026]
Finished jobid: 145 (Rule: prokka)
113 of 335 steps (34%) done
[Wed Apr  1 11:12:52 2026]
Finished jobid: 325 (Rule: prokka)
114 of 335 steps (34%) done
[Wed Apr  1 11:12:52 2026]
Finished jobid: 175 (Rule: prokka)
115 of 335 steps (34%) done
[Wed Apr  1 11:12:52 2026]
Finished jobid: 235 (Rule: prokka)
116 of 335 steps (35%) done
[Wed Apr  1 11:12:52 2026]
Finished jobid: 86 (Rule: prokka)
117 of 335 steps (35%) done
[Wed Apr  1 11:12:52 2026]
Finished jobid: 146 (Rule: prokka)
118 of 335 steps (35%) done
[Wed Apr  1 11:12:53 2026]
Finished jobid: 56 (Rule: prokka)
119 of 335 steps (36%) done
[Wed Apr  1 11:12:53 2026]
Finished jobid: 116 (Rule: prokka)
120 of 335 steps (36%) done
[Wed Apr  1 11:12:53 2026]
Finished jobid: 296 (Rule: prokka)
121 of 335 steps (36%) done
[Wed Apr  1 11:12:53 2026]
Finished jobid: 326 (Rule: prokka)
122 of 335 steps (36%) done
[Wed Apr  1 11:12:53 2026]
Finished jobid: 176 (Rule: prokka)
123 of 335 steps (37%) done
[Wed Apr  1 11:12:53 2026]
Finished jobid: 236 (Rule: prokka)
124 of 335 steps (37%) done
[Wed Apr  1 11:12:53 2026]
Finished jobid: 87 (Rule: prokka)
125 of 335 steps (37%) done
[Wed Apr  1 11:12:53 2026]
Finished jobid: 147 (Rule: prokka)
126 of 335 steps (38%) done
[Wed Apr  1 11:12:53 2026]
Finished jobid: 57 (Rule: prokka)
127 of 335 steps (38%) done
[Wed Apr  1 11:12:53 2026]
Finished jobid: 117 (Rule: prokka)
128 of 335 steps (38%) done
[Wed Apr  1 11:12:53 2026]
Finished jobid: 297 (Rule: prokka)
129 of 335 steps (39%) done
[Wed Apr  1 11:12:53 2026]
Finished jobid: 327 (Rule: prokka)
130 of 335 steps (39%) done
[Wed Apr  1 11:12:53 2026]
Finished jobid: 177 (Rule: prokka)
131 of 335 steps (39%) done
[Wed Apr  1 11:12:53 2026]
Finished jobid: 237 (Rule: prokka)
132 of 335 steps (39%) done
[Wed Apr  1 11:12:53 2026]
Finished jobid: 42 (Rule: prokka)
133 of 335 steps (40%) done
[Wed Apr  1 11:12:53 2026]
Finished jobid: 224 (Rule: prokka)
134 of 335 steps (40%) done
Select jobs to execute...
Execute 100 jobs...

[Wed Apr  1 11:12:53 2026]
rule prokka:
    input: /home/zfears/Desktop/pcrProj/neisseria/strains/genCP130890.1.fna
    output: /home/zfears/Desktop/pcrProj/neisseria/prokka/genCP130890.1.fna.gff, /home/zfears/Desktop/pcrProj/neisseria/prokka/genCP130890.1.fna.ffn
    jobid: 135
    reason: Missing output files: /home/zfears/Desktop/pcrProj/neisseria/prokka/genCP130890.1.fna.gff
    wildcards: fna=genCP130890.1.fna
    resources: tmpdir=<TBD>, disk_mb=1000, disk=1 GB, disk_mib=954, mem_mb=1000, mem=1 GB, mem_mib=954, mem_mb_per_cpu=4000, runtime=15
Job 135 has been submitted with SLURM jobid 11149896 (log: /grphome/grp_Assembly/pcrScripts/snakemake/.snakemake/slurm_logs/rule_prokka/genCP130890.1.fna/11149896.log).

[Wed Apr  1 11:12:53 2026]
rule prokka:
    input: /home/zfears/Desktop/pcrProj/neisseria/strains/specCP012392.1.fna
    output: /home/zfears/Desktop/pcrProj/neisseria/prokka/specCP012392.1.fna.gff, /home/zfears/Desktop/pcrProj/neisseria/prokka/specCP012392.1.fna.ffn
    jobid: 225
    reason: Missing output files: /home/zfears/Desktop/pcrProj/neisseria/prokka/specCP012392.1.fna.gff
    wildcards: fna=specCP012392.1.fna
    resources: tmpdir=<TBD>, disk_mb=1000, disk=1 GB, disk_mib=954, mem_mb=1000, mem=1 GB, mem_mib=954, mem_mb_per_cpu=4000, runtime=15
Job 225 has been submitted with SLURM jobid 11149897 (log: /grphome/grp_Assembly/pcrScripts/snakemake/.snakemake/slurm_logs/rule_prokka/specCP012392.1.fna/11149897.log).

[Wed Apr  1 11:12:53 2026]
rule prokka:
    input: /home/zfears/Desktop/pcrProj/neisseria/strains/genCP073118.1.fna
    output: /home/zfears/Desktop/pcrProj/neisseria/prokka/genCP073118.1.fna.gff, /home/zfears/Desktop/pcrProj/neisseria/prokka/genCP073118.1.fna.ffn
    jobid: 76
    reason: Missing output files: /home/zfears/Desktop/pcrProj/neisseria/prokka/genCP073118.1.fna.gff
    wildcards: fna=genCP073118.1.fna
    resources: tmpdir=<TBD>, disk_mb=1000, disk=1 GB, disk_mib=954, mem_mb=1000, mem=1 GB, mem_mib=954, mem_mb_per_cpu=4000, runtime=15
Job 76 has been submitted with SLURM jobid 11149898 (log: /grphome/grp_Assembly/pcrScripts/snakemake/.snakemake/slurm_logs/rule_prokka/genCP073118.1.fna/11149898.log).

[Wed Apr  1 11:12:53 2026]
rule prokka:
    input: /home/zfears/Desktop/pcrProj/neisseria/strains/specCP031331.1.fna
    output: /home/zfears/Desktop/pcrProj/neisseria/prokka/specCP031331.1.fna.gff, /home/zfears/Desktop/pcrProj/neisseria/prokka/specCP031331.1.fna.ffn
    jobid: 316
    reason: Missing output files: /home/zfears/Desktop/pcrProj/neisseria/prokka/specCP031331.1.fna.gff
    wildcards: fna=specCP031331.1.fna
    resources: tmpdir=<TBD>, disk_mb=1000, disk=1 GB, disk_mib=954, mem_mb=1000, mem=1 GB, mem_mib=954, mem_mb_per_cpu=4000, runtime=15
Job 316 has been submitted with SLURM jobid 11149899 (log: /grphome/grp_Assembly/pcrScripts/snakemake/.snakemake/slurm_logs/rule_prokka/specCP031331.1.fna/11149899.log).

[Wed Apr  1 11:12:54 2026]
rule prokka:
    input: /home/zfears/Desktop/pcrProj/neisseria/strains/genCP098538.1.fna
    output: /home/zfears/Desktop/pcrProj/neisseria/prokka/genCP098538.1.fna.gff, /home/zfears/Desktop/pcrProj/neisseria/prokka/genCP098538.1.fna.ffn
    jobid: 106
    reason: Missing output files: /home/zfears/Desktop/pcrProj/neisseria/prokka/genCP098538.1.fna.gff
    wildcards: fna=genCP098538.1.fna
    resources: tmpdir=<TBD>, disk_mb=1000, disk=1 GB, disk_mib=954, mem_mb=1000, mem=1 GB, mem_mib=954, mem_mb_per_cpu=4000, runtime=15
Job 106 has been submitted with SLURM jobid 11149900 (log: /grphome/grp_Assembly/pcrScripts/snakemake/.snakemake/slurm_logs/rule_prokka/genCP098538.1.fna/11149900.log).

[Wed Apr  1 11:12:54 2026]
rule prokka:
    input: /home/zfears/Desktop/pcrProj/neisseria/strains/specCP021518.1.fna
    output: /home/zfears/Desktop/pcrProj/neisseria/prokka/specCP021518.1.fna.gff, /home/zfears/Desktop/pcrProj/neisseria/prokka/specCP021518.1.fna.ffn
    jobid: 286
    reason: Missing output files: /home/zfears/Desktop/pcrProj/neisseria/prokka/specCP021518.1.fna.gff
    wildcards: fna=specCP021518.1.fna
    resources: tmpdir=<TBD>, disk_mb=1000, disk=1 GB, disk_mib=954, mem_mb=1000, mem=1 GB, mem_mib=954, mem_mb_per_cpu=4000, runtime=15
Job 286 has been submitted with SLURM jobid 11149901 (log: /grphome/grp_Assembly/pcrScripts/snakemake/.snakemake/slurm_logs/rule_prokka/specCP021518.1.fna/11149901.log).

[Wed Apr  1 11:12:54 2026]
rule prokka:
    input: /home/zfears/Desktop/pcrProj/neisseria/strains/genCP145028.1.fna
    output: /home/zfears/Desktop/pcrProj/neisseria/prokka/genCP145028.1.fna.gff, /home/zfears/Desktop/pcrProj/neisseria/prokka/genCP145028.1.fna.ffn
    jobid: 166
    reason: Missing output files: /home/zfears/Desktop/pcrProj/neisseria/prokka/genCP145028.1.fna.gff
    wildcards: fna=genCP145028.1.fna
    resources: tmpdir=<TBD>, disk_mb=1000, disk=1 GB, disk_mib=954, mem_mb=1000, mem=1 GB, mem_mib=954, mem_mb_per_cpu=4000, runtime=15
Job 166 has been submitted with SLURM jobid 11149902 (log: /grphome/grp_Assembly/pcrScripts/snakemake/.snakemake/slurm_logs/rule_prokka/genCP145028.1.fna/11149902.log).

[Wed Apr  1 11:12:54 2026]
rule prokka:
    input: /home/zfears/Desktop/pcrProj/neisseria/strains/specCP012393.1.fna
    output: /home/zfears/Desktop/pcrProj/neisseria/prokka/specCP012393.1.fna.gff, /home/zfears/Desktop/pcrProj/neisseria/prokka/specCP012393.1.fna.ffn
    jobid: 226
    reason: Missing output files: /home/zfears/Desktop/pcrProj/neisseria/prokka/specCP012393.1.fna.gff
    wildcards: fna=specCP012393.1.fna
    resources: tmpdir=<TBD>, disk_mb=1000, disk=1 GB, disk_mib=954, mem_mb=1000, mem=1 GB, mem_mib=954, mem_mb_per_cpu=4000, runtime=15
Job 226 has been submitted with SLURM jobid 11149903 (log: /grphome/grp_Assembly/pcrScripts/snakemake/.snakemake/slurm_logs/rule_prokka/specCP012393.1.fna/11149903.log).

[Wed Apr  1 11:12:54 2026]
rule prokka:
    input: /home/zfears/Desktop/pcrProj/neisseria/strains/genCP020452.1.fna
    output: /home/zfears/Desktop/pcrProj/neisseria/prokka/genCP020452.1.fna.gff, /home/zfears/Desktop/pcrProj/neisseria/prokka/genCP020452.1.fna.ffn
    jobid: 16
    reason: Missing output files: /home/zfears/Desktop/pcrProj/neisseria/prokka/genCP020452.1.fna.gff
    wildcards: fna=genCP020452.1.fna
    resources: tmpdir=<TBD>, disk_mb=1000, disk=1 GB, disk_mib=954, mem_mb=1000, mem=1 GB, mem_mib=954, mem_mb_per_cpu=4000, runtime=15
Job 16 has been submitted with SLURM jobid 11149904 (log: /grphome/grp_Assembly/pcrScripts/snakemake/.snakemake/slurm_logs/rule_prokka/genCP020452.1.fna/11149904.log).

[Wed Apr  1 11:12:55 2026]
rule prokka:
    input: /home/zfears/Desktop/pcrProj/neisseria/strains/genCP174111.1.fna
    output: /home/zfears/Desktop/pcrProj/neisseria/prokka/genCP174111.1.fna.gff, /home/zfears/Desktop/pcrProj/neisseria/prokka/genCP174111.1.fna.ffn
    jobid: 196
    reason: Missing output files: /home/zfears/Desktop/pcrProj/neisseria/prokka/genCP174111.1.fna.gff
    wildcards: fna=genCP174111.1.fna
    resources: tmpdir=<TBD>, disk_mb=1000, disk=1 GB, disk_mib=954, mem_mb=1000, mem=1 GB, mem_mib=954, mem_mb_per_cpu=4000, runtime=15
Job 196 has been submitted with SLURM jobid 11149905 (log: /grphome/grp_Assembly/pcrScripts/snakemake/.snakemake/slurm_logs/rule_prokka/genCP174111.1.fna/11149905.log).

[Wed Apr  1 11:12:55 2026]
rule prokka:
    input: /home/zfears/Desktop/pcrProj/neisseria/strains/specCP016669.1.fna
    output: /home/zfears/Desktop/pcrProj/neisseria/prokka/specCP016669.1.fna.gff, /home/zfears/Desktop/pcrProj/neisseria/prokka/specCP016669.1.fna.ffn
    jobid: 256
    reason: Missing output files: /home/zfears/Desktop/pcrProj/neisseria/prokka/specCP016669.1.fna.gff
    wildcards: fna=specCP016669.1.fna
    resources: tmpdir=<TBD>, disk_mb=1000, disk=1 GB, disk_mib=954, mem_mb=1000, mem=1 GB, mem_mib=954, mem_mb_per_cpu=4000, runtime=15
Job 256 has been submitted with SLURM jobid 11149906 (log: /grphome/grp_Assembly/pcrScripts/snakemake/.snakemake/slurm_logs/rule_prokka/specCP016669.1.fna/11149906.log).

[Wed Apr  1 11:12:55 2026]
rule prokka:
    input: /home/zfears/Desktop/pcrProj/neisseria/strains/genCP073119.1.fna
    output: /home/zfears/Desktop/pcrProj/neisseria/prokka/genCP073119.1.fna.gff, /home/zfears/Desktop/pcrProj/neisseria/prokka/genCP073119.1.fna.ffn
    jobid: 77
    reason: Missing output files: /home/zfears/Desktop/pcrProj/neisseria/prokka/genCP073119.1.fna.gff
    wildcards: fna=genCP073119.1.fna
    resources: tmpdir=<TBD>, disk_mb=1000, disk=1 GB, disk_mib=954, mem_mb=1000, mem=1 GB, mem_mib=954, mem_mb_per_cpu=4000, runtime=15
Job 77 has been submitted with SLURM jobid 11149907 (log: /grphome/grp_Assembly/pcrScripts/snakemake/.snakemake/slurm_logs/rule_prokka/genCP073119.1.fna/11149907.log).

[Wed Apr  1 11:12:55 2026]
rule prokka:
    input: /home/zfears/Desktop/pcrProj/neisseria/strains/specCP016644.1.fna
    output: /home/zfears/Desktop/pcrProj/neisseria/prokka/specCP016644.1.fna.gff, /home/zfears/Desktop/pcrProj/neisseria/prokka/specCP016644.1.fna.ffn
    jobid: 231
    reason: Missing output files: /home/zfears/Desktop/pcrProj/neisseria/prokka/specCP016644.1.fna.gff
    wildcards: fna=specCP016644.1.fna
    resources: tmpdir=<TBD>, disk_mb=1000, disk=1 GB, disk_mib=954, mem_mb=1000, mem=1 GB, mem_mib=954, mem_mb_per_cpu=4000, runtime=15
Job 231 has been submitted with SLURM jobid 11149908 (log: /grphome/grp_Assembly/pcrScripts/snakemake/.snakemake/slurm_logs/rule_prokka/specCP016644.1.fna/11149908.log).

[Wed Apr  1 11:12:56 2026]
rule prokka:
    input: /home/zfears/Desktop/pcrProj/neisseria/strains/specCP045960.1.fna
    output: /home/zfears/Desktop/pcrProj/neisseria/prokka/specCP045960.1.fna.gff, /home/zfears/Desktop/pcrProj/neisseria/prokka/specCP045960.1.fna.ffn
    jobid: 322
    reason: Missing output files: /home/zfears/Desktop/pcrProj/neisseria/prokka/specCP045960.1.fna.gff
    wildcards: fna=specCP045960.1.fna
    resources: tmpdir=<TBD>, disk_mb=1000, disk=1 GB, disk_mib=954, mem_mb=1000, mem=1 GB, mem_mib=954, mem_mb_per_cpu=4000, runtime=15
Job 322 has been submitted with SLURM jobid 11149909 (log: /grphome/grp_Assembly/pcrScripts/snakemake/.snakemake/slurm_logs/rule_prokka/specCP045960.1.fna/11149909.log).

[Wed Apr  1 11:12:56 2026]
rule prokka:
    input: /home/zfears/Desktop/pcrProj/neisseria/strains/genCP048905.1.fna
    output: /home/zfears/Desktop/pcrProj/neisseria/prokka/genCP048905.1.fna.gff, /home/zfears/Desktop/pcrProj/neisseria/prokka/genCP048905.1.fna.ffn
    jobid: 52
    reason: Missing output files: /home/zfears/Desktop/pcrProj/neisseria/prokka/genCP048905.1.fna.gff
    wildcards: fna=genCP048905.1.fna
    resources: tmpdir=<TBD>, disk_mb=1000, disk=1 GB, disk_mib=954, mem_mb=1000, mem=1 GB, mem_mib=954, mem_mb_per_cpu=4000, runtime=15
Job 52 has been submitted with SLURM jobid 11149910 (log: /grphome/grp_Assembly/pcrScripts/snakemake/.snakemake/slurm_logs/rule_prokka/genCP048905.1.fna/11149910.log).

[Wed Apr  1 11:12:56 2026]
rule prokka:
    input: /home/zfears/Desktop/pcrProj/neisseria/strains/genCP104546.1.fna
    output: /home/zfears/Desktop/pcrProj/neisseria/prokka/genCP104546.1.fna.gff, /home/zfears/Desktop/pcrProj/neisseria/prokka/genCP104546.1.fna.ffn
    jobid: 112
    reason: Missing output files: /home/zfears/Desktop/pcrProj/neisseria/prokka/genCP104546.1.fna.gff
    wildcards: fna=genCP104546.1.fna
    resources: tmpdir=<TBD>, disk_mb=1000, disk=1 GB, disk_mib=954, mem_mb=1000, mem=1 GB, mem_mib=954, mem_mb_per_cpu=4000, runtime=15
Job 112 has been submitted with SLURM jobid 11149911 (log: /grphome/grp_Assembly/pcrScripts/snakemake/.snakemake/slurm_logs/rule_prokka/genCP104546.1.fna/11149911.log).

[Wed Apr  1 11:12:56 2026]
rule prokka:
    input: /home/zfears/Desktop/pcrProj/neisseria/strains/genCP145062.1.fna
    output: /home/zfears/Desktop/pcrProj/neisseria/prokka/genCP145062.1.fna.gff, /home/zfears/Desktop/pcrProj/neisseria/prokka/genCP145062.1.fna.ffn
    jobid: 178
    reason: Missing output files: /home/zfears/Desktop/pcrProj/neisseria/prokka/genCP145062.1.fna.gff
    wildcards: fna=genCP145062.1.fna
    resources: tmpdir=<TBD>, disk_mb=1000, disk=1 GB, disk_mib=954, mem_mb=1000, mem=1 GB, mem_mib=954, mem_mb_per_cpu=4000, runtime=15
Job 178 has been submitted with SLURM jobid 11149912 (log: /grphome/grp_Assembly/pcrScripts/snakemake/.snakemake/slurm_logs/rule_prokka/genCP145062.1.fna/11149912.log).

[Wed Apr  1 11:12:56 2026]
rule prokka:
    input: /home/zfears/Desktop/pcrProj/neisseria/strains/specCP030816.1.fna
    output: /home/zfears/Desktop/pcrProj/neisseria/prokka/specCP030816.1.fna.gff, /home/zfears/Desktop/pcrProj/neisseria/prokka/specCP030816.1.fna.ffn
    jobid: 299
    reason: Missing output files: /home/zfears/Desktop/pcrProj/neisseria/prokka/specCP030816.1.fna.gff
    wildcards: fna=specCP030816.1.fna
    resources: tmpdir=<TBD>, disk_mb=1000, disk=1 GB, disk_mib=954, mem_mb=1000, mem=1 GB, mem_mib=954, mem_mb_per_cpu=4000, runtime=15
Job 299 has been submitted with SLURM jobid 11149913 (log: /grphome/grp_Assembly/pcrScripts/snakemake/.snakemake/slurm_logs/rule_prokka/specCP030816.1.fna/11149913.log).

[Wed Apr  1 11:12:56 2026]
rule prokka:
    input: /home/zfears/Desktop/pcrProj/neisseria/strains/specCP137529.1.fna
    output: /home/zfears/Desktop/pcrProj/neisseria/prokka/specCP137529.1.fna.gff, /home/zfears/Desktop/pcrProj/neisseria/prokka/specCP137529.1.fna.ffn
    jobid: 329
    reason: Missing output files: /home/zfears/Desktop/pcrProj/neisseria/prokka/specCP137529.1.fna.gff
    wildcards: fna=specCP137529.1.fna
    resources: tmpdir=<TBD>, disk_mb=1000, disk=1 GB, disk_mib=954, mem_mb=1000, mem=1 GB, mem_mib=954, mem_mb_per_cpu=4000, runtime=15
Job 329 has been submitted with SLURM jobid 11149914 (log: /grphome/grp_Assembly/pcrScripts/snakemake/.snakemake/slurm_logs/rule_prokka/specCP137529.1.fna/11149914.log).

[Wed Apr  1 11:12:56 2026]
rule prokka:
    input: /home/zfears/Desktop/pcrProj/neisseria/strains/genCP145064.1.fna
    output: /home/zfears/Desktop/pcrProj/neisseria/prokka/genCP145064.1.fna.gff, /home/zfears/Desktop/pcrProj/neisseria/prokka/genCP145064.1.fna.ffn
    jobid: 179
    reason: Missing output files: /home/zfears/Desktop/pcrProj/neisseria/prokka/genCP145064.1.fna.gff
    wildcards: fna=genCP145064.1.fna
    resources: tmpdir=<TBD>, disk_mb=1000, disk=1 GB, disk_mib=954, mem_mb=1000, mem=1 GB, mem_mib=954, mem_mb_per_cpu=4000, runtime=15
Job 179 has been submitted with SLURM jobid 11149915 (log: /grphome/grp_Assembly/pcrScripts/snakemake/.snakemake/slurm_logs/rule_prokka/genCP145064.1.fna/11149915.log).

[Wed Apr  1 11:12:56 2026]
rule prokka:
    input: /home/zfears/Desktop/pcrProj/neisseria/strains/specCP016652.1.fna
    output: /home/zfears/Desktop/pcrProj/neisseria/prokka/specCP016652.1.fna.gff, /home/zfears/Desktop/pcrProj/neisseria/prokka/specCP016652.1.fna.ffn
    jobid: 239
    reason: Missing output files: /home/zfears/Desktop/pcrProj/neisseria/prokka/specCP016652.1.fna.gff
    wildcards: fna=specCP016652.1.fna
    resources: tmpdir=<TBD>, disk_mb=1000, disk=1 GB, disk_mib=954, mem_mb=1000, mem=1 GB, mem_mib=954, mem_mb_per_cpu=4000, runtime=15
Job 239 has been submitted with SLURM jobid 11149916 (log: /grphome/grp_Assembly/pcrScripts/snakemake/.snakemake/slurm_logs/rule_prokka/specCP016652.1.fna/11149916.log).

[Wed Apr  1 11:12:56 2026]
rule prokka:
    input: /home/zfears/Desktop/pcrProj/neisseria/strains/genCP097846.1.fna
    output: /home/zfears/Desktop/pcrProj/neisseria/prokka/genCP097846.1.fna.gff, /home/zfears/Desktop/pcrProj/neisseria/prokka/genCP097846.1.fna.ffn
    jobid: 90
    reason: Missing output files: /home/zfears/Desktop/pcrProj/neisseria/prokka/genCP097846.1.fna.gff
    wildcards: fna=genCP097846.1.fna
    resources: tmpdir=<TBD>, disk_mb=1000, disk=1 GB, disk_mib=954, mem_mb=1000, mem=1 GB, mem_mib=954, mem_mb_per_cpu=4000, runtime=15
Job 90 has been submitted with SLURM jobid 11149917 (log: /grphome/grp_Assembly/pcrScripts/snakemake/.snakemake/slurm_logs/rule_prokka/genCP097846.1.fna/11149917.log).

[Wed Apr  1 11:12:57 2026]
rule prokka:
    input: /home/zfears/Desktop/pcrProj/neisseria/strains/genCP131632.1.fna
    output: /home/zfears/Desktop/pcrProj/neisseria/prokka/genCP131632.1.fna.gff, /home/zfears/Desktop/pcrProj/neisseria/prokka/genCP131632.1.fna.ffn
    jobid: 150
    reason: Missing output files: /home/zfears/Desktop/pcrProj/neisseria/prokka/genCP131632.1.fna.gff
    wildcards: fna=genCP131632.1.fna
    resources: tmpdir=<TBD>, disk_mb=1000, disk=1 GB, disk_mib=954, mem_mb=1000, mem=1 GB, mem_mib=954, mem_mb_per_cpu=4000, runtime=15
Job 150 has been submitted with SLURM jobid 11149918 (log: /grphome/grp_Assembly/pcrScripts/snakemake/.snakemake/slurm_logs/rule_prokka/genCP131632.1.fna/11149918.log).

[Wed Apr  1 11:12:57 2026]
rule prokka:
    input: /home/zfears/Desktop/pcrProj/neisseria/strains/genCP061483.1.fna
    output: /home/zfears/Desktop/pcrProj/neisseria/prokka/genCP061483.1.fna.gff, /home/zfears/Desktop/pcrProj/neisseria/prokka/genCP061483.1.fna.ffn
    jobid: 60
    reason: Missing output files: /home/zfears/Desktop/pcrProj/neisseria/prokka/genCP061483.1.fna.gff
    wildcards: fna=genCP061483.1.fna
    resources: tmpdir=<TBD>, disk_mb=1000, disk=1 GB, disk_mib=954, mem_mb=1000, mem=1 GB, mem_mib=954, mem_mb_per_cpu=4000, runtime=15
Job 60 has been submitted with SLURM jobid 11149919 (log: /grphome/grp_Assembly/pcrScripts/snakemake/.snakemake/slurm_logs/rule_prokka/genCP061483.1.fna/11149919.log).

[Wed Apr  1 11:12:57 2026]
rule prokka:
    input: /home/zfears/Desktop/pcrProj/neisseria/strains/genCP106811.1.fna
    output: /home/zfears/Desktop/pcrProj/neisseria/prokka/genCP106811.1.fna.gff, /home/zfears/Desktop/pcrProj/neisseria/prokka/genCP106811.1.fna.ffn
    jobid: 120
    reason: Missing output files: /home/zfears/Desktop/pcrProj/neisseria/prokka/genCP106811.1.fna.gff
    wildcards: fna=genCP106811.1.fna
    resources: tmpdir=<TBD>, disk_mb=1000, disk=1 GB, disk_mib=954, mem_mb=1000, mem=1 GB, mem_mib=954, mem_mb_per_cpu=4000, runtime=15
Job 120 has been submitted with SLURM jobid 11149920 (log: /grphome/grp_Assembly/pcrScripts/snakemake/.snakemake/slurm_logs/rule_prokka/genCP106811.1.fna/11149920.log).

[Wed Apr  1 11:12:57 2026]
rule prokka:
    input: /home/zfears/Desktop/pcrProj/neisseria/strains/specCP030817.1.fna
    output: /home/zfears/Desktop/pcrProj/neisseria/prokka/specCP030817.1.fna.gff, /home/zfears/Desktop/pcrProj/neisseria/prokka/specCP030817.1.fna.ffn
    jobid: 300
    reason: Missing output files: /home/zfears/Desktop/pcrProj/neisseria/prokka/specCP030817.1.fna.gff
    wildcards: fna=specCP030817.1.fna
    resources: tmpdir=<TBD>, disk_mb=1000, disk=1 GB, disk_mib=954, mem_mb=1000, mem=1 GB, mem_mib=954, mem_mb_per_cpu=4000, runtime=15
Job 300 has been submitted with SLURM jobid 11149921 (log: /grphome/grp_Assembly/pcrScripts/snakemake/.snakemake/slurm_logs/rule_prokka/specCP030817.1.fna/11149921.log).

[Wed Apr  1 11:12:57 2026]
rule prokka:
    input: /home/zfears/Desktop/pcrProj/neisseria/strains/specCP137530.1.fna
    output: /home/zfears/Desktop/pcrProj/neisseria/prokka/specCP137530.1.fna.gff, /home/zfears/Desktop/pcrProj/neisseria/prokka/specCP137530.1.fna.ffn
    jobid: 330
    reason: Missing output files: /home/zfears/Desktop/pcrProj/neisseria/prokka/specCP137530.1.fna.gff
    wildcards: fna=specCP137530.1.fna
    resources: tmpdir=<TBD>, disk_mb=1000, disk=1 GB, disk_mib=954, mem_mb=1000, mem=1 GB, mem_mib=954, mem_mb_per_cpu=4000, runtime=15
Job 330 has been submitted with SLURM jobid 11149922 (log: /grphome/grp_Assembly/pcrScripts/snakemake/.snakemake/slurm_logs/rule_prokka/specCP137530.1.fna/11149922.log).

[Wed Apr  1 11:12:57 2026]
rule prokka:
    input: /home/zfears/Desktop/pcrProj/neisseria/strains/genCP145067.1.fna
    output: /home/zfears/Desktop/pcrProj/neisseria/prokka/genCP145067.1.fna.gff, /home/zfears/Desktop/pcrProj/neisseria/prokka/genCP145067.1.fna.ffn
    jobid: 180
    reason: Missing output files: /home/zfears/Desktop/pcrProj/neisseria/prokka/genCP145067.1.fna.gff
    wildcards: fna=genCP145067.1.fna
    resources: tmpdir=<TBD>, disk_mb=1000, disk=1 GB, disk_mib=954, mem_mb=1000, mem=1 GB, mem_mib=954, mem_mb_per_cpu=4000, runtime=15
Job 180 has been submitted with SLURM jobid 11149923 (log: /grphome/grp_Assembly/pcrScripts/snakemake/.snakemake/slurm_logs/rule_prokka/genCP145067.1.fna/11149923.log).

[Wed Apr  1 11:12:58 2026]
rule prokka:
    input: /home/zfears/Desktop/pcrProj/neisseria/strains/specCP016653.1.fna
    output: /home/zfears/Desktop/pcrProj/neisseria/prokka/specCP016653.1.fna.gff, /home/zfears/Desktop/pcrProj/neisseria/prokka/specCP016653.1.fna.ffn
    jobid: 240
    reason: Missing output files: /home/zfears/Desktop/pcrProj/neisseria/prokka/specCP016653.1.fna.gff
    wildcards: fna=specCP016653.1.fna
    resources: tmpdir=<TBD>, disk_mb=1000, disk=1 GB, disk_mib=954, mem_mb=1000, mem=1 GB, mem_mib=954, mem_mb_per_cpu=4000, runtime=15
Job 240 has been submitted with SLURM jobid 11149924 (log: /grphome/grp_Assembly/pcrScripts/snakemake/.snakemake/slurm_logs/rule_prokka/specCP016653.1.fna/11149924.log).

[Wed Apr  1 11:12:58 2026]
rule prokka:
    input: /home/zfears/Desktop/pcrProj/neisseria/strains/genCP098458.1.fna
    output: /home/zfears/Desktop/pcrProj/neisseria/prokka/genCP098458.1.fna.gff, /home/zfears/Desktop/pcrProj/neisseria/prokka/genCP098458.1.fna.ffn
    jobid: 91
    reason: Missing output files: /home/zfears/Desktop/pcrProj/neisseria/prokka/genCP098458.1.fna.gff
    wildcards: fna=genCP098458.1.fna
    resources: tmpdir=<TBD>, disk_mb=1000, disk=1 GB, disk_mib=954, mem_mb=1000, mem=1 GB, mem_mib=954, mem_mb_per_cpu=4000, runtime=15
Job 91 has been submitted with SLURM jobid 11149925 (log: /grphome/grp_Assembly/pcrScripts/snakemake/.snakemake/slurm_logs/rule_prokka/genCP098458.1.fna/11149925.log).

[Wed Apr  1 11:12:59 2026]
rule prokka:
    input: /home/zfears/Desktop/pcrProj/neisseria/strains/genCP131636.1.fna
    output: /home/zfears/Desktop/pcrProj/neisseria/prokka/genCP131636.1.fna.gff, /home/zfears/Desktop/pcrProj/neisseria/prokka/genCP131636.1.fna.ffn
    jobid: 151
    reason: Missing output files: /home/zfears/Desktop/pcrProj/neisseria/prokka/genCP131636.1.fna.gff
    wildcards: fna=genCP131636.1.fna
    resources: tmpdir=<TBD>, disk_mb=1000, disk=1 GB, disk_mib=954, mem_mb=1000, mem=1 GB, mem_mib=954, mem_mb_per_cpu=4000, runtime=15
Job 151 has been submitted with SLURM jobid 11149926 (log: /grphome/grp_Assembly/pcrScripts/snakemake/.snakemake/slurm_logs/rule_prokka/genCP131636.1.fna/11149926.log).

[Wed Apr  1 11:12:59 2026]
rule prokka:
    input: /home/zfears/Desktop/pcrProj/neisseria/strains/genCP061484.1.fna
    output: /home/zfears/Desktop/pcrProj/neisseria/prokka/genCP061484.1.fna.gff, /home/zfears/Desktop/pcrProj/neisseria/prokka/genCP061484.1.fna.ffn
    jobid: 61
    reason: Missing output files: /home/zfears/Desktop/pcrProj/neisseria/prokka/genCP061484.1.fna.gff
    wildcards: fna=genCP061484.1.fna
    resources: tmpdir=<TBD>, disk_mb=1000, disk=1 GB, disk_mib=954, mem_mb=1000, mem=1 GB, mem_mib=954, mem_mb_per_cpu=4000, runtime=15
Job 61 has been submitted with SLURM jobid 11149927 (log: /grphome/grp_Assembly/pcrScripts/snakemake/.snakemake/slurm_logs/rule_prokka/genCP061484.1.fna/11149927.log).

[Wed Apr  1 11:12:59 2026]
rule prokka:
    input: /home/zfears/Desktop/pcrProj/neisseria/strains/genCP098460.1.fna
    output: /home/zfears/Desktop/pcrProj/neisseria/prokka/genCP098460.1.fna.gff, /home/zfears/Desktop/pcrProj/neisseria/prokka/genCP098460.1.fna.ffn
    jobid: 92
    reason: Missing output files: /home/zfears/Desktop/pcrProj/neisseria/prokka/genCP098460.1.fna.gff
    wildcards: fna=genCP098460.1.fna
    resources: tmpdir=<TBD>, disk_mb=1000, disk=1 GB, disk_mib=954, mem_mb=1000, mem=1 GB, mem_mib=954, mem_mb_per_cpu=4000, runtime=15
Job 92 has been submitted with SLURM jobid 11149928 (log: /grphome/grp_Assembly/pcrScripts/snakemake/.snakemake/slurm_logs/rule_prokka/genCP098460.1.fna/11149928.log).

[Wed Apr  1 11:12:59 2026]
rule prokka:
    input: /home/zfears/Desktop/pcrProj/neisseria/strains/genCP131638.1.fna
    output: /home/zfears/Desktop/pcrProj/neisseria/prokka/genCP131638.1.fna.gff, /home/zfears/Desktop/pcrProj/neisseria/prokka/genCP131638.1.fna.ffn
    jobid: 152
    reason: Missing output files: /home/zfears/Desktop/pcrProj/neisseria/prokka/genCP131638.1.fna.gff
    wildcards: fna=genCP131638.1.fna
    resources: tmpdir=<TBD>, disk_mb=1000, disk=1 GB, disk_mib=954, mem_mb=1000, mem=1 GB, mem_mib=954, mem_mb_per_cpu=4000, runtime=15
Job 152 has been submitted with SLURM jobid 11149929 (log: /grphome/grp_Assembly/pcrScripts/snakemake/.snakemake/slurm_logs/rule_prokka/genCP131638.1.fna/11149929.log).

[Wed Apr  1 11:12:59 2026]
rule prokka:
    input: /home/zfears/Desktop/pcrProj/neisseria/strains/genCP106815.1.fna
    output: /home/zfears/Desktop/pcrProj/neisseria/prokka/genCP106815.1.fna.gff, /home/zfears/Desktop/pcrProj/neisseria/prokka/genCP106815.1.fna.ffn
    jobid: 122
    reason: Missing output files: /home/zfears/Desktop/pcrProj/neisseria/prokka/genCP106815.1.fna.gff
    wildcards: fna=genCP106815.1.fna
    resources: tmpdir=<TBD>, disk_mb=1000, disk=1 GB, disk_mib=954, mem_mb=1000, mem=1 GB, mem_mib=954, mem_mb_per_cpu=4000, runtime=15
Job 122 has been submitted with SLURM jobid 11149930 (log: /grphome/grp_Assembly/pcrScripts/snakemake/.snakemake/slurm_logs/rule_prokka/genCP106815.1.fna/11149930.log).

[Wed Apr  1 11:12:59 2026]
rule prokka:
    input: /home/zfears/Desktop/pcrProj/neisseria/strains/specCP030819.1.fna
    output: /home/zfears/Desktop/pcrProj/neisseria/prokka/specCP030819.1.fna.gff, /home/zfears/Desktop/pcrProj/neisseria/prokka/specCP030819.1.fna.ffn
    jobid: 302
    reason: Missing output files: /home/zfears/Desktop/pcrProj/neisseria/prokka/specCP030819.1.fna.gff
    wildcards: fna=specCP030819.1.fna
    resources: tmpdir=<TBD>, disk_mb=1000, disk=1 GB, disk_mib=954, mem_mb=1000, mem=1 GB, mem_mib=954, mem_mb_per_cpu=4000, runtime=15
Job 302 has been submitted with SLURM jobid 11149931 (log: /grphome/grp_Assembly/pcrScripts/snakemake/.snakemake/slurm_logs/rule_prokka/specCP030819.1.fna/11149931.log).

[Wed Apr  1 11:12:59 2026]
rule prokka:
    input: /home/zfears/Desktop/pcrProj/neisseria/strains/specCP171264.1.fna
    output: /home/zfears/Desktop/pcrProj/neisseria/prokka/specCP171264.1.fna.gff, /home/zfears/Desktop/pcrProj/neisseria/prokka/specCP171264.1.fna.ffn
    jobid: 332
    reason: Missing output files: /home/zfears/Desktop/pcrProj/neisseria/prokka/specCP171264.1.fna.gff
    wildcards: fna=specCP171264.1.fna
    resources: tmpdir=<TBD>, disk_mb=1000, disk=1 GB, disk_mib=954, mem_mb=1000, mem=1 GB, mem_mib=954, mem_mb_per_cpu=4000, runtime=15
Job 332 has been submitted with SLURM jobid 11149932 (log: /grphome/grp_Assembly/pcrScripts/snakemake/.snakemake/slurm_logs/rule_prokka/specCP171264.1.fna/11149932.log).

[Wed Apr  1 11:12:59 2026]
rule prokka:
    input: /home/zfears/Desktop/pcrProj/neisseria/strains/genCP145074.1.fna
    output: /home/zfears/Desktop/pcrProj/neisseria/prokka/genCP145074.1.fna.gff, /home/zfears/Desktop/pcrProj/neisseria/prokka/genCP145074.1.fna.ffn
    jobid: 182
    reason: Missing output files: /home/zfears/Desktop/pcrProj/neisseria/prokka/genCP145074.1.fna.gff
    wildcards: fna=genCP145074.1.fna
    resources: tmpdir=<TBD>, disk_mb=1000, disk=1 GB, disk_mib=954, mem_mb=1000, mem=1 GB, mem_mib=954, mem_mb_per_cpu=4000, runtime=15
Job 182 has been submitted with SLURM jobid 11149933 (log: /grphome/grp_Assembly/pcrScripts/snakemake/.snakemake/slurm_logs/rule_prokka/genCP145074.1.fna/11149933.log).

[Wed Apr  1 11:12:59 2026]
rule prokka:
    input: /home/zfears/Desktop/pcrProj/neisseria/strains/specCP016655.1.fna
    output: /home/zfears/Desktop/pcrProj/neisseria/prokka/specCP016655.1.fna.gff, /home/zfears/Desktop/pcrProj/neisseria/prokka/specCP016655.1.fna.ffn
    jobid: 242
    reason: Missing output files: /home/zfears/Desktop/pcrProj/neisseria/prokka/specCP016655.1.fna.gff
    wildcards: fna=specCP016655.1.fna
    resources: tmpdir=<TBD>, disk_mb=1000, disk=1 GB, disk_mib=954, mem_mb=1000, mem=1 GB, mem_mib=954, mem_mb_per_cpu=4000, runtime=15
Job 242 has been submitted with SLURM jobid 11149934 (log: /grphome/grp_Assembly/pcrScripts/snakemake/.snakemake/slurm_logs/rule_prokka/specCP016655.1.fna/11149934.log).

[Wed Apr  1 11:13:00 2026]
rule prokka:
    input: /home/zfears/Desktop/pcrProj/neisseria/strains/genCP098462.1.fna
    output: /home/zfears/Desktop/pcrProj/neisseria/prokka/genCP098462.1.fna.gff, /home/zfears/Desktop/pcrProj/neisseria/prokka/genCP098462.1.fna.ffn
    jobid: 93
    reason: Missing output files: /home/zfears/Desktop/pcrProj/neisseria/prokka/genCP098462.1.fna.gff
    wildcards: fna=genCP098462.1.fna
    resources: tmpdir=<TBD>, disk_mb=1000, disk=1 GB, disk_mib=954, mem_mb=1000, mem=1 GB, mem_mib=954, mem_mb_per_cpu=4000, runtime=15
Job 93 has been submitted with SLURM jobid 11149935 (log: /grphome/grp_Assembly/pcrScripts/snakemake/.snakemake/slurm_logs/rule_prokka/genCP098462.1.fna/11149935.log).

[Wed Apr  1 11:13:00 2026]
rule prokka:
    input: /home/zfears/Desktop/pcrProj/neisseria/strains/genCP131641.1.fna
    output: /home/zfears/Desktop/pcrProj/neisseria/prokka/genCP131641.1.fna.gff, /home/zfears/Desktop/pcrProj/neisseria/prokka/genCP131641.1.fna.ffn
    jobid: 153
    reason: Missing output files: /home/zfears/Desktop/pcrProj/neisseria/prokka/genCP131641.1.fna.gff
    wildcards: fna=genCP131641.1.fna
    resources: tmpdir=<TBD>, disk_mb=1000, disk=1 GB, disk_mib=954, mem_mb=1000, mem=1 GB, mem_mib=954, mem_mb_per_cpu=4000, runtime=15
Job 153 has been submitted with SLURM jobid 11149936 (log: /grphome/grp_Assembly/pcrScripts/snakemake/.snakemake/slurm_logs/rule_prokka/genCP131641.1.fna/11149936.log).

[Wed Apr  1 11:13:00 2026]
rule prokka:
    input: /home/zfears/Desktop/pcrProj/neisseria/strains/genCP061486.1.fna
    output: /home/zfears/Desktop/pcrProj/neisseria/prokka/genCP061486.1.fna.gff, /home/zfears/Desktop/pcrProj/neisseria/prokka/genCP061486.1.fna.ffn
    jobid: 63
    reason: Missing output files: /home/zfears/Desktop/pcrProj/neisseria/prokka/genCP061486.1.fna.gff
    wildcards: fna=genCP061486.1.fna
    resources: tmpdir=<TBD>, disk_mb=1000, disk=1 GB, disk_mib=954, mem_mb=1000, mem=1 GB, mem_mib=954, mem_mb_per_cpu=4000, runtime=15
Job 63 has been submitted with SLURM jobid 11149937 (log: /grphome/grp_Assembly/pcrScripts/snakemake/.snakemake/slurm_logs/rule_prokka/genCP061486.1.fna/11149937.log).

[Wed Apr  1 11:13:00 2026]
rule prokka:
    input: /home/zfears/Desktop/pcrProj/neisseria/strains/genCP107223.1.fna
    output: /home/zfears/Desktop/pcrProj/neisseria/prokka/genCP107223.1.fna.gff, /home/zfears/Desktop/pcrProj/neisseria/prokka/genCP107223.1.fna.ffn
    jobid: 123
    reason: Missing output files: /home/zfears/Desktop/pcrProj/neisseria/prokka/genCP107223.1.fna.gff
    wildcards: fna=genCP107223.1.fna
    resources: tmpdir=<TBD>, disk_mb=1000, disk=1 GB, disk_mib=954, mem_mb=1000, mem=1 GB, mem_mib=954, mem_mb_per_cpu=4000, runtime=15
Job 123 has been submitted with SLURM jobid 11149938 (log: /grphome/grp_Assembly/pcrScripts/snakemake/.snakemake/slurm_logs/rule_prokka/genCP107223.1.fna/11149938.log).

[Wed Apr  1 11:13:00 2026]
rule prokka:
    input: /home/zfears/Desktop/pcrProj/neisseria/strains/specCP030820.1.fna
    output: /home/zfears/Desktop/pcrProj/neisseria/prokka/specCP030820.1.fna.gff, /home/zfears/Desktop/pcrProj/neisseria/prokka/specCP030820.1.fna.ffn
    jobid: 303
    reason: Missing output files: /home/zfears/Desktop/pcrProj/neisseria/prokka/specCP030820.1.fna.gff
    wildcards: fna=specCP030820.1.fna
    resources: tmpdir=<TBD>, disk_mb=1000, disk=1 GB, disk_mib=954, mem_mb=1000, mem=1 GB, mem_mib=954, mem_mb_per_cpu=4000, runtime=15
Job 303 has been submitted with SLURM jobid 11149939 (log: /grphome/grp_Assembly/pcrScripts/snakemake/.snakemake/slurm_logs/rule_prokka/specCP030820.1.fna/11149939.log).

[Wed Apr  1 11:13:00 2026]
rule prokka:
    input: /home/zfears/Desktop/pcrProj/neisseria/strains/specLR134525.1.fna
    output: /home/zfears/Desktop/pcrProj/neisseria/prokka/specLR134525.1.fna.gff, /home/zfears/Desktop/pcrProj/neisseria/prokka/specLR134525.1.fna.ffn
    jobid: 333
    reason: Missing output files: /home/zfears/Desktop/pcrProj/neisseria/prokka/specLR134525.1.fna.gff
    wildcards: fna=specLR134525.1.fna
    resources: tmpdir=<TBD>, disk_mb=1000, disk=1 GB, disk_mib=954, mem_mb=1000, mem=1 GB, mem_mib=954, mem_mb_per_cpu=4000, runtime=15
Job 333 has been submitted with SLURM jobid 11149940 (log: /grphome/grp_Assembly/pcrScripts/snakemake/.snakemake/slurm_logs/rule_prokka/specLR134525.1.fna/11149940.log).

[Wed Apr  1 11:13:00 2026]
rule prokka:
    input: /home/zfears/Desktop/pcrProj/neisseria/strains/genCP145077.1.fna
    output: /home/zfears/Desktop/pcrProj/neisseria/prokka/genCP145077.1.fna.gff, /home/zfears/Desktop/pcrProj/neisseria/prokka/genCP145077.1.fna.ffn
    jobid: 183
    reason: Missing output files: /home/zfears/Desktop/pcrProj/neisseria/prokka/genCP145077.1.fna.gff
    wildcards: fna=genCP145077.1.fna
    resources: tmpdir=<TBD>, disk_mb=1000, disk=1 GB, disk_mib=954, mem_mb=1000, mem=1 GB, mem_mib=954, mem_mb_per_cpu=4000, runtime=15
Job 183 has been submitted with SLURM jobid 11149941 (log: /grphome/grp_Assembly/pcrScripts/snakemake/.snakemake/slurm_logs/rule_prokka/genCP145077.1.fna/11149941.log).

[Wed Apr  1 11:13:02 2026]
rule prokka:
    input: /home/zfears/Desktop/pcrProj/neisseria/strains/specCP016656.1.fna
    output: /home/zfears/Desktop/pcrProj/neisseria/prokka/specCP016656.1.fna.gff, /home/zfears/Desktop/pcrProj/neisseria/prokka/specCP016656.1.fna.ffn
    jobid: 243
    reason: Missing output files: /home/zfears/Desktop/pcrProj/neisseria/prokka/specCP016656.1.fna.gff
    wildcards: fna=specCP016656.1.fna
    resources: tmpdir=<TBD>, disk_mb=1000, disk=1 GB, disk_mib=954, mem_mb=1000, mem=1 GB, mem_mib=954, mem_mb_per_cpu=4000, runtime=15
Job 243 has been submitted with SLURM jobid 11149942 (log: /grphome/grp_Assembly/pcrScripts/snakemake/.snakemake/slurm_logs/rule_prokka/specCP016656.1.fna/11149942.log).

[Wed Apr  1 11:13:02 2026]
rule prokka:
    input: /home/zfears/Desktop/pcrProj/neisseria/strains/genCP098464.1.fna
    output: /home/zfears/Desktop/pcrProj/neisseria/prokka/genCP098464.1.fna.gff, /home/zfears/Desktop/pcrProj/neisseria/prokka/genCP098464.1.fna.ffn
    jobid: 94
    reason: Missing output files: /home/zfears/Desktop/pcrProj/neisseria/prokka/genCP098464.1.fna.gff
    wildcards: fna=genCP098464.1.fna
    resources: tmpdir=<TBD>, disk_mb=1000, disk=1 GB, disk_mib=954, mem_mb=1000, mem=1 GB, mem_mib=954, mem_mb_per_cpu=4000, runtime=15
Job 94 has been submitted with SLURM jobid 11149943 (log: /grphome/grp_Assembly/pcrScripts/snakemake/.snakemake/slurm_logs/rule_prokka/genCP098464.1.fna/11149943.log).

[Wed Apr  1 11:13:02 2026]
rule prokka:
    input: /home/zfears/Desktop/pcrProj/neisseria/strains/genCP131645.1.fna
    output: /home/zfears/Desktop/pcrProj/neisseria/prokka/genCP131645.1.fna.gff, /home/zfears/Desktop/pcrProj/neisseria/prokka/genCP131645.1.fna.ffn
    jobid: 154
    reason: Missing output files: /home/zfears/Desktop/pcrProj/neisseria/prokka/genCP131645.1.fna.gff
    wildcards: fna=genCP131645.1.fna
    resources: tmpdir=<TBD>, disk_mb=1000, disk=1 GB, disk_mib=954, mem_mb=1000, mem=1 GB, mem_mib=954, mem_mb_per_cpu=4000, runtime=15
Job 154 has been submitted with SLURM jobid 11149944 (log: /grphome/grp_Assembly/pcrScripts/snakemake/.snakemake/slurm_logs/rule_prokka/genCP131645.1.fna/11149944.log).

[Wed Apr  1 11:13:02 2026]
rule prokka:
    input: /home/zfears/Desktop/pcrProj/neisseria/strains/genCP061487.1.fna
    output: /home/zfears/Desktop/pcrProj/neisseria/prokka/genCP061487.1.fna.gff, /home/zfears/Desktop/pcrProj/neisseria/prokka/genCP061487.1.fna.ffn
    jobid: 64
    reason: Missing output files: /home/zfears/Desktop/pcrProj/neisseria/prokka/genCP061487.1.fna.gff
    wildcards: fna=genCP061487.1.fna
    resources: tmpdir=<TBD>, disk_mb=1000, disk=1 GB, disk_mib=954, mem_mb=1000, mem=1 GB, mem_mib=954, mem_mb_per_cpu=4000, runtime=15
Job 64 has been submitted with SLURM jobid 11149945 (log: /grphome/grp_Assembly/pcrScripts/snakemake/.snakemake/slurm_logs/rule_prokka/genCP061487.1.fna/11149945.log).

[Wed Apr  1 11:13:02 2026]
rule prokka:
    input: /home/zfears/Desktop/pcrProj/neisseria/strains/genCP107270.1.fna
    output: /home/zfears/Desktop/pcrProj/neisseria/prokka/genCP107270.1.fna.gff, /home/zfears/Desktop/pcrProj/neisseria/prokka/genCP107270.1.fna.ffn
    jobid: 124
    reason: Missing output files: /home/zfears/Desktop/pcrProj/neisseria/prokka/genCP107270.1.fna.gff
    wildcards: fna=genCP107270.1.fna
    resources: tmpdir=<TBD>, disk_mb=1000, disk=1 GB, disk_mib=954, mem_mb=1000, mem=1 GB, mem_mib=954, mem_mb_per_cpu=4000, runtime=15
Job 124 has been submitted with SLURM jobid 11149946 (log: /grphome/grp_Assembly/pcrScripts/snakemake/.snakemake/slurm_logs/rule_prokka/genCP107270.1.fna/11149946.log).

[Wed Apr  1 11:13:02 2026]
rule prokka:
    input: /home/zfears/Desktop/pcrProj/neisseria/strains/specCP030821.1.fna
    output: /home/zfears/Desktop/pcrProj/neisseria/prokka/specCP030821.1.fna.gff, /home/zfears/Desktop/pcrProj/neisseria/prokka/specCP030821.1.fna.ffn
    jobid: 304
    reason: Missing output files: /home/zfears/Desktop/pcrProj/neisseria/prokka/specCP030821.1.fna.gff
    wildcards: fna=specCP030821.1.fna
    resources: tmpdir=<TBD>, disk_mb=1000, disk=1 GB, disk_mib=954, mem_mb=1000, mem=1 GB, mem_mib=954, mem_mb_per_cpu=4000, runtime=15
Job 304 has been submitted with SLURM jobid 11149947 (log: /grphome/grp_Assembly/pcrScripts/snakemake/.snakemake/slurm_logs/rule_prokka/specCP030821.1.fna/11149947.log).

[Wed Apr  1 11:13:02 2026]
rule prokka:
    input: /home/zfears/Desktop/pcrProj/neisseria/strains/specLR134528.1.fna
    output: /home/zfears/Desktop/pcrProj/neisseria/prokka/specLR134528.1.fna.gff, /home/zfears/Desktop/pcrProj/neisseria/prokka/specLR134528.1.fna.ffn
    jobid: 334
    reason: Missing output files: /home/zfears/Desktop/pcrProj/neisseria/prokka/specLR134528.1.fna.gff
    wildcards: fna=specLR134528.1.fna
    resources: tmpdir=<TBD>, disk_mb=1000, disk=1 GB, disk_mib=954, mem_mb=1000, mem=1 GB, mem_mib=954, mem_mb_per_cpu=4000, runtime=15
Job 334 has been submitted with SLURM jobid 11149948 (log: /grphome/grp_Assembly/pcrScripts/snakemake/.snakemake/slurm_logs/rule_prokka/specLR134528.1.fna/11149948.log).

[Wed Apr  1 11:13:02 2026]
rule prokka:
    input: /home/zfears/Desktop/pcrProj/neisseria/strains/genAE004969.1.fna
    output: /home/zfears/Desktop/pcrProj/neisseria/prokka/genAE004969.1.fna.gff, /home/zfears/Desktop/pcrProj/neisseria/prokka/genAE004969.1.fna.ffn
    jobid: 4
    reason: Missing output files: /home/zfears/Desktop/pcrProj/neisseria/prokka/genAE004969.1.fna.gff
    wildcards: fna=genAE004969.1.fna
    resources: tmpdir=<TBD>, disk_mb=1000, disk=1 GB, disk_mib=954, mem_mb=1000, mem=1 GB, mem_mib=954, mem_mb_per_cpu=4000, runtime=15
Job 4 has been submitted with SLURM jobid 11149949 (log: /grphome/grp_Assembly/pcrScripts/snakemake/.snakemake/slurm_logs/rule_prokka/genAE004969.1.fna/11149949.log).

[Wed Apr  1 11:13:02 2026]
rule prokka:
    input: /home/zfears/Desktop/pcrProj/neisseria/strains/genCP145080.1.fna
    output: /home/zfears/Desktop/pcrProj/neisseria/prokka/genCP145080.1.fna.gff, /home/zfears/Desktop/pcrProj/neisseria/prokka/genCP145080.1.fna.ffn
    jobid: 184
    reason: Missing output files: /home/zfears/Desktop/pcrProj/neisseria/prokka/genCP145080.1.fna.gff
    wildcards: fna=genCP145080.1.fna
    resources: tmpdir=<TBD>, disk_mb=1000, disk=1 GB, disk_mib=954, mem_mb=1000, mem=1 GB, mem_mib=954, mem_mb_per_cpu=4000, runtime=15
Job 184 has been submitted with SLURM jobid 11149950 (log: /grphome/grp_Assembly/pcrScripts/snakemake/.snakemake/slurm_logs/rule_prokka/genCP145080.1.fna/11149950.log).

[Wed Apr  1 11:13:03 2026]
rule prokka:
    input: /home/zfears/Desktop/pcrProj/neisseria/strains/specCP016657.1.fna
    output: /home/zfears/Desktop/pcrProj/neisseria/prokka/specCP016657.1.fna.gff, /home/zfears/Desktop/pcrProj/neisseria/prokka/specCP016657.1.fna.ffn
    jobid: 244
    reason: Missing output files: /home/zfears/Desktop/pcrProj/neisseria/prokka/specCP016657.1.fna.gff
    wildcards: fna=specCP016657.1.fna
    resources: tmpdir=<TBD>, disk_mb=1000, disk=1 GB, disk_mib=954, mem_mb=1000, mem=1 GB, mem_mib=954, mem_mb_per_cpu=4000, runtime=15
Job 244 has been submitted with SLURM jobid 11149951 (log: /grphome/grp_Assembly/pcrScripts/snakemake/.snakemake/slurm_logs/rule_prokka/specCP016657.1.fna/11149951.log).

[Wed Apr  1 11:13:03 2026]
rule prokka:
    input: /home/zfears/Desktop/pcrProj/neisseria/strains/genCP098466.1.fna
    output: /home/zfears/Desktop/pcrProj/neisseria/prokka/genCP098466.1.fna.gff, /home/zfears/Desktop/pcrProj/neisseria/prokka/genCP098466.1.fna.ffn
    jobid: 95
    reason: Missing output files: /home/zfears/Desktop/pcrProj/neisseria/prokka/genCP098466.1.fna.gff
    wildcards: fna=genCP098466.1.fna
    resources: tmpdir=<TBD>, disk_mb=1000, disk=1 GB, disk_mib=954, mem_mb=1000, mem=1 GB, mem_mib=954, mem_mb_per_cpu=4000, runtime=15
Job 95 has been submitted with SLURM jobid 11149952 (log: /grphome/grp_Assembly/pcrScripts/snakemake/.snakemake/slurm_logs/rule_prokka/genCP098466.1.fna/11149952.log).

[Wed Apr  1 11:13:03 2026]
rule prokka:
    input: /home/zfears/Desktop/pcrProj/neisseria/strains/genCP133462.1.fna
    output: /home/zfears/Desktop/pcrProj/neisseria/prokka/genCP133462.1.fna.gff, /home/zfears/Desktop/pcrProj/neisseria/prokka/genCP133462.1.fna.ffn
    jobid: 155
    reason: Missing output files: /home/zfears/Desktop/pcrProj/neisseria/prokka/genCP133462.1.fna.gff
    wildcards: fna=genCP133462.1.fna
    resources: tmpdir=<TBD>, disk_mb=1000, disk=1 GB, disk_mib=954, mem_mb=1000, mem=1 GB, mem_mib=954, mem_mb_per_cpu=4000, runtime=15
Job 155 has been submitted with SLURM jobid 11149953 (log: /grphome/grp_Assembly/pcrScripts/snakemake/.snakemake/slurm_logs/rule_prokka/genCP133462.1.fna/11149953.log).

[Wed Apr  1 11:13:03 2026]
rule prokka:
    input: /home/zfears/Desktop/pcrProj/neisseria/strains/genCP061488.1.fna
    output: /home/zfears/Desktop/pcrProj/neisseria/prokka/genCP061488.1.fna.gff, /home/zfears/Desktop/pcrProj/neisseria/prokka/genCP061488.1.fna.ffn
    jobid: 65
    reason: Missing output files: /home/zfears/Desktop/pcrProj/neisseria/prokka/genCP061488.1.fna.gff
    wildcards: fna=genCP061488.1.fna
    resources: tmpdir=<TBD>, disk_mb=1000, disk=1 GB, disk_mib=954, mem_mb=1000, mem=1 GB, mem_mib=954, mem_mb_per_cpu=4000, runtime=15
Job 65 has been submitted with SLURM jobid 11149954 (log: /grphome/grp_Assembly/pcrScripts/snakemake/.snakemake/slurm_logs/rule_prokka/genCP061488.1.fna/11149954.log).

[Wed Apr  1 11:13:03 2026]
rule prokka:
    input: /home/zfears/Desktop/pcrProj/neisseria/strains/genCP107271.1.fna
    output: /home/zfears/Desktop/pcrProj/neisseria/prokka/genCP107271.1.fna.gff, /home/zfears/Desktop/pcrProj/neisseria/prokka/genCP107271.1.fna.ffn
    jobid: 125
    reason: Missing output files: /home/zfears/Desktop/pcrProj/neisseria/prokka/genCP107271.1.fna.gff
    wildcards: fna=genCP107271.1.fna
    resources: tmpdir=<TBD>, disk_mb=1000, disk=1 GB, disk_mib=954, mem_mb=1000, mem=1 GB, mem_mib=954, mem_mb_per_cpu=4000, runtime=15
Job 125 has been submitted with SLURM jobid 11149955 (log: /grphome/grp_Assembly/pcrScripts/snakemake/.snakemake/slurm_logs/rule_prokka/genCP107271.1.fna/11149955.log).

[Wed Apr  1 11:13:03 2026]
rule prokka:
    input: /home/zfears/Desktop/pcrProj/neisseria/strains/specCP030822.1.fna
    output: /home/zfears/Desktop/pcrProj/neisseria/prokka/specCP030822.1.fna.gff, /home/zfears/Desktop/pcrProj/neisseria/prokka/specCP030822.1.fna.ffn
    jobid: 305
    reason: Missing output files: /home/zfears/Desktop/pcrProj/neisseria/prokka/specCP030822.1.fna.gff
    wildcards: fna=specCP030822.1.fna
    resources: tmpdir=<TBD>, disk_mb=1000, disk=1 GB, disk_mib=954, mem_mb=1000, mem=1 GB, mem_mib=954, mem_mb_per_cpu=4000, runtime=15
Job 305 has been submitted with SLURM jobid 11149956 (log: /grphome/grp_Assembly/pcrScripts/snakemake/.snakemake/slurm_logs/rule_prokka/specCP030822.1.fna/11149956.log).

[Wed Apr  1 11:13:03 2026]
rule prokka:
    input: /home/zfears/Desktop/pcrProj/neisseria/strains/genCP001050.1.fna
    output: /home/zfears/Desktop/pcrProj/neisseria/prokka/genCP001050.1.fna.gff, /home/zfears/Desktop/pcrProj/neisseria/prokka/genCP001050.1.fna.ffn
    jobid: 5
    reason: Missing output files: /home/zfears/Desktop/pcrProj/neisseria/prokka/genCP001050.1.fna.gff
    wildcards: fna=genCP001050.1.fna
    resources: tmpdir=<TBD>, disk_mb=1000, disk=1 GB, disk_mib=954, mem_mb=1000, mem=1 GB, mem_mib=954, mem_mb_per_cpu=4000, runtime=15
Job 5 has been submitted with SLURM jobid 11149957 (log: /grphome/grp_Assembly/pcrScripts/snakemake/.snakemake/slurm_logs/rule_prokka/genCP001050.1.fna/11149957.log).

[Wed Apr  1 11:13:03 2026]
rule prokka:
    input: /home/zfears/Desktop/pcrProj/neisseria/strains/genCP145083.1.fna
    output: /home/zfears/Desktop/pcrProj/neisseria/prokka/genCP145083.1.fna.gff, /home/zfears/Desktop/pcrProj/neisseria/prokka/genCP145083.1.fna.ffn
    jobid: 185
    reason: Missing output files: /home/zfears/Desktop/pcrProj/neisseria/prokka/genCP145083.1.fna.gff
    wildcards: fna=genCP145083.1.fna
    resources: tmpdir=<TBD>, disk_mb=1000, disk=1 GB, disk_mib=954, mem_mb=1000, mem=1 GB, mem_mib=954, mem_mb_per_cpu=4000, runtime=15
Job 185 has been submitted with SLURM jobid 11149958 (log: /grphome/grp_Assembly/pcrScripts/snakemake/.snakemake/slurm_logs/rule_prokka/genCP145083.1.fna/11149958.log).

[Wed Apr  1 11:13:05 2026]
rule prokka:
    input: /home/zfears/Desktop/pcrProj/neisseria/strains/specCP016658.1.fna
    output: /home/zfears/Desktop/pcrProj/neisseria/prokka/specCP016658.1.fna.gff, /home/zfears/Desktop/pcrProj/neisseria/prokka/specCP016658.1.fna.ffn
    jobid: 245
    reason: Missing output files: /home/zfears/Desktop/pcrProj/neisseria/prokka/specCP016658.1.fna.gff
    wildcards: fna=specCP016658.1.fna
    resources: tmpdir=<TBD>, disk_mb=1000, disk=1 GB, disk_mib=954, mem_mb=1000, mem=1 GB, mem_mib=954, mem_mb_per_cpu=4000, runtime=15
Job 245 has been submitted with SLURM jobid 11149959 (log: /grphome/grp_Assembly/pcrScripts/snakemake/.snakemake/slurm_logs/rule_prokka/specCP016658.1.fna/11149959.log).

[Wed Apr  1 11:13:05 2026]
rule prokka:
    input: /home/zfears/Desktop/pcrProj/neisseria/strains/genCP098468.1.fna
    output: /home/zfears/Desktop/pcrProj/neisseria/prokka/genCP098468.1.fna.gff, /home/zfears/Desktop/pcrProj/neisseria/prokka/genCP098468.1.fna.ffn
    jobid: 96
    reason: Missing output files: /home/zfears/Desktop/pcrProj/neisseria/prokka/genCP098468.1.fna.gff
    wildcards: fna=genCP098468.1.fna
    resources: tmpdir=<TBD>, disk_mb=1000, disk=1 GB, disk_mib=954, mem_mb=1000, mem=1 GB, mem_mib=954, mem_mb_per_cpu=4000, runtime=15
Job 96 has been submitted with SLURM jobid 11149960 (log: /grphome/grp_Assembly/pcrScripts/snakemake/.snakemake/slurm_logs/rule_prokka/genCP098468.1.fna/11149960.log).

[Wed Apr  1 11:13:05 2026]
rule prokka:
    input: /home/zfears/Desktop/pcrProj/neisseria/strains/genCP135440.1.fna
    output: /home/zfears/Desktop/pcrProj/neisseria/prokka/genCP135440.1.fna.gff, /home/zfears/Desktop/pcrProj/neisseria/prokka/genCP135440.1.fna.ffn
    jobid: 156
    reason: Missing output files: /home/zfears/Desktop/pcrProj/neisseria/prokka/genCP135440.1.fna.gff
    wildcards: fna=genCP135440.1.fna
    resources: tmpdir=<TBD>, disk_mb=1000, disk=1 GB, disk_mib=954, mem_mb=1000, mem=1 GB, mem_mib=954, mem_mb_per_cpu=4000, runtime=15
Job 156 has been submitted with SLURM jobid 11149961 (log: /grphome/grp_Assembly/pcrScripts/snakemake/.snakemake/slurm_logs/rule_prokka/genCP135440.1.fna/11149961.log).

[Wed Apr  1 11:13:05 2026]
rule prokka:
    input: /home/zfears/Desktop/pcrProj/neisseria/strains/genCP061489.1.fna
    output: /home/zfears/Desktop/pcrProj/neisseria/prokka/genCP061489.1.fna.gff, /home/zfears/Desktop/pcrProj/neisseria/prokka/genCP061489.1.fna.ffn
    jobid: 66
    reason: Missing output files: /home/zfears/Desktop/pcrProj/neisseria/prokka/genCP061489.1.fna.gff
    wildcards: fna=genCP061489.1.fna
    resources: tmpdir=<TBD>, disk_mb=1000, disk=1 GB, disk_mib=954, mem_mb=1000, mem=1 GB, mem_mib=954, mem_mb_per_cpu=4000, runtime=15
Job 66 has been submitted with SLURM jobid 11149962 (log: /grphome/grp_Assembly/pcrScripts/snakemake/.snakemake/slurm_logs/rule_prokka/genCP061489.1.fna/11149962.log).

[Wed Apr  1 11:13:05 2026]
rule prokka:
    input: /home/zfears/Desktop/pcrProj/neisseria/strains/genCP107272.1.fna
    output: /home/zfears/Desktop/pcrProj/neisseria/prokka/genCP107272.1.fna.gff, /home/zfears/Desktop/pcrProj/neisseria/prokka/genCP107272.1.fna.ffn
    jobid: 126
    reason: Missing output files: /home/zfears/Desktop/pcrProj/neisseria/prokka/genCP107272.1.fna.gff
    wildcards: fna=genCP107272.1.fna
    resources: tmpdir=<TBD>, disk_mb=1000, disk=1 GB, disk_mib=954, mem_mb=1000, mem=1 GB, mem_mib=954, mem_mb_per_cpu=4000, runtime=15
Job 126 has been submitted with SLURM jobid 11149963 (log: /grphome/grp_Assembly/pcrScripts/snakemake/.snakemake/slurm_logs/rule_prokka/genCP107272.1.fna/11149963.log).

[Wed Apr  1 11:13:05 2026]
rule prokka:
    input: /home/zfears/Desktop/pcrProj/neisseria/strains/specCP030823.1.fna
    output: /home/zfears/Desktop/pcrProj/neisseria/prokka/specCP030823.1.fna.gff, /home/zfears/Desktop/pcrProj/neisseria/prokka/specCP030823.1.fna.ffn
    jobid: 306
    reason: Missing output files: /home/zfears/Desktop/pcrProj/neisseria/prokka/specCP030823.1.fna.gff
    wildcards: fna=specCP030823.1.fna
    resources: tmpdir=<TBD>, disk_mb=1000, disk=1 GB, disk_mib=954, mem_mb=1000, mem=1 GB, mem_mib=954, mem_mb_per_cpu=4000, runtime=15
Job 306 has been submitted with SLURM jobid 11149964 (log: /grphome/grp_Assembly/pcrScripts/snakemake/.snakemake/slurm_logs/rule_prokka/specCP030823.1.fna/11149964.log).

[Wed Apr  1 11:13:05 2026]
rule prokka:
    input: /home/zfears/Desktop/pcrProj/neisseria/strains/genCP002440.1.fna
    output: /home/zfears/Desktop/pcrProj/neisseria/prokka/genCP002440.1.fna.gff, /home/zfears/Desktop/pcrProj/neisseria/prokka/genCP002440.1.fna.ffn
    jobid: 6
    reason: Missing output files: /home/zfears/Desktop/pcrProj/neisseria/prokka/genCP002440.1.fna.gff
    wildcards: fna=genCP002440.1.fna
    resources: tmpdir=<TBD>, disk_mb=1000, disk=1 GB, disk_mib=954, mem_mb=1000, mem=1 GB, mem_mib=954, mem_mb_per_cpu=4000, runtime=15
Job 6 has been submitted with SLURM jobid 11149965 (log: /grphome/grp_Assembly/pcrScripts/snakemake/.snakemake/slurm_logs/rule_prokka/genCP002440.1.fna/11149965.log).

[Wed Apr  1 11:13:05 2026]
rule prokka:
    input: /home/zfears/Desktop/pcrProj/neisseria/strains/genCP145086.1.fna
    output: /home/zfears/Desktop/pcrProj/neisseria/prokka/genCP145086.1.fna.gff, /home/zfears/Desktop/pcrProj/neisseria/prokka/genCP145086.1.fna.ffn
    jobid: 186
    reason: Missing output files: /home/zfears/Desktop/pcrProj/neisseria/prokka/genCP145086.1.fna.gff
    wildcards: fna=genCP145086.1.fna
    resources: tmpdir=<TBD>, disk_mb=1000, disk=1 GB, disk_mib=954, mem_mb=1000, mem=1 GB, mem_mib=954, mem_mb_per_cpu=4000, runtime=15
Job 186 has been submitted with SLURM jobid 11149966 (log: /grphome/grp_Assembly/pcrScripts/snakemake/.snakemake/slurm_logs/rule_prokka/genCP145086.1.fna/11149966.log).

[Wed Apr  1 11:13:05 2026]
rule prokka:
    input: /home/zfears/Desktop/pcrProj/neisseria/strains/specCP016659.1.fna
    output: /home/zfears/Desktop/pcrProj/neisseria/prokka/specCP016659.1.fna.gff, /home/zfears/Desktop/pcrProj/neisseria/prokka/specCP016659.1.fna.ffn
    jobid: 246
    reason: Missing output files: /home/zfears/Desktop/pcrProj/neisseria/prokka/specCP016659.1.fna.gff
    wildcards: fna=specCP016659.1.fna
    resources: tmpdir=<TBD>, disk_mb=1000, disk=1 GB, disk_mib=954, mem_mb=1000, mem=1 GB, mem_mib=954, mem_mb_per_cpu=4000, runtime=15
Job 246 has been submitted with SLURM jobid 11149967 (log: /grphome/grp_Assembly/pcrScripts/snakemake/.snakemake/slurm_logs/rule_prokka/specCP016659.1.fna/11149967.log).

[Wed Apr  1 11:13:06 2026]
rule prokka:
    input: /home/zfears/Desktop/pcrProj/neisseria/strains/genCP135593.1.fna
    output: /home/zfears/Desktop/pcrProj/neisseria/prokka/genCP135593.1.fna.gff, /home/zfears/Desktop/pcrProj/neisseria/prokka/genCP135593.1.fna.ffn
    jobid: 157
    reason: Missing output files: /home/zfears/Desktop/pcrProj/neisseria/prokka/genCP135593.1.fna.gff
    wildcards: fna=genCP135593.1.fna
    resources: tmpdir=<TBD>, disk_mb=1000, disk=1 GB, disk_mib=954, mem_mb=1000, mem=1 GB, mem_mib=954, mem_mb_per_cpu=4000, runtime=15
Job 157 has been submitted with SLURM jobid 11149968 (log: /grphome/grp_Assembly/pcrScripts/snakemake/.snakemake/slurm_logs/rule_prokka/genCP135593.1.fna/11149968.log).

[Wed Apr  1 11:13:06 2026]
rule prokka:
    input: /home/zfears/Desktop/pcrProj/neisseria/strains/genCP098470.1.fna
    output: /home/zfears/Desktop/pcrProj/neisseria/prokka/genCP098470.1.fna.gff, /home/zfears/Desktop/pcrProj/neisseria/prokka/genCP098470.1.fna.ffn
    jobid: 97
    reason: Missing output files: /home/zfears/Desktop/pcrProj/neisseria/prokka/genCP098470.1.fna.gff
    wildcards: fna=genCP098470.1.fna
    resources: tmpdir=<TBD>, disk_mb=1000, disk=1 GB, disk_mib=954, mem_mb=1000, mem=1 GB, mem_mib=954, mem_mb_per_cpu=4000, runtime=15
Job 97 has been submitted with SLURM jobid 11149969 (log: /grphome/grp_Assembly/pcrScripts/snakemake/.snakemake/slurm_logs/rule_prokka/genCP098470.1.fna/11149969.log).

[Wed Apr  1 11:13:06 2026]
rule prokka:
    input: /home/zfears/Desktop/pcrProj/neisseria/strains/genCP003974.1.fna
    output: /home/zfears/Desktop/pcrProj/neisseria/prokka/genCP003974.1.fna.gff, /home/zfears/Desktop/pcrProj/neisseria/prokka/genCP003974.1.fna.ffn
    jobid: 7
    reason: Missing output files: /home/zfears/Desktop/pcrProj/neisseria/prokka/genCP003974.1.fna.gff
    wildcards: fna=genCP003974.1.fna
    resources: tmpdir=<TBD>, disk_mb=1000, disk=1 GB, disk_mib=954, mem_mb=1000, mem=1 GB, mem_mib=954, mem_mb_per_cpu=4000, runtime=15
Job 7 has been submitted with SLURM jobid 11149970 (log: /grphome/grp_Assembly/pcrScripts/snakemake/.snakemake/slurm_logs/rule_prokka/genCP003974.1.fna/11149970.log).

[Wed Apr  1 11:13:06 2026]
rule prokka:
    input: /home/zfears/Desktop/pcrProj/neisseria/strains/genCP145088.1.fna
    output: /home/zfears/Desktop/pcrProj/neisseria/prokka/genCP145088.1.fna.gff, /home/zfears/Desktop/pcrProj/neisseria/prokka/genCP145088.1.fna.ffn
    jobid: 187
    reason: Missing output files: /home/zfears/Desktop/pcrProj/neisseria/prokka/genCP145088.1.fna.gff
    wildcards: fna=genCP145088.1.fna
    resources: tmpdir=<TBD>, disk_mb=1000, disk=1 GB, disk_mib=954, mem_mb=1000, mem=1 GB, mem_mib=954, mem_mb_per_cpu=4000, runtime=15
Job 187 has been submitted with SLURM jobid 11149971 (log: /grphome/grp_Assembly/pcrScripts/snakemake/.snakemake/slurm_logs/rule_prokka/genCP145088.1.fna/11149971.log).

[Wed Apr  1 11:13:06 2026]
rule prokka:
    input: /home/zfears/Desktop/pcrProj/neisseria/strains/specCP016660.1.fna
    output: /home/zfears/Desktop/pcrProj/neisseria/prokka/specCP016660.1.fna.gff, /home/zfears/Desktop/pcrProj/neisseria/prokka/specCP016660.1.fna.ffn
    jobid: 247
    reason: Missing output files: /home/zfears/Desktop/pcrProj/neisseria/prokka/specCP016660.1.fna.gff
    wildcards: fna=specCP016660.1.fna
    resources: tmpdir=<TBD>, disk_mb=1000, disk=1 GB, disk_mib=954, mem_mb=1000, mem=1 GB, mem_mib=954, mem_mb_per_cpu=4000, runtime=15
Job 247 has been submitted with SLURM jobid 11149972 (log: /grphome/grp_Assembly/pcrScripts/snakemake/.snakemake/slurm_logs/rule_prokka/specCP016660.1.fna/11149972.log).

[Wed Apr  1 11:13:06 2026]
rule prokka:
    input: /home/zfears/Desktop/pcrProj/neisseria/strains/genCP098472.1.fna
    output: /home/zfears/Desktop/pcrProj/neisseria/prokka/genCP098472.1.fna.gff, /home/zfears/Desktop/pcrProj/neisseria/prokka/genCP098472.1.fna.ffn
    jobid: 98
    reason: Missing output files: /home/zfears/Desktop/pcrProj/neisseria/prokka/genCP098472.1.fna.gff
    wildcards: fna=genCP098472.1.fna
    resources: tmpdir=<TBD>, disk_mb=1000, disk=1 GB, disk_mib=954, mem_mb=1000, mem=1 GB, mem_mib=954, mem_mb_per_cpu=4000, runtime=15
Job 98 has been submitted with SLURM jobid 11149973 (log: /grphome/grp_Assembly/pcrScripts/snakemake/.snakemake/slurm_logs/rule_prokka/genCP098472.1.fna/11149973.log).

[Wed Apr  1 11:13:06 2026]
rule prokka:
    input: /home/zfears/Desktop/pcrProj/neisseria/strains/genCP138339.1.fna
    output: /home/zfears/Desktop/pcrProj/neisseria/prokka/genCP138339.1.fna.gff, /home/zfears/Desktop/pcrProj/neisseria/prokka/genCP138339.1.fna.ffn
    jobid: 158
    reason: Missing output files: /home/zfears/Desktop/pcrProj/neisseria/prokka/genCP138339.1.fna.gff
    wildcards: fna=genCP138339.1.fna
    resources: tmpdir=<TBD>, disk_mb=1000, disk=1 GB, disk_mib=954, mem_mb=1000, mem=1 GB, mem_mib=954, mem_mb_per_cpu=4000, runtime=15
Job 158 has been submitted with SLURM jobid 11149974 (log: /grphome/grp_Assembly/pcrScripts/snakemake/.snakemake/slurm_logs/rule_prokka/genCP138339.1.fna/11149974.log).

[Wed Apr  1 11:13:06 2026]
rule prokka:
    input: /home/zfears/Desktop/pcrProj/neisseria/strains/genCP016015.1.fna
    output: /home/zfears/Desktop/pcrProj/neisseria/prokka/genCP016015.1.fna.gff, /home/zfears/Desktop/pcrProj/neisseria/prokka/genCP016015.1.fna.ffn
    jobid: 8
    reason: Missing output files: /home/zfears/Desktop/pcrProj/neisseria/prokka/genCP016015.1.fna.gff
    wildcards: fna=genCP016015.1.fna
    resources: tmpdir=<TBD>, disk_mb=1000, disk=1 GB, disk_mib=954, mem_mb=1000, mem=1 GB, mem_mib=954, mem_mb_per_cpu=4000, runtime=15
Job 8 has been submitted with SLURM jobid 11149975 (log: /grphome/grp_Assembly/pcrScripts/snakemake/.snakemake/slurm_logs/rule_prokka/genCP016015.1.fna/11149975.log).

[Wed Apr  1 11:13:06 2026]
rule prokka:
    input: /home/zfears/Desktop/pcrProj/neisseria/strains/genCP145090.1.fna
    output: /home/zfears/Desktop/pcrProj/neisseria/prokka/genCP145090.1.fna.gff, /home/zfears/Desktop/pcrProj/neisseria/prokka/genCP145090.1.fna.ffn
    jobid: 188
    reason: Missing output files: /home/zfears/Desktop/pcrProj/neisseria/prokka/genCP145090.1.fna.gff
    wildcards: fna=genCP145090.1.fna
    resources: tmpdir=<TBD>, disk_mb=1000, disk=1 GB, disk_mib=954, mem_mb=1000, mem=1 GB, mem_mib=954, mem_mb_per_cpu=4000, runtime=15
Job 188 has been submitted with SLURM jobid 11149976 (log: /grphome/grp_Assembly/pcrScripts/snakemake/.snakemake/slurm_logs/rule_prokka/genCP145090.1.fna/11149976.log).

[Wed Apr  1 11:13:08 2026]
rule prokka:
    input: /home/zfears/Desktop/pcrProj/neisseria/strains/specCP016661.1.fna
    output: /home/zfears/Desktop/pcrProj/neisseria/prokka/specCP016661.1.fna.gff, /home/zfears/Desktop/pcrProj/neisseria/prokka/specCP016661.1.fna.ffn
    jobid: 248
    reason: Missing output files: /home/zfears/Desktop/pcrProj/neisseria/prokka/specCP016661.1.fna.gff
    wildcards: fna=specCP016661.1.fna
    resources: tmpdir=<TBD>, disk_mb=1000, disk=1 GB, disk_mib=954, mem_mb=1000, mem=1 GB, mem_mib=954, mem_mb_per_cpu=4000, runtime=15
Job 248 has been submitted with SLURM jobid 11149977 (log: /grphome/grp_Assembly/pcrScripts/snakemake/.snakemake/slurm_logs/rule_prokka/specCP016661.1.fna/11149977.log).

[Wed Apr  1 11:13:08 2026]
rule prokka:
    input: /home/zfears/Desktop/pcrProj/neisseria/strains/genCP098474.1.fna
    output: /home/zfears/Desktop/pcrProj/neisseria/prokka/genCP098474.1.fna.gff, /home/zfears/Desktop/pcrProj/neisseria/prokka/genCP098474.1.fna.ffn
    jobid: 99
    reason: Missing output files: /home/zfears/Desktop/pcrProj/neisseria/prokka/genCP098474.1.fna.gff
    wildcards: fna=genCP098474.1.fna
    resources: tmpdir=<TBD>, disk_mb=1000, disk=1 GB, disk_mib=954, mem_mb=1000, mem=1 GB, mem_mib=954, mem_mb_per_cpu=4000, runtime=15
Job 99 has been submitted with SLURM jobid 11149978 (log: /grphome/grp_Assembly/pcrScripts/snakemake/.snakemake/slurm_logs/rule_prokka/genCP098474.1.fna/11149978.log).

[Wed Apr  1 11:13:08 2026]
rule prokka:
    input: /home/zfears/Desktop/pcrProj/neisseria/strains/genCP138342.1.fna
    output: /home/zfears/Desktop/pcrProj/neisseria/prokka/genCP138342.1.fna.gff, /home/zfears/Desktop/pcrProj/neisseria/prokka/genCP138342.1.fna.ffn
    jobid: 159
    reason: Missing output files: /home/zfears/Desktop/pcrProj/neisseria/prokka/genCP138342.1.fna.gff
    wildcards: fna=genCP138342.1.fna
    resources: tmpdir=<TBD>, disk_mb=1000, disk=1 GB, disk_mib=954, mem_mb=1000, mem=1 GB, mem_mib=954, mem_mb_per_cpu=4000, runtime=15
Job 159 has been submitted with SLURM jobid 11149979 (log: /grphome/grp_Assembly/pcrScripts/snakemake/.snakemake/slurm_logs/rule_prokka/genCP138342.1.fna/11149979.log).

[Wed Apr  1 11:13:08 2026]
rule prokka:
    input: /home/zfears/Desktop/pcrProj/neisseria/strains/genCP016016.1.fna
    output: /home/zfears/Desktop/pcrProj/neisseria/prokka/genCP016016.1.fna.gff, /home/zfears/Desktop/pcrProj/neisseria/prokka/genCP016016.1.fna.ffn
    jobid: 9
    reason: Missing output files: /home/zfears/Desktop/pcrProj/neisseria/prokka/genCP016016.1.fna.gff
    wildcards: fna=genCP016016.1.fna
    resources: tmpdir=<TBD>, disk_mb=1000, disk=1 GB, disk_mib=954, mem_mb=1000, mem=1 GB, mem_mib=954, mem_mb_per_cpu=4000, runtime=15
Job 9 has been submitted with SLURM jobid 11149980 (log: /grphome/grp_Assembly/pcrScripts/snakemake/.snakemake/slurm_logs/rule_prokka/genCP016016.1.fna/11149980.log).

[Wed Apr  1 11:13:08 2026]
rule prokka:
    input: /home/zfears/Desktop/pcrProj/neisseria/strains/genCP154352.1.fna
    output: /home/zfears/Desktop/pcrProj/neisseria/prokka/genCP154352.1.fna.gff, /home/zfears/Desktop/pcrProj/neisseria/prokka/genCP154352.1.fna.ffn
    jobid: 189
    reason: Missing output files: /home/zfears/Desktop/pcrProj/neisseria/prokka/genCP154352.1.fna.gff
    wildcards: fna=genCP154352.1.fna
    resources: tmpdir=<TBD>, disk_mb=1000, disk=1 GB, disk_mib=954, mem_mb=1000, mem=1 GB, mem_mib=954, mem_mb_per_cpu=4000, runtime=15
Job 189 has been submitted with SLURM jobid 11149981 (log: /grphome/grp_Assembly/pcrScripts/snakemake/.snakemake/slurm_logs/rule_prokka/genCP154352.1.fna/11149981.log).

[Wed Apr  1 11:13:08 2026]
rule prokka:
    input: /home/zfears/Desktop/pcrProj/neisseria/strains/specCP016662.1.fna
    output: /home/zfears/Desktop/pcrProj/neisseria/prokka/specCP016662.1.fna.gff, /home/zfears/Desktop/pcrProj/neisseria/prokka/specCP016662.1.fna.ffn
    jobid: 249
    reason: Missing output files: /home/zfears/Desktop/pcrProj/neisseria/prokka/specCP016662.1.fna.gff
    wildcards: fna=specCP016662.1.fna
    resources: tmpdir=<TBD>, disk_mb=1000, disk=1 GB, disk_mib=954, mem_mb=1000, mem=1 GB, mem_mib=954, mem_mb_per_cpu=4000, runtime=15
Job 249 has been submitted with SLURM jobid 11149982 (log: /grphome/grp_Assembly/pcrScripts/snakemake/.snakemake/slurm_logs/rule_prokka/specCP016662.1.fna/11149982.log).

[Wed Apr  1 11:13:08 2026]
rule prokka:
    input: /home/zfears/Desktop/pcrProj/neisseria/strains/genCP098476.1.fna
    output: /home/zfears/Desktop/pcrProj/neisseria/prokka/genCP098476.1.fna.gff, /home/zfears/Desktop/pcrProj/neisseria/prokka/genCP098476.1.fna.ffn
    jobid: 100
    reason: Missing output files: /home/zfears/Desktop/pcrProj/neisseria/prokka/genCP098476.1.fna.gff
    wildcards: fna=genCP098476.1.fna
    resources: tmpdir=<TBD>, disk_mb=1000, disk=1 GB, disk_mib=954, mem_mb=1000, mem=1 GB, mem_mib=954, mem_mb_per_cpu=4000, runtime=15
Job 100 has been submitted with SLURM jobid 11149983 (log: /grphome/grp_Assembly/pcrScripts/snakemake/.snakemake/slurm_logs/rule_prokka/genCP098476.1.fna/11149983.log).

[Wed Apr  1 11:13:08 2026]
rule prokka:
    input: /home/zfears/Desktop/pcrProj/neisseria/strains/genCP145015.1.fna
    output: /home/zfears/Desktop/pcrProj/neisseria/prokka/genCP145015.1.fna.gff, /home/zfears/Desktop/pcrProj/neisseria/prokka/genCP145015.1.fna.ffn
    jobid: 160
    reason: Missing output files: /home/zfears/Desktop/pcrProj/neisseria/prokka/genCP145015.1.fna.gff
    wildcards: fna=genCP145015.1.fna
    resources: tmpdir=<TBD>, disk_mb=1000, disk=1 GB, disk_mib=954, mem_mb=1000, mem=1 GB, mem_mib=954, mem_mb_per_cpu=4000, runtime=15
Job 160 has been submitted with SLURM jobid 11149984 (log: /grphome/grp_Assembly/pcrScripts/snakemake/.snakemake/slurm_logs/rule_prokka/genCP145015.1.fna/11149984.log).

[Wed Apr  1 11:13:08 2026]
rule prokka:
    input: /home/zfears/Desktop/pcrProj/neisseria/strains/genCP016017.1.fna
    output: /home/zfears/Desktop/pcrProj/neisseria/prokka/genCP016017.1.fna.gff, /home/zfears/Desktop/pcrProj/neisseria/prokka/genCP016017.1.fna.ffn
    jobid: 10
    reason: Missing output files: /home/zfears/Desktop/pcrProj/neisseria/prokka/genCP016017.1.fna.gff
    wildcards: fna=genCP016017.1.fna
    resources: tmpdir=<TBD>, disk_mb=1000, disk=1 GB, disk_mib=954, mem_mb=1000, mem=1 GB, mem_mib=954, mem_mb_per_cpu=4000, runtime=15
Job 10 has been submitted with SLURM jobid 11149985 (log: /grphome/grp_Assembly/pcrScripts/snakemake/.snakemake/slurm_logs/rule_prokka/genCP016017.1.fna/11149985.log).

[Wed Apr  1 11:13:09 2026]
rule prokka:
    input: /home/zfears/Desktop/pcrProj/neisseria/strains/genCP173024.1.fna
    output: /home/zfears/Desktop/pcrProj/neisseria/prokka/genCP173024.1.fna.gff, /home/zfears/Desktop/pcrProj/neisseria/prokka/genCP173024.1.fna.ffn
    jobid: 190
    reason: Missing output files: /home/zfears/Desktop/pcrProj/neisseria/prokka/genCP173024.1.fna.gff
    wildcards: fna=genCP173024.1.fna
    resources: tmpdir=<TBD>, disk_mb=1000, disk=1 GB, disk_mib=954, mem_mb=1000, mem=1 GB, mem_mib=954, mem_mb_per_cpu=4000, runtime=15
Job 190 has been submitted with SLURM jobid 11149986 (log: /grphome/grp_Assembly/pcrScripts/snakemake/.snakemake/slurm_logs/rule_prokka/genCP173024.1.fna/11149986.log).

[Wed Apr  1 11:13:09 2026]
rule prokka:
    input: /home/zfears/Desktop/pcrProj/neisseria/strains/specCP016663.1.fna
    output: /home/zfears/Desktop/pcrProj/neisseria/prokka/specCP016663.1.fna.gff, /home/zfears/Desktop/pcrProj/neisseria/prokka/specCP016663.1.fna.ffn
    jobid: 250
    reason: Missing output files: /home/zfears/Desktop/pcrProj/neisseria/prokka/specCP016663.1.fna.gff
    wildcards: fna=specCP016663.1.fna
    resources: tmpdir=<TBD>, disk_mb=1000, disk=1 GB, disk_mib=954, mem_mb=1000, mem=1 GB, mem_mib=954, mem_mb_per_cpu=4000, runtime=15
Job 250 has been submitted with SLURM jobid 11149987 (log: /grphome/grp_Assembly/pcrScripts/snakemake/.snakemake/slurm_logs/rule_prokka/specCP016663.1.fna/11149987.log).

[Wed Apr  1 11:13:09 2026]
rule prokka:
    input: /home/zfears/Desktop/pcrProj/neisseria/strains/genCP098503.1.fna
    output: /home/zfears/Desktop/pcrProj/neisseria/prokka/genCP098503.1.fna.gff, /home/zfears/Desktop/pcrProj/neisseria/prokka/genCP098503.1.fna.ffn
    jobid: 101
    reason: Missing output files: /home/zfears/Desktop/pcrProj/neisseria/prokka/genCP098503.1.fna.gff
    wildcards: fna=genCP098503.1.fna
    resources: tmpdir=<TBD>, disk_mb=1000, disk=1 GB, disk_mib=954, mem_mb=1000, mem=1 GB, mem_mib=954, mem_mb_per_cpu=4000, runtime=15
Job 101 has been submitted with SLURM jobid 11149988 (log: /grphome/grp_Assembly/pcrScripts/snakemake/.snakemake/slurm_logs/rule_prokka/genCP098503.1.fna/11149988.log).

[Wed Apr  1 11:13:09 2026]
rule prokka:
    input: /home/zfears/Desktop/pcrProj/neisseria/strains/genCP145017.1.fna
    output: /home/zfears/Desktop/pcrProj/neisseria/prokka/genCP145017.1.fna.gff, /home/zfears/Desktop/pcrProj/neisseria/prokka/genCP145017.1.fna.ffn
    jobid: 161
    reason: Missing output files: /home/zfears/Desktop/pcrProj/neisseria/prokka/genCP145017.1.fna.gff
    wildcards: fna=genCP145017.1.fna
    resources: tmpdir=<TBD>, disk_mb=1000, disk=1 GB, disk_mib=954, mem_mb=1000, mem=1 GB, mem_mib=954, mem_mb_per_cpu=4000, runtime=15
Job 161 has been submitted with SLURM jobid 11149989 (log: /grphome/grp_Assembly/pcrScripts/snakemake/.snakemake/slurm_logs/rule_prokka/genCP145017.1.fna/11149989.log).

[Wed Apr  1 11:13:09 2026]
rule prokka:
    input: /home/zfears/Desktop/pcrProj/neisseria/strains/genCP019466.1.fna
    output: /home/zfears/Desktop/pcrProj/neisseria/prokka/genCP019466.1.fna.gff, /home/zfears/Desktop/pcrProj/neisseria/prokka/genCP019466.1.fna.ffn
    jobid: 11
    reason: Missing output files: /home/zfears/Desktop/pcrProj/neisseria/prokka/genCP019466.1.fna.gff
    wildcards: fna=genCP019466.1.fna
    resources: tmpdir=<TBD>, disk_mb=1000, disk=1 GB, disk_mib=954, mem_mb=1000, mem=1 GB, mem_mib=954, mem_mb_per_cpu=4000, runtime=15
Job 11 has been submitted with SLURM jobid 11149990 (log: /grphome/grp_Assembly/pcrScripts/snakemake/.snakemake/slurm_logs/rule_prokka/genCP019466.1.fna/11149990.log).

[Wed Apr  1 11:13:09 2026]
rule prokka:
    input: /home/zfears/Desktop/pcrProj/neisseria/strains/genCP174106.1.fna
    output: /home/zfears/Desktop/pcrProj/neisseria/prokka/genCP174106.1.fna.gff, /home/zfears/Desktop/pcrProj/neisseria/prokka/genCP174106.1.fna.ffn
    jobid: 191
    reason: Missing output files: /home/zfears/Desktop/pcrProj/neisseria/prokka/genCP174106.1.fna.gff
    wildcards: fna=genCP174106.1.fna
    resources: tmpdir=<TBD>, disk_mb=1000, disk=1 GB, disk_mib=954, mem_mb=1000, mem=1 GB, mem_mib=954, mem_mb_per_cpu=4000, runtime=15
Job 191 has been submitted with SLURM jobid 11149991 (log: /grphome/grp_Assembly/pcrScripts/snakemake/.snakemake/slurm_logs/rule_prokka/genCP174106.1.fna/11149991.log).

[Wed Apr  1 11:13:09 2026]
rule prokka:
    input: /home/zfears/Desktop/pcrProj/neisseria/strains/specCP016664.1.fna
    output: /home/zfears/Desktop/pcrProj/neisseria/prokka/specCP016664.1.fna.gff, /home/zfears/Desktop/pcrProj/neisseria/prokka/specCP016664.1.fna.ffn
    jobid: 251
    reason: Missing output files: /home/zfears/Desktop/pcrProj/neisseria/prokka/specCP016664.1.fna.gff
    wildcards: fna=specCP016664.1.fna
    resources: tmpdir=<TBD>, disk_mb=1000, disk=1 GB, disk_mib=954, mem_mb=1000, mem=1 GB, mem_mib=954, mem_mb_per_cpu=4000, runtime=15
Job 251 has been submitted with SLURM jobid 11149992 (log: /grphome/grp_Assembly/pcrScripts/snakemake/.snakemake/slurm_logs/rule_prokka/specCP016664.1.fna/11149992.log).

[Wed Apr  1 11:13:09 2026]
rule prokka:
    input: /home/zfears/Desktop/pcrProj/neisseria/strains/genCP098505.1.fna
    output: /home/zfears/Desktop/pcrProj/neisseria/prokka/genCP098505.1.fna.gff, /home/zfears/Desktop/pcrProj/neisseria/prokka/genCP098505.1.fna.ffn
    jobid: 102
    reason: Missing output files: /home/zfears/Desktop/pcrProj/neisseria/prokka/genCP098505.1.fna.gff
    wildcards: fna=genCP098505.1.fna
    resources: tmpdir=<TBD>, disk_mb=1000, disk=1 GB, disk_mib=954, mem_mb=1000, mem=1 GB, mem_mib=954, mem_mb_per_cpu=4000, runtime=15
Job 102 has been submitted with SLURM jobid 11149993 (log: /grphome/grp_Assembly/pcrScripts/snakemake/.snakemake/slurm_logs/rule_prokka/genCP098505.1.fna/11149993.log).

[Wed Apr  1 11:13:11 2026]
rule prokka:
    input: /home/zfears/Desktop/pcrProj/neisseria/strains/specCP020420.1.fna
    output: /home/zfears/Desktop/pcrProj/neisseria/prokka/specCP020420.1.fna.gff, /home/zfears/Desktop/pcrProj/neisseria/prokka/specCP020420.1.fna.ffn
    jobid: 282
    reason: Missing output files: /home/zfears/Desktop/pcrProj/neisseria/prokka/specCP020420.1.fna.gff
    wildcards: fna=specCP020420.1.fna
    resources: tmpdir=<TBD>, disk_mb=1000, disk=1 GB, disk_mib=954, mem_mb=1000, mem=1 GB, mem_mib=954, mem_mb_per_cpu=4000, runtime=15
Job 282 has been submitted with SLURM jobid 11149994 (log: /grphome/grp_Assembly/pcrScripts/snakemake/.snakemake/slurm_logs/rule_prokka/specCP020420.1.fna/11149994.log).

[Wed Apr  1 11:13:11 2026]
rule prokka:
    input: /home/zfears/Desktop/pcrProj/neisseria/strains/specCP021516.1.fna
    output: /home/zfears/Desktop/pcrProj/neisseria/prokka/specCP021516.1.fna.gff, /home/zfears/Desktop/pcrProj/neisseria/prokka/specCP021516.1.fna.ffn
    jobid: 284
    reason: Missing output files: /home/zfears/Desktop/pcrProj/neisseria/prokka/specCP021516.1.fna.gff
    wildcards: fna=specCP021516.1.fna
    resources: tmpdir=<TBD>, disk_mb=1000, disk=1 GB, disk_mib=954, mem_mb=1000, mem=1 GB, mem_mib=954, mem_mb_per_cpu=4000, runtime=15
Job 284 has been submitted with SLURM jobid 11149995 (log: /grphome/grp_Assembly/pcrScripts/snakemake/.snakemake/slurm_logs/rule_prokka/specCP021516.1.fna/11149995.log).
Select jobs to execute...
Execute 20 jobs...

[Wed Apr  1 11:13:11 2026]
rule prokka:
    input: /home/zfears/Desktop/pcrProj/neisseria/strains/genCP073117.1.fna
    output: /home/zfears/Desktop/pcrProj/neisseria/prokka/genCP073117.1.fna.gff, /home/zfears/Desktop/pcrProj/neisseria/prokka/genCP073117.1.fna.ffn
    jobid: 75
    reason: Missing output files: /home/zfears/Desktop/pcrProj/neisseria/prokka/genCP073117.1.fna.gff
    wildcards: fna=genCP073117.1.fna
    resources: tmpdir=<TBD>, disk_mb=1000, disk=1 GB, disk_mib=954, mem_mb=1000, mem=1 GB, mem_mib=954, mem_mb_per_cpu=4000, runtime=15
Job 75 has been submitted with SLURM jobid 11149996 (log: /grphome/grp_Assembly/pcrScripts/snakemake/.snakemake/slurm_logs/rule_prokka/genCP073117.1.fna/11149996.log).

[Wed Apr  1 11:13:11 2026]
rule prokka:
    input: /home/zfears/Desktop/pcrProj/neisseria/strains/genCP048246.1.fna
    output: /home/zfears/Desktop/pcrProj/neisseria/prokka/genCP048246.1.fna.gff, /home/zfears/Desktop/pcrProj/neisseria/prokka/genCP048246.1.fna.ffn
    jobid: 45
    reason: Missing output files: /home/zfears/Desktop/pcrProj/neisseria/prokka/genCP048246.1.fna.gff
    wildcards: fna=genCP048246.1.fna
    resources: tmpdir=<TBD>, disk_mb=1000, disk=1 GB, disk_mib=954, mem_mb=1000, mem=1 GB, mem_mib=954, mem_mb_per_cpu=4000, runtime=15
Job 45 has been submitted with SLURM jobid 11149997 (log: /grphome/grp_Assembly/pcrScripts/snakemake/.snakemake/slurm_logs/rule_prokka/genCP048246.1.fna/11149997.log).

[Wed Apr  1 11:13:11 2026]
rule prokka:
    input: /home/zfears/Desktop/pcrProj/neisseria/strains/genCP145026.1.fna
    output: /home/zfears/Desktop/pcrProj/neisseria/prokka/genCP145026.1.fna.gff, /home/zfears/Desktop/pcrProj/neisseria/prokka/genCP145026.1.fna.ffn
    jobid: 165
    reason: Missing output files: /home/zfears/Desktop/pcrProj/neisseria/prokka/genCP145026.1.fna.gff
    wildcards: fna=genCP145026.1.fna
    resources: tmpdir=<TBD>, disk_mb=1000, disk=1 GB, disk_mib=954, mem_mb=1000, mem=1 GB, mem_mib=954, mem_mb_per_cpu=4000, runtime=15
Job 165 has been submitted with SLURM jobid 11149998 (log: /grphome/grp_Assembly/pcrScripts/snakemake/.snakemake/slurm_logs/rule_prokka/genCP145026.1.fna/11149998.log).

[Wed Apr  1 11:13:11 2026]
rule prokka:
    input: /home/zfears/Desktop/pcrProj/neisseria/strains/genCP078118.1.fna
    output: /home/zfears/Desktop/pcrProj/neisseria/prokka/genCP078118.1.fna.gff, /home/zfears/Desktop/pcrProj/neisseria/prokka/genCP078118.1.fna.ffn
    jobid: 83
    reason: Missing output files: /home/zfears/Desktop/pcrProj/neisseria/prokka/genCP078118.1.fna.gff
    wildcards: fna=genCP078118.1.fna
    resources: tmpdir=<TBD>, disk_mb=1000, disk=1 GB, disk_mib=954, mem_mb=1000, mem=1 GB, mem_mib=954, mem_mb_per_cpu=4000, runtime=15
Job 83 has been submitted with SLURM jobid 11149999 (log: /grphome/grp_Assembly/pcrScripts/snakemake/.snakemake/slurm_logs/rule_prokka/genCP078118.1.fna/11149999.log).

[Wed Apr  1 11:13:12 2026]
rule prokka:
    input: /home/zfears/Desktop/pcrProj/neisseria/strains/genCP130898.1.fna
    output: /home/zfears/Desktop/pcrProj/neisseria/prokka/genCP130898.1.fna.gff, /home/zfears/Desktop/pcrProj/neisseria/prokka/genCP130898.1.fna.ffn
    jobid: 143
    reason: Missing output files: /home/zfears/Desktop/pcrProj/neisseria/prokka/genCP130898.1.fna.gff
    wildcards: fna=genCP130898.1.fna
    resources: tmpdir=<TBD>, disk_mb=1000, disk=1 GB, disk_mib=954, mem_mb=1000, mem=1 GB, mem_mib=954, mem_mb_per_cpu=4000, runtime=15
Job 143 has been submitted with SLURM jobid 11150000 (log: /grphome/grp_Assembly/pcrScripts/snakemake/.snakemake/slurm_logs/rule_prokka/genCP130898.1.fna/11150000.log).

[Wed Apr  1 11:13:12 2026]
rule prokka:
    input: /home/zfears/Desktop/pcrProj/neisseria/strains/genCP048908.1.fna
    output: /home/zfears/Desktop/pcrProj/neisseria/prokka/genCP048908.1.fna.gff, /home/zfears/Desktop/pcrProj/neisseria/prokka/genCP048908.1.fna.ffn
    jobid: 53
    reason: Missing output files: /home/zfears/Desktop/pcrProj/neisseria/prokka/genCP048908.1.fna.gff
    wildcards: fna=genCP048908.1.fna
    resources: tmpdir=<TBD>, disk_mb=1000, disk=1 GB, disk_mib=954, mem_mb=1000, mem=1 GB, mem_mib=954, mem_mb_per_cpu=4000, runtime=15
Job 53 has been submitted with SLURM jobid 11150001 (log: /grphome/grp_Assembly/pcrScripts/snakemake/.snakemake/slurm_logs/rule_prokka/genCP048908.1.fna/11150001.log).

[Wed Apr  1 11:13:12 2026]
rule prokka:
    input: /home/zfears/Desktop/pcrProj/neisseria/strains/specCP045961.1.fna
    output: /home/zfears/Desktop/pcrProj/neisseria/prokka/specCP045961.1.fna.gff, /home/zfears/Desktop/pcrProj/neisseria/prokka/specCP045961.1.fna.ffn
    jobid: 323
    reason: Missing output files: /home/zfears/Desktop/pcrProj/neisseria/prokka/specCP045961.1.fna.gff
    wildcards: fna=specCP045961.1.fna
    resources: tmpdir=<TBD>, disk_mb=1000, disk=1 GB, disk_mib=954, mem_mb=1000, mem=1 GB, mem_mib=954, mem_mb_per_cpu=4000, runtime=15
Job 323 has been submitted with SLURM jobid 11150002 (log: /grphome/grp_Assembly/pcrScripts/snakemake/.snakemake/slurm_logs/rule_prokka/specCP045961.1.fna/11150002.log).

[Wed Apr  1 11:13:12 2026]
rule prokka:
    input: /home/zfears/Desktop/pcrProj/neisseria/strains/genCP145050.1.fna
    output: /home/zfears/Desktop/pcrProj/neisseria/prokka/genCP145050.1.fna.gff, /home/zfears/Desktop/pcrProj/neisseria/prokka/genCP145050.1.fna.ffn
    jobid: 173
    reason: Missing output files: /home/zfears/Desktop/pcrProj/neisseria/prokka/genCP145050.1.fna.gff
    wildcards: fna=genCP145050.1.fna
    resources: tmpdir=<TBD>, disk_mb=1000, disk=1 GB, disk_mib=954, mem_mb=1000, mem=1 GB, mem_mib=954, mem_mb_per_cpu=4000, runtime=15
Job 173 has been submitted with SLURM jobid 11150003 (log: /grphome/grp_Assembly/pcrScripts/snakemake/.snakemake/slurm_logs/rule_prokka/genCP145050.1.fna/11150003.log).

[Wed Apr  1 11:13:12 2026]
rule prokka:
    input: /home/zfears/Desktop/pcrProj/neisseria/strains/genCP097460.1.fna
    output: /home/zfears/Desktop/pcrProj/neisseria/prokka/genCP097460.1.fna.gff, /home/zfears/Desktop/pcrProj/neisseria/prokka/genCP097460.1.fna.ffn
    jobid: 88
    reason: Missing output files: /home/zfears/Desktop/pcrProj/neisseria/prokka/genCP097460.1.fna.gff
    wildcards: fna=genCP097460.1.fna
    resources: tmpdir=<TBD>, disk_mb=1000, disk=1 GB, disk_mib=954, mem_mb=1000, mem=1 GB, mem_mib=954, mem_mb_per_cpu=4000, runtime=15
Job 88 has been submitted with SLURM jobid 11150004 (log: /grphome/grp_Assembly/pcrScripts/snakemake/.snakemake/slurm_logs/rule_prokka/genCP097460.1.fna/11150004.log).

[Wed Apr  1 11:13:12 2026]
rule prokka:
    input: /home/zfears/Desktop/pcrProj/neisseria/strains/genCP131626.1.fna
    output: /home/zfears/Desktop/pcrProj/neisseria/prokka/genCP131626.1.fna.gff, /home/zfears/Desktop/pcrProj/neisseria/prokka/genCP131626.1.fna.ffn
    jobid: 148
    reason: Missing output files: /home/zfears/Desktop/pcrProj/neisseria/prokka/genCP131626.1.fna.gff
    wildcards: fna=genCP131626.1.fna
    resources: tmpdir=<TBD>, disk_mb=1000, disk=1 GB, disk_mib=954, mem_mb=1000, mem=1 GB, mem_mib=954, mem_mb_per_cpu=4000, runtime=15
Job 148 has been submitted with SLURM jobid 11150005 (log: /grphome/grp_Assembly/pcrScripts/snakemake/.snakemake/slurm_logs/rule_prokka/genCP131626.1.fna/11150005.log).

[Wed Apr  1 11:13:12 2026]
rule prokka:
    input: /home/zfears/Desktop/pcrProj/neisseria/strains/genCP053939.1.fna
    output: /home/zfears/Desktop/pcrProj/neisseria/prokka/genCP053939.1.fna.gff, /home/zfears/Desktop/pcrProj/neisseria/prokka/genCP053939.1.fna.ffn
    jobid: 58
    reason: Missing output files: /home/zfears/Desktop/pcrProj/neisseria/prokka/genCP053939.1.fna.gff
    wildcards: fna=genCP053939.1.fna
    resources: tmpdir=<TBD>, disk_mb=1000, disk=1 GB, disk_mib=954, mem_mb=1000, mem=1 GB, mem_mib=954, mem_mb_per_cpu=4000, runtime=15
Job 58 has been submitted with SLURM jobid 11150006 (log: /grphome/grp_Assembly/pcrScripts/snakemake/.snakemake/slurm_logs/rule_prokka/genCP053939.1.fna/11150006.log).

[Wed Apr  1 11:13:13 2026]
rule prokka:
    input: /home/zfears/Desktop/pcrProj/neisseria/strains/genCP106807.1.fna
    output: /home/zfears/Desktop/pcrProj/neisseria/prokka/genCP106807.1.fna.gff, /home/zfears/Desktop/pcrProj/neisseria/prokka/genCP106807.1.fna.ffn
    jobid: 118
    reason: Missing output files: /home/zfears/Desktop/pcrProj/neisseria/prokka/genCP106807.1.fna.gff
    wildcards: fna=genCP106807.1.fna
    resources: tmpdir=<TBD>, disk_mb=1000, disk=1 GB, disk_mib=954, mem_mb=1000, mem=1 GB, mem_mib=954, mem_mb_per_cpu=4000, runtime=15
Job 118 has been submitted with SLURM jobid 11150007 (log: /grphome/grp_Assembly/pcrScripts/snakemake/.snakemake/slurm_logs/rule_prokka/genCP106807.1.fna/11150007.log).

[Wed Apr  1 11:13:14 2026]
rule prokka:
    input: /home/zfears/Desktop/pcrProj/neisseria/strains/specCP030815.1.fna
    output: /home/zfears/Desktop/pcrProj/neisseria/prokka/specCP030815.1.fna.gff, /home/zfears/Desktop/pcrProj/neisseria/prokka/specCP030815.1.fna.ffn
    jobid: 298
    reason: Missing output files: /home/zfears/Desktop/pcrProj/neisseria/prokka/specCP030815.1.fna.gff
    wildcards: fna=specCP030815.1.fna
    resources: tmpdir=<TBD>, disk_mb=1000, disk=1 GB, disk_mib=954, mem_mb=1000, mem=1 GB, mem_mib=954, mem_mb_per_cpu=4000, runtime=15
Job 298 has been submitted with SLURM jobid 11150008 (log: /grphome/grp_Assembly/pcrScripts/snakemake/.snakemake/slurm_logs/rule_prokka/specCP030815.1.fna/11150008.log).

[Wed Apr  1 11:13:14 2026]
rule prokka:
    input: /home/zfears/Desktop/pcrProj/neisseria/strains/specCP136807.1.fna
    output: /home/zfears/Desktop/pcrProj/neisseria/prokka/specCP136807.1.fna.gff, /home/zfears/Desktop/pcrProj/neisseria/prokka/specCP136807.1.fna.ffn
    jobid: 328
    reason: Missing output files: /home/zfears/Desktop/pcrProj/neisseria/prokka/specCP136807.1.fna.gff
    wildcards: fna=specCP136807.1.fna
    resources: tmpdir=<TBD>, disk_mb=1000, disk=1 GB, disk_mib=954, mem_mb=1000, mem=1 GB, mem_mib=954, mem_mb_per_cpu=4000, runtime=15
Job 328 has been submitted with SLURM jobid 11150009 (log: /grphome/grp_Assembly/pcrScripts/snakemake/.snakemake/slurm_logs/rule_prokka/specCP136807.1.fna/11150009.log).

[Wed Apr  1 11:13:14 2026]
rule prokka:
    input: /home/zfears/Desktop/pcrProj/neisseria/strains/specCP016651.1.fna
    output: /home/zfears/Desktop/pcrProj/neisseria/prokka/specCP016651.1.fna.gff, /home/zfears/Desktop/pcrProj/neisseria/prokka/specCP016651.1.fna.ffn
    jobid: 238
    reason: Missing output files: /home/zfears/Desktop/pcrProj/neisseria/prokka/specCP016651.1.fna.gff
    wildcards: fna=specCP016651.1.fna
    resources: tmpdir=<TBD>, disk_mb=1000, disk=1 GB, disk_mib=954, mem_mb=1000, mem=1 GB, mem_mib=954, mem_mb_per_cpu=4000, runtime=15
Job 238 has been submitted with SLURM jobid 11150010 (log: /grphome/grp_Assembly/pcrScripts/snakemake/.snakemake/slurm_logs/rule_prokka/specCP016651.1.fna/11150010.log).

[Wed Apr  1 11:13:14 2026]
rule prokka:
    input: /home/zfears/Desktop/pcrProj/neisseria/strains/genCP097461.1.fna
    output: /home/zfears/Desktop/pcrProj/neisseria/prokka/genCP097461.1.fna.gff, /home/zfears/Desktop/pcrProj/neisseria/prokka/genCP097461.1.fna.ffn
    jobid: 89
    reason: Missing output files: /home/zfears/Desktop/pcrProj/neisseria/prokka/genCP097461.1.fna.gff
    wildcards: fna=genCP097461.1.fna
    resources: tmpdir=<TBD>, disk_mb=1000, disk=1 GB, disk_mib=954, mem_mb=1000, mem=1 GB, mem_mib=954, mem_mb_per_cpu=4000, runtime=15
Job 89 has been submitted with SLURM jobid 11150011 (log: /grphome/grp_Assembly/pcrScripts/snakemake/.snakemake/slurm_logs/rule_prokka/genCP097461.1.fna/11150011.log).

[Wed Apr  1 11:13:14 2026]
rule prokka:
    input: /home/zfears/Desktop/pcrProj/neisseria/strains/genCP131630.1.fna
    output: /home/zfears/Desktop/pcrProj/neisseria/prokka/genCP131630.1.fna.gff, /home/zfears/Desktop/pcrProj/neisseria/prokka/genCP131630.1.fna.ffn
    jobid: 149
    reason: Missing output files: /home/zfears/Desktop/pcrProj/neisseria/prokka/genCP131630.1.fna.gff
    wildcards: fna=genCP131630.1.fna
    resources: tmpdir=<TBD>, disk_mb=1000, disk=1 GB, disk_mib=954, mem_mb=1000, mem=1 GB, mem_mib=954, mem_mb_per_cpu=4000, runtime=15
Job 149 has been submitted with SLURM jobid 11150012 (log: /grphome/grp_Assembly/pcrScripts/snakemake/.snakemake/slurm_logs/rule_prokka/genCP131630.1.fna/11150012.log).

[Wed Apr  1 11:13:14 2026]
rule prokka:
    input: /home/zfears/Desktop/pcrProj/neisseria/strains/genCP059571.1.fna
    output: /home/zfears/Desktop/pcrProj/neisseria/prokka/genCP059571.1.fna.gff, /home/zfears/Desktop/pcrProj/neisseria/prokka/genCP059571.1.fna.ffn
    jobid: 59
    reason: Missing output files: /home/zfears/Desktop/pcrProj/neisseria/prokka/genCP059571.1.fna.gff
    wildcards: fna=genCP059571.1.fna
    resources: tmpdir=<TBD>, disk_mb=1000, disk=1 GB, disk_mib=954, mem_mb=1000, mem=1 GB, mem_mib=954, mem_mb_per_cpu=4000, runtime=15
Job 59 has been submitted with SLURM jobid 11150013 (log: /grphome/grp_Assembly/pcrScripts/snakemake/.snakemake/slurm_logs/rule_prokka/genCP059571.1.fna/11150013.log).

[Wed Apr  1 11:13:14 2026]
rule prokka:
    input: /home/zfears/Desktop/pcrProj/neisseria/strains/genCP106809.1.fna
    output: /home/zfears/Desktop/pcrProj/neisseria/prokka/genCP106809.1.fna.gff, /home/zfears/Desktop/pcrProj/neisseria/prokka/genCP106809.1.fna.ffn
    jobid: 119
    reason: Missing output files: /home/zfears/Desktop/pcrProj/neisseria/prokka/genCP106809.1.fna.gff
    wildcards: fna=genCP106809.1.fna
    resources: tmpdir=<TBD>, disk_mb=1000, disk=1 GB, disk_mib=954, mem_mb=1000, mem=1 GB, mem_mib=954, mem_mb_per_cpu=4000, runtime=15
Job 119 has been submitted with SLURM jobid 11150014 (log: /grphome/grp_Assembly/pcrScripts/snakemake/.snakemake/slurm_logs/rule_prokka/genCP106809.1.fna/11150014.log).

[Wed Apr  1 11:13:15 2026]
rule prokka:
    input: /home/zfears/Desktop/pcrProj/neisseria/strains/specCP016645.1.fna
    output: /home/zfears/Desktop/pcrProj/neisseria/prokka/specCP016645.1.fna.gff, /home/zfears/Desktop/pcrProj/neisseria/prokka/specCP016645.1.fna.ffn
    jobid: 232
    reason: Missing output files: /home/zfears/Desktop/pcrProj/neisseria/prokka/specCP016645.1.fna.gff
    wildcards: fna=specCP016645.1.fna
    resources: tmpdir=<TBD>, disk_mb=1000, disk=1 GB, disk_mib=954, mem_mb=1000, mem=1 GB, mem_mib=954, mem_mb_per_cpu=4000, runtime=15
Job 232 has been submitted with SLURM jobid 11150015 (log: /grphome/grp_Assembly/pcrScripts/snakemake/.snakemake/slurm_logs/rule_prokka/specCP016645.1.fna/11150015.log).
[Wed Apr  1 11:13:28 2026]
Finished jobid: 254 (Rule: prokka)
135 of 335 steps (40%) done
[Wed Apr  1 11:13:28 2026]
Finished jobid: 114 (Rule: prokka)
136 of 335 steps (41%) done
[Wed Apr  1 11:13:28 2026]
Finished jobid: 55 (Rule: prokka)
137 of 335 steps (41%) done
[Wed Apr  1 11:13:28 2026]
Finished jobid: 115 (Rule: prokka)
138 of 335 steps (41%) done
[Wed Apr  1 11:13:28 2026]
Finished jobid: 295 (Rule: prokka)
139 of 335 steps (41%) done
[Wed Apr  1 11:13:28 2026]
Finished jobid: 67 (Rule: prokka)
140 of 335 steps (42%) done
[Wed Apr  1 11:13:28 2026]
Finished jobid: 127 (Rule: prokka)
141 of 335 steps (42%) done
[Wed Apr  1 11:13:28 2026]
Finished jobid: 68 (Rule: prokka)
142 of 335 steps (42%) done
[Wed Apr  1 11:13:28 2026]
Finished jobid: 128 (Rule: prokka)
143 of 335 steps (43%) done
[Wed Apr  1 11:13:28 2026]
Finished jobid: 69 (Rule: prokka)
144 of 335 steps (43%) done
[Wed Apr  1 11:13:28 2026]
Finished jobid: 129 (Rule: prokka)
145 of 335 steps (43%) done
[Wed Apr  1 11:13:28 2026]
Finished jobid: 71 (Rule: prokka)
146 of 335 steps (44%) done
[Wed Apr  1 11:13:29 2026]
Finished jobid: 19 (Rule: prokka)
147 of 335 steps (44%) done
[Wed Apr  1 11:13:29 2026]
Finished jobid: 207 (Rule: prokka)
148 of 335 steps (44%) done
[Wed Apr  1 11:13:29 2026]
Finished jobid: 275 (Rule: prokka)
149 of 335 steps (44%) done
[Wed Apr  1 11:13:29 2026]
Finished jobid: 215 (Rule: prokka)
150 of 335 steps (45%) done
[Wed Apr  1 11:13:29 2026]
Finished jobid: 35 (Rule: prokka)
151 of 335 steps (45%) done
[Wed Apr  1 11:13:29 2026]
Finished jobid: 216 (Rule: prokka)
152 of 335 steps (45%) done
[Wed Apr  1 11:13:29 2026]
Finished jobid: 276 (Rule: prokka)
153 of 335 steps (46%) done
[Wed Apr  1 11:13:29 2026]
Finished jobid: 36 (Rule: prokka)
154 of 335 steps (46%) done
[Wed Apr  1 11:13:29 2026]
Finished jobid: 37 (Rule: prokka)
155 of 335 steps (46%) done
[Wed Apr  1 11:13:29 2026]
Finished jobid: 217 (Rule: prokka)
156 of 335 steps (47%) done
[Wed Apr  1 11:13:29 2026]
Finished jobid: 277 (Rule: prokka)
157 of 335 steps (47%) done
[Wed Apr  1 11:13:29 2026]
Finished jobid: 218 (Rule: prokka)
158 of 335 steps (47%) done
[Wed Apr  1 11:13:29 2026]
Finished jobid: 278 (Rule: prokka)
159 of 335 steps (47%) done
[Wed Apr  1 11:13:29 2026]
Finished jobid: 219 (Rule: prokka)
160 of 335 steps (48%) done
[Wed Apr  1 11:13:29 2026]
Finished jobid: 279 (Rule: prokka)
161 of 335 steps (48%) done
[Wed Apr  1 11:13:29 2026]
Finished jobid: 220 (Rule: prokka)
162 of 335 steps (48%) done
[Wed Apr  1 11:13:29 2026]
Finished jobid: 41 (Rule: prokka)
163 of 335 steps (49%) done
[Wed Apr  1 11:13:29 2026]
Finished jobid: 221 (Rule: prokka)
164 of 335 steps (49%) done
[Wed Apr  1 11:13:29 2026]
Finished jobid: 281 (Rule: prokka)
165 of 335 steps (49%) done
[Wed Apr  1 11:13:29 2026]
Finished jobid: 285 (Rule: prokka)
166 of 335 steps (50%) done
[Wed Apr  1 11:13:29 2026]
Finished jobid: 315 (Rule: prokka)
167 of 335 steps (50%) done
[Wed Apr  1 11:13:29 2026]
Finished jobid: 17 (Rule: prokka)
168 of 335 steps (50%) done
[Wed Apr  1 11:13:29 2026]
Finished jobid: 85 (Rule: prokka)
169 of 335 steps (50%) done
[Wed Apr  1 11:13:29 2026]
Finished jobid: 162 (Rule: prokka)
170 of 335 steps (51%) done
[Wed Apr  1 11:13:29 2026]
Finished jobid: 72 (Rule: prokka)
171 of 335 steps (51%) done
[Wed Apr  1 11:13:29 2026]
Finished jobid: 312 (Rule: prokka)
172 of 335 steps (51%) done
[Wed Apr  1 11:13:29 2026]
Finished jobid: 12 (Rule: prokka)
173 of 335 steps (52%) done
[Wed Apr  1 11:13:29 2026]
Finished jobid: 192 (Rule: prokka)
174 of 335 steps (52%) done
[Wed Apr  1 11:13:29 2026]
Finished jobid: 252 (Rule: prokka)
175 of 335 steps (52%) done
[Wed Apr  1 11:13:29 2026]
Finished jobid: 222 (Rule: prokka)
176 of 335 steps (53%) done
[Wed Apr  1 11:13:29 2026]
Finished jobid: 103 (Rule: prokka)
177 of 335 steps (53%) done
[Wed Apr  1 11:13:29 2026]
Finished jobid: 163 (Rule: prokka)
178 of 335 steps (53%) done
[Wed Apr  1 11:13:30 2026]
Finished jobid: 313 (Rule: prokka)
179 of 335 steps (53%) done
[Wed Apr  1 11:13:30 2026]
Finished jobid: 13 (Rule: prokka)
180 of 335 steps (54%) done
[Wed Apr  1 11:13:30 2026]
Finished jobid: 193 (Rule: prokka)
181 of 335 steps (54%) done
[Wed Apr  1 11:13:30 2026]
Finished jobid: 253 (Rule: prokka)
182 of 335 steps (54%) done
[Wed Apr  1 11:13:30 2026]
Finished jobid: 43 (Rule: prokka)
183 of 335 steps (55%) done
[Wed Apr  1 11:13:30 2026]
Finished jobid: 223 (Rule: prokka)
184 of 335 steps (55%) done
[Wed Apr  1 11:13:30 2026]
Finished jobid: 104 (Rule: prokka)
185 of 335 steps (55%) done
[Wed Apr  1 11:13:30 2026]
Finished jobid: 164 (Rule: prokka)
186 of 335 steps (56%) done
[Wed Apr  1 11:13:30 2026]
Finished jobid: 134 (Rule: prokka)
187 of 335 steps (56%) done
[Wed Apr  1 11:13:30 2026]
Finished jobid: 314 (Rule: prokka)
188 of 335 steps (56%) done
[Wed Apr  1 11:13:30 2026]
Finished jobid: 14 (Rule: prokka)
189 of 335 steps (56%) done
[Wed Apr  1 11:13:30 2026]
Finished jobid: 194 (Rule: prokka)
190 of 335 steps (57%) done
[Wed Apr  1 11:13:30 2026]
Finished jobid: 301 (Rule: prokka)
191 of 335 steps (57%) done
[Wed Apr  1 11:13:30 2026]
Finished jobid: 331 (Rule: prokka)
192 of 335 steps (57%) done
[Wed Apr  1 11:13:30 2026]
Finished jobid: 241 (Rule: prokka)
193 of 335 steps (58%) done
[Wed Apr  1 11:14:11 2026]
Finished jobid: 44 (Rule: prokka)
194 of 335 steps (58%) done
[Wed Apr  1 11:14:11 2026]
Finished jobid: 21 (Rule: prokka)
195 of 335 steps (58%) done
[Wed Apr  1 11:14:11 2026]
Finished jobid: 211 (Rule: prokka)
196 of 335 steps (59%) done
[Wed Apr  1 11:14:11 2026]
Finished jobid: 38 (Rule: prokka)
197 of 335 steps (59%) done
[Wed Apr  1 11:14:11 2026]
Finished jobid: 39 (Rule: prokka)
198 of 335 steps (59%) done
[Wed Apr  1 11:14:11 2026]
Finished jobid: 40 (Rule: prokka)
199 of 335 steps (59%) done
[Wed Apr  1 11:14:12 2026]
Finished jobid: 280 (Rule: prokka)
200 of 335 steps (60%) done
[Wed Apr  1 11:14:12 2026]
Finished jobid: 105 (Rule: prokka)
201 of 335 steps (60%) done
[Wed Apr  1 11:14:12 2026]
Finished jobid: 73 (Rule: prokka)
202 of 335 steps (60%) done
[Wed Apr  1 11:14:12 2026]
Finished jobid: 74 (Rule: prokka)
203 of 335 steps (61%) done
[Wed Apr  1 11:14:12 2026]
Finished jobid: 283 (Rule: prokka)
204 of 335 steps (61%) done
[Wed Apr  1 11:14:12 2026]
Finished jobid: 136 (Rule: prokka)
205 of 335 steps (61%) done
[Wed Apr  1 11:14:12 2026]
Finished jobid: 121 (Rule: prokka)
206 of 335 steps (61%) done
[Wed Apr  1 11:14:12 2026]
Finished jobid: 181 (Rule: prokka)
207 of 335 steps (62%) done
[Wed Apr  1 11:14:12 2026]
Finished jobid: 62 (Rule: prokka)
208 of 335 steps (62%) done
[Wed Apr  1 11:14:12 2026]
Finished jobid: 142 (Rule: prokka)
209 of 335 steps (62%) done
[Wed Apr  1 11:14:12 2026]
Finished jobid: 292 (Rule: prokka)
210 of 335 steps (63%) done
[Wed Apr  1 11:19:13 2026]
Finished jobid: 286 (Rule: prokka)
211 of 335 steps (63%) done
[Wed Apr  1 11:19:13 2026]
Finished jobid: 250 (Rule: prokka)
212 of 335 steps (63%) done
[Wed Apr  1 11:19:13 2026]
Finished jobid: 251 (Rule: prokka)
213 of 335 steps (64%) done
[Wed Apr  1 11:19:13 2026]
Finished jobid: 45 (Rule: prokka)
214 of 335 steps (64%) done
[Wed Apr  1 11:19:13 2026]
Finished jobid: 165 (Rule: prokka)
215 of 335 steps (64%) done
[Wed Apr  1 11:19:14 2026]
Finished jobid: 143 (Rule: prokka)
216 of 335 steps (64%) done
[Wed Apr  1 11:19:14 2026]
Finished jobid: 53 (Rule: prokka)
217 of 335 steps (65%) done
[Wed Apr  1 11:19:14 2026]
Finished jobid: 323 (Rule: prokka)
218 of 335 steps (65%) done
[Wed Apr  1 11:19:14 2026]
Finished jobid: 298 (Rule: prokka)
219 of 335 steps (65%) done
[Wed Apr  1 11:19:14 2026]
Finished jobid: 328 (Rule: prokka)
220 of 335 steps (66%) done
[Wed Apr  1 11:19:14 2026]
Finished jobid: 238 (Rule: prokka)
221 of 335 steps (66%) done
[Wed Apr  1 11:19:14 2026]
Finished jobid: 89 (Rule: prokka)
222 of 335 steps (66%) done
[Wed Apr  1 11:19:14 2026]
Finished jobid: 232 (Rule: prokka)
223 of 335 steps (67%) done
[Wed Apr  1 11:19:54 2026]
Finished jobid: 225 (Rule: prokka)
224 of 335 steps (67%) done
[Wed Apr  1 11:19:54 2026]
Finished jobid: 166 (Rule: prokka)
225 of 335 steps (67%) done
[Wed Apr  1 11:19:54 2026]
Finished jobid: 226 (Rule: prokka)
226 of 335 steps (67%) done
[Wed Apr  1 11:19:54 2026]
Finished jobid: 256 (Rule: prokka)
227 of 335 steps (68%) done
[Wed Apr  1 11:19:54 2026]
Finished jobid: 322 (Rule: prokka)
228 of 335 steps (68%) done
[Wed Apr  1 11:19:55 2026]
Finished jobid: 178 (Rule: prokka)
229 of 335 steps (68%) done
[Wed Apr  1 11:19:55 2026]
Finished jobid: 299 (Rule: prokka)
230 of 335 steps (69%) done
[Wed Apr  1 11:19:55 2026]
Finished jobid: 329 (Rule: prokka)
231 of 335 steps (69%) done
[Wed Apr  1 11:19:55 2026]
Finished jobid: 179 (Rule: prokka)
232 of 335 steps (69%) done
[Wed Apr  1 11:19:55 2026]
Finished jobid: 239 (Rule: prokka)
233 of 335 steps (70%) done
[Wed Apr  1 11:19:55 2026]
Finished jobid: 90 (Rule: prokka)
234 of 335 steps (70%) done
[Wed Apr  1 11:19:55 2026]
Finished jobid: 150 (Rule: prokka)
235 of 335 steps (70%) done
[Wed Apr  1 11:19:55 2026]
Finished jobid: 60 (Rule: prokka)
236 of 335 steps (70%) done
[Wed Apr  1 11:19:55 2026]
Finished jobid: 120 (Rule: prokka)
237 of 335 steps (71%) done
[Wed Apr  1 11:19:55 2026]
Finished jobid: 300 (Rule: prokka)
238 of 335 steps (71%) done
[Wed Apr  1 11:19:55 2026]
Finished jobid: 330 (Rule: prokka)
239 of 335 steps (71%) done
[Wed Apr  1 11:19:55 2026]
Finished jobid: 180 (Rule: prokka)
240 of 335 steps (72%) done
[Wed Apr  1 11:19:55 2026]
Finished jobid: 240 (Rule: prokka)
241 of 335 steps (72%) done
[Wed Apr  1 11:19:55 2026]
Finished jobid: 91 (Rule: prokka)
242 of 335 steps (72%) done
[Wed Apr  1 11:19:55 2026]
Finished jobid: 151 (Rule: prokka)
243 of 335 steps (73%) done
[Wed Apr  1 11:19:55 2026]
Finished jobid: 61 (Rule: prokka)
244 of 335 steps (73%) done
[Wed Apr  1 11:19:55 2026]
Finished jobid: 92 (Rule: prokka)
245 of 335 steps (73%) done
[Wed Apr  1 11:19:55 2026]
Finished jobid: 122 (Rule: prokka)
246 of 335 steps (73%) done
[Wed Apr  1 11:19:55 2026]
Finished jobid: 302 (Rule: prokka)
247 of 335 steps (74%) done
[Wed Apr  1 11:19:55 2026]
Finished jobid: 182 (Rule: prokka)
248 of 335 steps (74%) done
[Wed Apr  1 11:19:55 2026]
Finished jobid: 242 (Rule: prokka)
249 of 335 steps (74%) done
[Wed Apr  1 11:19:55 2026]
Finished jobid: 93 (Rule: prokka)
250 of 335 steps (75%) done
[Wed Apr  1 11:19:55 2026]
Finished jobid: 153 (Rule: prokka)
251 of 335 steps (75%) done
[Wed Apr  1 11:19:55 2026]
Finished jobid: 63 (Rule: prokka)
252 of 335 steps (75%) done
[Wed Apr  1 11:19:55 2026]
Finished jobid: 123 (Rule: prokka)
253 of 335 steps (76%) done
[Wed Apr  1 11:19:55 2026]
Finished jobid: 303 (Rule: prokka)
254 of 335 steps (76%) done
[Wed Apr  1 11:19:55 2026]
Finished jobid: 333 (Rule: prokka)
255 of 335 steps (76%) done
[Wed Apr  1 11:19:55 2026]
Finished jobid: 183 (Rule: prokka)
256 of 335 steps (76%) done
[Wed Apr  1 11:19:55 2026]
Finished jobid: 243 (Rule: prokka)
257 of 335 steps (77%) done
[Wed Apr  1 11:19:56 2026]
Finished jobid: 94 (Rule: prokka)
258 of 335 steps (77%) done
[Wed Apr  1 11:19:56 2026]
Finished jobid: 154 (Rule: prokka)
259 of 335 steps (77%) done
[Wed Apr  1 11:19:56 2026]
Finished jobid: 64 (Rule: prokka)
260 of 335 steps (78%) done
[Wed Apr  1 11:19:56 2026]
Finished jobid: 124 (Rule: prokka)
261 of 335 steps (78%) done
[Wed Apr  1 11:19:56 2026]
Finished jobid: 304 (Rule: prokka)
262 of 335 steps (78%) done
[Wed Apr  1 11:19:56 2026]
Finished jobid: 334 (Rule: prokka)
263 of 335 steps (79%) done
[Wed Apr  1 11:19:56 2026]
Finished jobid: 4 (Rule: prokka)
264 of 335 steps (79%) done
[Wed Apr  1 11:19:56 2026]
Finished jobid: 184 (Rule: prokka)
265 of 335 steps (79%) done
[Wed Apr  1 11:19:56 2026]
Finished jobid: 244 (Rule: prokka)
266 of 335 steps (79%) done
[Wed Apr  1 11:19:56 2026]
Finished jobid: 95 (Rule: prokka)
267 of 335 steps (80%) done
[Wed Apr  1 11:19:56 2026]
Finished jobid: 155 (Rule: prokka)
268 of 335 steps (80%) done
[Wed Apr  1 11:19:56 2026]
Finished jobid: 65 (Rule: prokka)
269 of 335 steps (80%) done
[Wed Apr  1 11:19:56 2026]
Finished jobid: 245 (Rule: prokka)
270 of 335 steps (81%) done
[Wed Apr  1 11:19:56 2026]
Finished jobid: 96 (Rule: prokka)
271 of 335 steps (81%) done
[Wed Apr  1 11:19:56 2026]
Finished jobid: 66 (Rule: prokka)
272 of 335 steps (81%) done
[Wed Apr  1 11:19:56 2026]
Finished jobid: 126 (Rule: prokka)
273 of 335 steps (81%) done
[Wed Apr  1 11:19:56 2026]
Finished jobid: 306 (Rule: prokka)
274 of 335 steps (82%) done
[Wed Apr  1 11:19:56 2026]
Finished jobid: 6 (Rule: prokka)
275 of 335 steps (82%) done
[Wed Apr  1 11:19:56 2026]
Finished jobid: 186 (Rule: prokka)
276 of 335 steps (82%) done
[Wed Apr  1 11:19:56 2026]
Finished jobid: 246 (Rule: prokka)
277 of 335 steps (83%) done
[Wed Apr  1 11:19:56 2026]
Finished jobid: 97 (Rule: prokka)
278 of 335 steps (83%) done
[Wed Apr  1 11:19:56 2026]
Finished jobid: 7 (Rule: prokka)
279 of 335 steps (83%) done
[Wed Apr  1 11:19:56 2026]
Finished jobid: 187 (Rule: prokka)
280 of 335 steps (84%) done
[Wed Apr  1 11:19:56 2026]
Finished jobid: 247 (Rule: prokka)
281 of 335 steps (84%) done
[Wed Apr  1 11:19:56 2026]
Finished jobid: 98 (Rule: prokka)
282 of 335 steps (84%) done
[Wed Apr  1 11:19:56 2026]
Finished jobid: 158 (Rule: prokka)
283 of 335 steps (84%) done
[Wed Apr  1 11:19:56 2026]
Finished jobid: 8 (Rule: prokka)
284 of 335 steps (85%) done
[Wed Apr  1 11:19:56 2026]
Finished jobid: 248 (Rule: prokka)
285 of 335 steps (85%) done
[Wed Apr  1 11:19:56 2026]
Finished jobid: 99 (Rule: prokka)
286 of 335 steps (85%) done
[Wed Apr  1 11:19:57 2026]
Finished jobid: 159 (Rule: prokka)
287 of 335 steps (86%) done
[Wed Apr  1 11:19:57 2026]
Finished jobid: 9 (Rule: prokka)
288 of 335 steps (86%) done
[Wed Apr  1 11:19:57 2026]
Finished jobid: 249 (Rule: prokka)
289 of 335 steps (86%) done
[Wed Apr  1 11:19:57 2026]
Finished jobid: 100 (Rule: prokka)
290 of 335 steps (87%) done
[Wed Apr  1 11:19:57 2026]
Finished jobid: 160 (Rule: prokka)
291 of 335 steps (87%) done
[Wed Apr  1 11:19:57 2026]
Finished jobid: 10 (Rule: prokka)
292 of 335 steps (87%) done
[Wed Apr  1 11:19:57 2026]
Finished jobid: 101 (Rule: prokka)
293 of 335 steps (87%) done
[Wed Apr  1 11:19:57 2026]
Finished jobid: 161 (Rule: prokka)
294 of 335 steps (88%) done
[Wed Apr  1 11:19:57 2026]
Finished jobid: 11 (Rule: prokka)
295 of 335 steps (88%) done
[Wed Apr  1 11:19:57 2026]
Finished jobid: 191 (Rule: prokka)
296 of 335 steps (88%) done
[Wed Apr  1 11:19:57 2026]
Finished jobid: 102 (Rule: prokka)
297 of 335 steps (89%) done
[Wed Apr  1 11:19:57 2026]
Finished jobid: 282 (Rule: prokka)
298 of 335 steps (89%) done
[Wed Apr  1 11:19:57 2026]
Finished jobid: 284 (Rule: prokka)
299 of 335 steps (89%) done
[Wed Apr  1 11:19:57 2026]
Finished jobid: 75 (Rule: prokka)
300 of 335 steps (90%) done
[Wed Apr  1 11:19:57 2026]
Finished jobid: 83 (Rule: prokka)
301 of 335 steps (90%) done
[Wed Apr  1 11:19:57 2026]
Finished jobid: 173 (Rule: prokka)
302 of 335 steps (90%) done
[Wed Apr  1 11:19:57 2026]
Finished jobid: 88 (Rule: prokka)
303 of 335 steps (90%) done
[Wed Apr  1 11:19:57 2026]
Finished jobid: 148 (Rule: prokka)
304 of 335 steps (91%) done
[Wed Apr  1 11:19:57 2026]
Finished jobid: 58 (Rule: prokka)
305 of 335 steps (91%) done
[Wed Apr  1 11:19:57 2026]
Finished jobid: 149 (Rule: prokka)
306 of 335 steps (91%) done
[Wed Apr  1 11:19:57 2026]
Finished jobid: 59 (Rule: prokka)
307 of 335 steps (92%) done
[Wed Apr  1 11:19:57 2026]
Finished jobid: 119 (Rule: prokka)
308 of 335 steps (92%) done
[Wed Apr  1 11:20:37 2026]
Finished jobid: 172 (Rule: prokka)
309 of 335 steps (92%) done
[Wed Apr  1 11:20:37 2026]
Finished jobid: 135 (Rule: prokka)
310 of 335 steps (93%) done
[Wed Apr  1 11:20:37 2026]
Finished jobid: 316 (Rule: prokka)
311 of 335 steps (93%) done
[Wed Apr  1 11:20:37 2026]
Finished jobid: 106 (Rule: prokka)
312 of 335 steps (93%) done
[Wed Apr  1 11:20:38 2026]
Finished jobid: 196 (Rule: prokka)
313 of 335 steps (93%) done
[Wed Apr  1 11:20:38 2026]
Finished jobid: 77 (Rule: prokka)
314 of 335 steps (94%) done
[Wed Apr  1 11:20:38 2026]
Finished jobid: 231 (Rule: prokka)
315 of 335 steps (94%) done
[Wed Apr  1 11:20:38 2026]
Finished jobid: 52 (Rule: prokka)
316 of 335 steps (94%) done
[Wed Apr  1 11:20:38 2026]
Finished jobid: 112 (Rule: prokka)
317 of 335 steps (95%) done
[Wed Apr  1 11:20:38 2026]
Finished jobid: 152 (Rule: prokka)
318 of 335 steps (95%) done
[Wed Apr  1 11:20:38 2026]
Finished jobid: 332 (Rule: prokka)
319 of 335 steps (95%) done
[Wed Apr  1 11:20:38 2026]
Finished jobid: 125 (Rule: prokka)
320 of 335 steps (96%) done
[Wed Apr  1 11:20:38 2026]
Finished jobid: 305 (Rule: prokka)
321 of 335 steps (96%) done
[Wed Apr  1 11:20:38 2026]
Finished jobid: 5 (Rule: prokka)
322 of 335 steps (96%) done
[Wed Apr  1 11:20:38 2026]
Finished jobid: 185 (Rule: prokka)
323 of 335 steps (96%) done
[Wed Apr  1 11:20:38 2026]
Finished jobid: 156 (Rule: prokka)
324 of 335 steps (97%) done
[Wed Apr  1 11:20:38 2026]
Finished jobid: 188 (Rule: prokka)
325 of 335 steps (97%) done
[Wed Apr  1 11:20:38 2026]
Finished jobid: 189 (Rule: prokka)
326 of 335 steps (97%) done
[Wed Apr  1 11:20:38 2026]
Finished jobid: 190 (Rule: prokka)
327 of 335 steps (98%) done
[Wed Apr  1 11:20:38 2026]
Finished jobid: 118 (Rule: prokka)
328 of 335 steps (98%) done
[Wed Apr  1 11:21:18 2026]
Finished jobid: 76 (Rule: prokka)
329 of 335 steps (98%) done
[Wed Apr  1 11:21:18 2026]
Finished jobid: 157 (Rule: prokka)
330 of 335 steps (99%) done
[Wed Apr  1 11:21:59 2026]
Finished jobid: 16 (Rule: prokka)
331 of 335 steps (99%) done
Select jobs to execute...
Execute 1 jobs...

[Wed Apr  1 11:22:00 2026]
rule roary:
    input: /home/zfears/Desktop/pcrProj/neisseria/prokka/genAE004969.1.fna.gff, /home/zfears/Desktop/pcrProj/neisseria/prokka/genCP001050.1.fna.gff, /home/zfears/Desktop/pcrProj/neisseria/prokka/genCP002440.1.fna.gff, /home/zfears/Desktop/pcrProj/neisseria/prokka/genCP003974.1.fna.gff, /home/zfears/Desktop/pcrProj/neisseria/prokka/genCP016015.1.fna.gff, /home/zfears/Desktop/pcrProj/neisseria/prokka/genCP016016.1.fna.gff, /home/zfears/Desktop/pcrProj/neisseria/prokka/genCP016017.1.fna.gff, /home/zfears/Desktop/pcrProj/neisseria/prokka/genCP019466.1.fna.gff, /home/zfears/Desktop/pcrProj/neisseria/prokka/genCP019467.1.fna.gff, /home/zfears/Desktop/pcrProj/neisseria/prokka/genCP019894.1.fna.gff, /home/zfears/Desktop/pcrProj/neisseria/prokka/genCP020415.1.fna.gff, /home/zfears/Desktop/pcrProj/neisseria/prokka/genCP020419.1.fna.gff, /home/zfears/Desktop/pcrProj/neisseria/prokka/genCP020452.1.fna.gff, /home/zfears/Desktop/pcrProj/neisseria/prokka/genCP022527.1.fna.gff, /home/zfears/Desktop/pcrProj/neisseria/prokka/genCP031251.1.fna.gff, /home/zfears/Desktop/pcrProj/neisseria/prokka/genCP031252.1.fna.gff, /home/zfears/Desktop/pcrProj/neisseria/prokka/genCP031253.1.fna.gff, /home/zfears/Desktop/pcrProj/neisseria/prokka/genCP031255.1.fna.gff, /home/zfears/Desktop/pcrProj/neisseria/prokka/genCP031325.1.fna.gff, /home/zfears/Desktop/pcrProj/neisseria/prokka/genCP032398.1.fna.gff, /home/zfears/Desktop/pcrProj/neisseria/prokka/genCP032429.1.fna.gff, /home/zfears/Desktop/pcrProj/neisseria/prokka/genCP034017.1.fna.gff, /home/zfears/Desktop/pcrProj/neisseria/prokka/genCP034019.1.fna.gff, /home/zfears/Desktop/pcrProj/neisseria/prokka/genCP034021.1.fna.gff, /home/zfears/Desktop/pcrProj/neisseria/prokka/genCP034023.1.fna.gff, /home/zfears/Desktop/pcrProj/neisseria/prokka/genCP034025.1.fna.gff, /home/zfears/Desktop/pcrProj/neisseria/prokka/genCP034027.1.fna.gff, /home/zfears/Desktop/pcrProj/neisseria/prokka/genCP034029.1.fna.gff, /home/zfears/Desktop/pcrProj/neisseria/prokka/genCP034031.1.fna.gff, /home/zfears/Desktop/pcrProj/neisseria/prokka/genCP034032.1.fna.gff, /home/zfears/Desktop/pcrProj/neisseria/prokka/genCP040394.1.fna.gff, /home/zfears/Desktop/pcrProj/neisseria/prokka/genCP040395.1.fna.gff, /home/zfears/Desktop/pcrProj/neisseria/prokka/genCP041585.1.fna.gff, /home/zfears/Desktop/pcrProj/neisseria/prokka/genCP041586.1.fna.gff, /home/zfears/Desktop/pcrProj/neisseria/prokka/genCP043812.1.fna.gff, /home/zfears/Desktop/pcrProj/neisseria/prokka/genCP043816.1.fna.gff, /home/zfears/Desktop/pcrProj/neisseria/prokka/genCP043871.1.fna.gff, /home/zfears/Desktop/pcrProj/neisseria/prokka/genCP045707.1.fna.gff, /home/zfears/Desktop/pcrProj/neisseria/prokka/genCP045728.1.fna.gff, /home/zfears/Desktop/pcrProj/neisseria/prokka/genCP045832.1.fna.gff, /home/zfears/Desktop/pcrProj/neisseria/prokka/genCP046027.1.fna.gff, /home/zfears/Desktop/pcrProj/neisseria/prokka/genCP048246.1.fna.gff, /home/zfears/Desktop/pcrProj/neisseria/prokka/genCP048250.1.fna.gff, /home/zfears/Desktop/pcrProj/neisseria/prokka/genCP048254.1.fna.gff, /home/zfears/Desktop/pcrProj/neisseria/prokka/genCP048893.1.fna.gff, /home/zfears/Desktop/pcrProj/neisseria/prokka/genCP048896.1.fna.gff, /home/zfears/Desktop/pcrProj/neisseria/prokka/genCP048899.1.fna.gff, /home/zfears/Desktop/pcrProj/neisseria/prokka/genCP048902.1.fna.gff, /home/zfears/Desktop/pcrProj/neisseria/prokka/genCP048905.1.fna.gff, /home/zfears/Desktop/pcrProj/neisseria/prokka/genCP048908.1.fna.gff, /home/zfears/Desktop/pcrProj/neisseria/prokka/genCP048911.1.fna.gff, /home/zfears/Desktop/pcrProj/neisseria/prokka/genCP048929.1.fna.gff, /home/zfears/Desktop/pcrProj/neisseria/prokka/genCP050505.1.fna.gff, /home/zfears/Desktop/pcrProj/neisseria/prokka/genCP050930.1.fna.gff, /home/zfears/Desktop/pcrProj/neisseria/prokka/genCP053939.1.fna.gff, /home/zfears/Desktop/pcrProj/neisseria/prokka/genCP059571.1.fna.gff, /home/zfears/Desktop/pcrProj/neisseria/prokka/genCP061483.1.fna.gff, /home/zfears/Desktop/pcrProj/neisseria/prokka/genCP061484.1.fna.gff, /home/zfears/Desktop/pcrProj/neisseria/prokka/genCP061485.1.fna.gff, /home/zfears/Desktop/pcrProj/neisseria/prokka/genCP061486.1.fna.gff, /home/zfears/Desktop/pcrProj/neisseria/prokka/genCP061487.1.fna.gff, /home/zfears/Desktop/pcrProj/neisseria/prokka/genCP061488.1.fna.gff, /home/zfears/Desktop/pcrProj/neisseria/prokka/genCP061489.1.fna.gff, /home/zfears/Desktop/pcrProj/neisseria/prokka/genCP061490.1.fna.gff, /home/zfears/Desktop/pcrProj/neisseria/prokka/genCP061491.1.fna.gff, /home/zfears/Desktop/pcrProj/neisseria/prokka/genCP061492.1.fna.gff, /home/zfears/Desktop/pcrProj/neisseria/prokka/genCP068761.1.fna.gff, /home/zfears/Desktop/pcrProj/neisseria/prokka/genCP072524.1.fna.gff, /home/zfears/Desktop/pcrProj/neisseria/prokka/genCP073114.1.fna.gff, /home/zfears/Desktop/pcrProj/neisseria/prokka/genCP073115.1.fna.gff, /home/zfears/Desktop/pcrProj/neisseria/prokka/genCP073116.1.fna.gff, /home/zfears/Desktop/pcrProj/neisseria/prokka/genCP073117.1.fna.gff, /home/zfears/Desktop/pcrProj/neisseria/prokka/genCP073118.1.fna.gff, /home/zfears/Desktop/pcrProj/neisseria/prokka/genCP073119.1.fna.gff, /home/zfears/Desktop/pcrProj/neisseria/prokka/genCP078113.1.fna.gff, /home/zfears/Desktop/pcrProj/neisseria/prokka/genCP078114.1.fna.gff, /home/zfears/Desktop/pcrProj/neisseria/prokka/genCP078115.1.fna.gff, /home/zfears/Desktop/pcrProj/neisseria/prokka/genCP078116.1.fna.gff, /home/zfears/Desktop/pcrProj/neisseria/prokka/genCP078117.1.fna.gff, /home/zfears/Desktop/pcrProj/neisseria/prokka/genCP078118.1.fna.gff, /home/zfears/Desktop/pcrProj/neisseria/prokka/genCP078119.1.fna.gff, /home/zfears/Desktop/pcrProj/neisseria/prokka/genCP091509.1.fna.gff, /home/zfears/Desktop/pcrProj/neisseria/prokka/genCP097458.1.fna.gff, /home/zfears/Desktop/pcrProj/neisseria/prokka/genCP097459.1.fna.gff, /home/zfears/Desktop/pcrProj/neisseria/prokka/genCP097460.1.fna.gff, /home/zfears/Desktop/pcrProj/neisseria/prokka/genCP097461.1.fna.gff, /home/zfears/Desktop/pcrProj/neisseria/prokka/genCP097846.1.fna.gff, /home/zfears/Desktop/pcrProj/neisseria/prokka/genCP098458.1.fna.gff, /home/zfears/Desktop/pcrProj/neisseria/prokka/genCP098460.1.fna.gff, /home/zfears/Desktop/pcrProj/neisseria/prokka/genCP098462.1.fna.gff, /home/zfears/Desktop/pcrProj/neisseria/prokka/genCP098464.1.fna.gff, /home/zfears/Desktop/pcrProj/neisseria/prokka/genCP098466.1.fna.gff, /home/zfears/Desktop/pcrProj/neisseria/prokka/genCP098468.1.fna.gff, /home/zfears/Desktop/pcrProj/neisseria/prokka/genCP098470.1.fna.gff, /home/zfears/Desktop/pcrProj/neisseria/prokka/genCP098472.1.fna.gff, /home/zfears/Desktop/pcrProj/neisseria/prokka/genCP098474.1.fna.gff, /home/zfears/Desktop/pcrProj/neisseria/prokka/genCP098476.1.fna.gff, /home/zfears/Desktop/pcrProj/neisseria/prokka/genCP098503.1.fna.gff, /home/zfears/Desktop/pcrProj/neisseria/prokka/genCP098505.1.fna.gff, /home/zfears/Desktop/pcrProj/neisseria/prokka/genCP098532.1.fna.gff, /home/zfears/Desktop/pcrProj/neisseria/prokka/genCP098534.1.fna.gff, /home/zfears/Desktop/pcrProj/neisseria/prokka/genCP098536.1.fna.gff, /home/zfears/Desktop/pcrProj/neisseria/prokka/genCP098538.1.fna.gff, /home/zfears/Desktop/pcrProj/neisseria/prokka/genCP098540.1.fna.gff, /home/zfears/Desktop/pcrProj/neisseria/prokka/genCP098542.1.fna.gff, /home/zfears/Desktop/pcrProj/neisseria/prokka/genCP098544.1.fna.gff, /home/zfears/Desktop/pcrProj/neisseria/prokka/genCP098546.1.fna.gff, /home/zfears/Desktop/pcrProj/neisseria/prokka/genCP098548.1.fna.gff, /home/zfears/Desktop/pcrProj/neisseria/prokka/genCP104546.1.fna.gff, /home/zfears/Desktop/pcrProj/neisseria/prokka/genCP104548.1.fna.gff, /home/zfears/Desktop/pcrProj/neisseria/prokka/genCP106749.1.fna.gff, /home/zfears/Desktop/pcrProj/neisseria/prokka/genCP106801.1.fna.gff, /home/zfears/Desktop/pcrProj/neisseria/prokka/genCP106803.1.fna.gff, /home/zfears/Desktop/pcrProj/neisseria/prokka/genCP106805.1.fna.gff, /home/zfears/Desktop/pcrProj/neisseria/prokka/genCP106807.1.fna.gff, /home/zfears/Desktop/pcrProj/neisseria/prokka/genCP106809.1.fna.gff, /home/zfears/Desktop/pcrProj/neisseria/prokka/genCP106811.1.fna.gff, /home/zfears/Desktop/pcrProj/neisseria/prokka/genCP106813.1.fna.gff, /home/zfears/Desktop/pcrProj/neisseria/prokka/genCP106815.1.fna.gff, /home/zfears/Desktop/pcrProj/neisseria/prokka/genCP107223.1.fna.gff, /home/zfears/Desktop/pcrProj/neisseria/prokka/genCP107270.1.fna.gff, /home/zfears/Desktop/pcrProj/neisseria/prokka/genCP107271.1.fna.gff, /home/zfears/Desktop/pcrProj/neisseria/prokka/genCP107272.1.fna.gff, /home/zfears/Desktop/pcrProj/neisseria/prokka/genCP107273.1.fna.gff, /home/zfears/Desktop/pcrProj/neisseria/prokka/genCP107274.1.fna.gff, /home/zfears/Desktop/pcrProj/neisseria/prokka/genCP115654.1.fna.gff, /home/zfears/Desktop/pcrProj/neisseria/prokka/genCP115904.1.fna.gff, /home/zfears/Desktop/pcrProj/neisseria/prokka/genCP116342.1.fna.gff, /home/zfears/Desktop/pcrProj/neisseria/prokka/genCP119139.1.fna.gff, /home/zfears/Desktop/pcrProj/neisseria/prokka/genCP119141.1.fna.gff, /home/zfears/Desktop/pcrProj/neisseria/prokka/genCP130889.1.fna.gff, /home/zfears/Desktop/pcrProj/neisseria/prokka/genCP130890.1.fna.gff, /home/zfears/Desktop/pcrProj/neisseria/prokka/genCP130891.1.fna.gff, /home/zfears/Desktop/pcrProj/neisseria/prokka/genCP130892.1.fna.gff, /home/zfears/Desktop/pcrProj/neisseria/prokka/genCP130893.1.fna.gff, /home/zfears/Desktop/pcrProj/neisseria/prokka/genCP130894.1.fna.gff, /home/zfears/Desktop/pcrProj/neisseria/prokka/genCP130895.1.fna.gff, /home/zfears/Desktop/pcrProj/neisseria/prokka/genCP130896.1.fna.gff, /home/zfears/Desktop/pcrProj/neisseria/prokka/genCP130897.1.fna.gff, /home/zfears/Desktop/pcrProj/neisseria/prokka/genCP130898.1.fna.gff, /home/zfears/Desktop/pcrProj/neisseria/prokka/genCP130899.1.fna.gff, /home/zfears/Desktop/pcrProj/neisseria/prokka/genCP131616.1.fna.gff, /home/zfears/Desktop/pcrProj/neisseria/prokka/genCP131620.1.fna.gff, /home/zfears/Desktop/pcrProj/neisseria/prokka/genCP131622.1.fna.gff, /home/zfears/Desktop/pcrProj/neisseria/prokka/genCP131626.1.fna.gff, /home/zfears/Desktop/pcrProj/neisseria/prokka/genCP131630.1.fna.gff, /home/zfears/Desktop/pcrProj/neisseria/prokka/genCP131632.1.fna.gff, /home/zfears/Desktop/pcrProj/neisseria/prokka/genCP131636.1.fna.gff, /home/zfears/Desktop/pcrProj/neisseria/prokka/genCP131638.1.fna.gff, /home/zfears/Desktop/pcrProj/neisseria/prokka/genCP131641.1.fna.gff, /home/zfears/Desktop/pcrProj/neisseria/prokka/genCP131645.1.fna.gff, /home/zfears/Desktop/pcrProj/neisseria/prokka/genCP133462.1.fna.gff, /home/zfears/Desktop/pcrProj/neisseria/prokka/genCP135440.1.fna.gff, /home/zfears/Desktop/pcrProj/neisseria/prokka/genCP135593.1.fna.gff, /home/zfears/Desktop/pcrProj/neisseria/prokka/genCP138339.1.fna.gff, /home/zfears/Desktop/pcrProj/neisseria/prokka/genCP138342.1.fna.gff, /home/zfears/Desktop/pcrProj/neisseria/prokka/genCP145015.1.fna.gff, /home/zfears/Desktop/pcrProj/neisseria/prokka/genCP145017.1.fna.gff, /home/zfears/Desktop/pcrProj/neisseria/prokka/genCP145019.1.fna.gff, /home/zfears/Desktop/pcrProj/neisseria/prokka/genCP145021.1.fna.gff, /home/zfears/Desktop/pcrProj/neisseria/prokka/genCP145024.1.fna.gff, /home/zfears/Desktop/pcrProj/neisseria/prokka/genCP145026.1.fna.gff, /home/zfears/Desktop/pcrProj/neisseria/prokka/genCP145028.1.fna.gff, /home/zfears/Desktop/pcrProj/neisseria/prokka/genCP145032.1.fna.gff, /home/zfears/Desktop/pcrProj/neisseria/prokka/genCP145035.1.fna.gff, /home/zfears/Desktop/pcrProj/neisseria/prokka/genCP145037.1.fna.gff, /home/zfears/Desktop/pcrProj/neisseria/prokka/genCP145041.1.fna.gff, /home/zfears/Desktop/pcrProj/neisseria/prokka/genCP145045.1.fna.gff, /home/zfears/Desktop/pcrProj/neisseria/prokka/genCP145048.1.fna.gff, /home/zfears/Desktop/pcrProj/neisseria/prokka/genCP145050.1.fna.gff, /home/zfears/Desktop/pcrProj/neisseria/prokka/genCP145052.1.fna.gff, /home/zfears/Desktop/pcrProj/neisseria/prokka/genCP145053.1.fna.gff, /home/zfears/Desktop/pcrProj/neisseria/prokka/genCP145057.1.fna.gff, /home/zfears/Desktop/pcrProj/neisseria/prokka/genCP145059.1.fna.gff, /home/zfears/Desktop/pcrProj/neisseria/prokka/genCP145062.1.fna.gff, /home/zfears/Desktop/pcrProj/neisseria/prokka/genCP145064.1.fna.gff, /home/zfears/Desktop/pcrProj/neisseria/prokka/genCP145067.1.fna.gff, /home/zfears/Desktop/pcrProj/neisseria/prokka/genCP145071.1.fna.gff, /home/zfears/Desktop/pcrProj/neisseria/prokka/genCP145074.1.fna.gff, /home/zfears/Desktop/pcrProj/neisseria/prokka/genCP145077.1.fna.gff, /home/zfears/Desktop/pcrProj/neisseria/prokka/genCP145080.1.fna.gff, /home/zfears/Desktop/pcrProj/neisseria/prokka/genCP145083.1.fna.gff, /home/zfears/Desktop/pcrProj/neisseria/prokka/genCP145086.1.fna.gff, /home/zfears/Desktop/pcrProj/neisseria/prokka/genCP145088.1.fna.gff, /home/zfears/Desktop/pcrProj/neisseria/prokka/genCP145090.1.fna.gff, /home/zfears/Desktop/pcrProj/neisseria/prokka/genCP154352.1.fna.gff, /home/zfears/Desktop/pcrProj/neisseria/prokka/genCP173024.1.fna.gff, /home/zfears/Desktop/pcrProj/neisseria/prokka/genCP174106.1.fna.gff, /home/zfears/Desktop/pcrProj/neisseria/prokka/genCP174107.1.fna.gff, /home/zfears/Desktop/pcrProj/neisseria/prokka/genCP174108.1.fna.gff, /home/zfears/Desktop/pcrProj/neisseria/prokka/genCP174109.1.fna.gff, /home/zfears/Desktop/pcrProj/neisseria/prokka/genCP174110.1.fna.gff, /home/zfears/Desktop/pcrProj/neisseria/prokka/genCP174111.1.fna.gff, /home/zfears/Desktop/pcrProj/neisseria/prokka/genCP174112.1.fna.gff, /home/zfears/Desktop/pcrProj/neisseria/prokka/genCP174113.1.fna.gff, /home/zfears/Desktop/pcrProj/neisseria/prokka/genCP174114.1.fna.gff, /home/zfears/Desktop/pcrProj/neisseria/prokka/genCP174115.1.fna.gff, /home/zfears/Desktop/pcrProj/neisseria/prokka/genCP174116.1.fna.gff, /home/zfears/Desktop/pcrProj/neisseria/prokka/genCP174117.1.fna.gff, /home/zfears/Desktop/pcrProj/neisseria/prokka/genCP174118.1.fna.gff, /home/zfears/Desktop/pcrProj/neisseria/prokka/genCP181243.1.fna.gff, /home/zfears/Desktop/pcrProj/neisseria/prokka/genCP181245.1.fna.gff, /home/zfears/Desktop/pcrProj/neisseria/prokka/genLR134358.1.fna.gff, /home/zfears/Desktop/pcrProj/neisseria/prokka/genLR134440.1.fna.gff, /home/zfears/Desktop/pcrProj/neisseria/prokka/genLR134516.1.fna.gff, /home/zfears/Desktop/pcrProj/neisseria/prokka/genLR134533.1.fna.gff, /home/zfears/Desktop/pcrProj/neisseria/prokka/genLR590477.1.fna.gff, /home/zfears/Desktop/pcrProj/neisseria/prokka/genLT906434.1.fna.gff, /home/zfears/Desktop/pcrProj/neisseria/prokka/genOZ197910.1.fna.gff, /home/zfears/Desktop/pcrProj/neisseria/prokka/genOZ197914.1.fna.gff, /home/zfears/Desktop/pcrProj/neisseria/prokka/specAM421808.1.fna.gff, /home/zfears/Desktop/pcrProj/neisseria/prokka/specAP028680.1.fna.gff, /home/zfears/Desktop/pcrProj/neisseria/prokka/specAP028683.1.fna.gff, /home/zfears/Desktop/pcrProj/neisseria/prokka/specCP006869.1.fna.gff, /home/zfears/Desktop/pcrProj/neisseria/prokka/specCP007524.1.fna.gff, /home/zfears/Desktop/pcrProj/neisseria/prokka/specCP009418.1.fna.gff, /home/zfears/Desktop/pcrProj/neisseria/prokka/specCP009419.1.fna.gff, /home/zfears/Desktop/pcrProj/neisseria/prokka/specCP009420.1.fna.gff, /home/zfears/Desktop/pcrProj/neisseria/prokka/specCP009421.1.fna.gff, /home/zfears/Desktop/pcrProj/neisseria/prokka/specCP009422.1.fna.gff, /home/zfears/Desktop/pcrProj/neisseria/prokka/specCP012391.1.fna.gff, /home/zfears/Desktop/pcrProj/neisseria/prokka/specCP012392.1.fna.gff, /home/zfears/Desktop/pcrProj/neisseria/prokka/specCP012393.1.fna.gff, /home/zfears/Desktop/pcrProj/neisseria/prokka/specCP012394.1.fna.gff, /home/zfears/Desktop/pcrProj/neisseria/prokka/specCP012694.1.fna.gff, /home/zfears/Desktop/pcrProj/neisseria/prokka/specCP015886.1.fna.gff, /home/zfears/Desktop/pcrProj/neisseria/prokka/specCP016627.1.fna.gff, /home/zfears/Desktop/pcrProj/neisseria/prokka/specCP016644.1.fna.gff, /home/zfears/Desktop/pcrProj/neisseria/prokka/specCP016645.1.fna.gff, /home/zfears/Desktop/pcrProj/neisseria/prokka/specCP016646.1.fna.gff, /home/zfears/Desktop/pcrProj/neisseria/prokka/specCP016647.1.fna.gff, /home/zfears/Desktop/pcrProj/neisseria/prokka/specCP016648.1.fna.gff, /home/zfears/Desktop/pcrProj/neisseria/prokka/specCP016649.1.fna.gff, /home/zfears/Desktop/pcrProj/neisseria/prokka/specCP016650.1.fna.gff, /home/zfears/Desktop/pcrProj/neisseria/prokka/specCP016651.1.fna.gff, /home/zfears/Desktop/pcrProj/neisseria/prokka/specCP016652.1.fna.gff, /home/zfears/Desktop/pcrProj/neisseria/prokka/specCP016653.1.fna.gff, /home/zfears/Desktop/pcrProj/neisseria/prokka/specCP016654.1.fna.gff, /home/zfears/Desktop/pcrProj/neisseria/prokka/specCP016655.1.fna.gff, /home/zfears/Desktop/pcrProj/neisseria/prokka/specCP016656.1.fna.gff, /home/zfears/Desktop/pcrProj/neisseria/prokka/specCP016657.1.fna.gff, /home/zfears/Desktop/pcrProj/neisseria/prokka/specCP016658.1.fna.gff, /home/zfears/Desktop/pcrProj/neisseria/prokka/specCP016659.1.fna.gff, /home/zfears/Desktop/pcrProj/neisseria/prokka/specCP016660.1.fna.gff, /home/zfears/Desktop/pcrProj/neisseria/prokka/specCP016661.1.fna.gff, /home/zfears/Desktop/pcrProj/neisseria/prokka/specCP016662.1.fna.gff, /home/zfears/Desktop/pcrProj/neisseria/prokka/specCP016663.1.fna.gff, /home/zfears/Desktop/pcrProj/neisseria/prokka/specCP016664.1.fna.gff, /home/zfears/Desktop/pcrProj/neisseria/prokka/specCP016665.1.fna.gff, /home/zfears/Desktop/pcrProj/neisseria/prokka/specCP016666.1.fna.gff, /home/zfears/Desktop/pcrProj/neisseria/prokka/specCP016667.1.fna.gff, /home/zfears/Desktop/pcrProj/neisseria/prokka/specCP016668.1.fna.gff, /home/zfears/Desktop/pcrProj/neisseria/prokka/specCP016669.1.fna.gff, /home/zfears/Desktop/pcrProj/neisseria/prokka/specCP016670.1.fna.gff, /home/zfears/Desktop/pcrProj/neisseria/prokka/specCP016671.1.fna.gff, /home/zfears/Desktop/pcrProj/neisseria/prokka/specCP016672.1.fna.gff, /home/zfears/Desktop/pcrProj/neisseria/prokka/specCP016673.1.fna.gff, /home/zfears/Desktop/pcrProj/neisseria/prokka/specCP016674.1.fna.gff, /home/zfears/Desktop/pcrProj/neisseria/prokka/specCP016675.1.fna.gff, /home/zfears/Desktop/pcrProj/neisseria/prokka/specCP016676.1.fna.gff, /home/zfears/Desktop/pcrProj/neisseria/prokka/specCP016677.1.fna.gff, /home/zfears/Desktop/pcrProj/neisseria/prokka/specCP016678.1.fna.gff, /home/zfears/Desktop/pcrProj/neisseria/prokka/specCP016679.1.fna.gff, /home/zfears/Desktop/pcrProj/neisseria/prokka/specCP016680.1.fna.gff, /home/zfears/Desktop/pcrProj/neisseria/prokka/specCP016681.1.fna.gff, /home/zfears/Desktop/pcrProj/neisseria/prokka/specCP016682.1.fna.gff, /home/zfears/Desktop/pcrProj/neisseria/prokka/specCP016683.1.fna.gff, /home/zfears/Desktop/pcrProj/neisseria/prokka/specCP016880.1.fna.gff, /home/zfears/Desktop/pcrProj/neisseria/prokka/specCP016881.1.fna.gff, /home/zfears/Desktop/pcrProj/neisseria/prokka/specCP016882.1.fna.gff, /home/zfears/Desktop/pcrProj/neisseria/prokka/specCP016883.1.fna.gff, /home/zfears/Desktop/pcrProj/neisseria/prokka/specCP016884.1.fna.gff, /home/zfears/Desktop/pcrProj/neisseria/prokka/specCP016885.1.fna.gff, /home/zfears/Desktop/pcrProj/neisseria/prokka/specCP016886.1.fna.gff, /home/zfears/Desktop/pcrProj/neisseria/prokka/specCP017257.1.fna.gff, /home/zfears/Desktop/pcrProj/neisseria/prokka/specCP018907.1.fna.gff, /home/zfears/Desktop/pcrProj/neisseria/prokka/specCP020401.1.fna.gff, /home/zfears/Desktop/pcrProj/neisseria/prokka/specCP020402.1.fna.gff, /home/zfears/Desktop/pcrProj/neisseria/prokka/specCP020420.1.fna.gff, /home/zfears/Desktop/pcrProj/neisseria/prokka/specCP020422.1.fna.gff, /home/zfears/Desktop/pcrProj/neisseria/prokka/specCP021516.1.fna.gff, /home/zfears/Desktop/pcrProj/neisseria/prokka/specCP021517.1.fna.gff, /home/zfears/Desktop/pcrProj/neisseria/prokka/specCP021518.1.fna.gff, /home/zfears/Desktop/pcrProj/neisseria/prokka/specCP021519.1.fna.gff, /home/zfears/Desktop/pcrProj/neisseria/prokka/specCP021520.1.fna.gff, /home/zfears/Desktop/pcrProj/neisseria/prokka/specCP021521.1.fna.gff, /home/zfears/Desktop/pcrProj/neisseria/prokka/specCP021522.1.fna.gff, /home/zfears/Desktop/pcrProj/neisseria/prokka/specCP021523.1.fna.gff, /home/zfears/Desktop/pcrProj/neisseria/prokka/specCP021723.1.fna.gff, /home/zfears/Desktop/pcrProj/neisseria/prokka/specCP021724.1.fna.gff, /home/zfears/Desktop/pcrProj/neisseria/prokka/specCP021725.1.fna.gff, /home/zfears/Desktop/pcrProj/neisseria/prokka/specCP023813.1.fna.gff, /home/zfears/Desktop/pcrProj/neisseria/prokka/specCP023814.1.fna.gff, /home/zfears/Desktop/pcrProj/neisseria/prokka/specCP030814.1.fna.gff, /home/zfears/Desktop/pcrProj/neisseria/prokka/specCP030815.1.fna.gff, /home/zfears/Desktop/pcrProj/neisseria/prokka/specCP030816.1.fna.gff, /home/zfears/Desktop/pcrProj/neisseria/prokka/specCP030817.1.fna.gff, /home/zfears/Desktop/pcrProj/neisseria/prokka/specCP030818.1.fna.gff, /home/zfears/Desktop/pcrProj/neisseria/prokka/specCP030819.1.fna.gff, /home/zfears/Desktop/pcrProj/neisseria/prokka/specCP030820.1.fna.gff, /home/zfears/Desktop/pcrProj/neisseria/prokka/specCP030821.1.fna.gff, /home/zfears/Desktop/pcrProj/neisseria/prokka/specCP030822.1.fna.gff, /home/zfears/Desktop/pcrProj/neisseria/prokka/specCP030823.1.fna.gff, /home/zfears/Desktop/pcrProj/neisseria/prokka/specCP030824.1.fna.gff, /home/zfears/Desktop/pcrProj/neisseria/prokka/specCP030825.1.fna.gff, /home/zfears/Desktop/pcrProj/neisseria/prokka/specCP030826.1.fna.gff, /home/zfears/Desktop/pcrProj/neisseria/prokka/specCP031324.1.fna.gff, /home/zfears/Desktop/pcrProj/neisseria/prokka/specCP031326.1.fna.gff, /home/zfears/Desktop/pcrProj/neisseria/prokka/specCP031327.1.fna.gff, /home/zfears/Desktop/pcrProj/neisseria/prokka/specCP031328.1.fna.gff, /home/zfears/Desktop/pcrProj/neisseria/prokka/specCP031329.1.fna.gff, /home/zfears/Desktop/pcrProj/neisseria/prokka/specCP031330.1.fna.gff, /home/zfears/Desktop/pcrProj/neisseria/prokka/specCP031331.1.fna.gff, /home/zfears/Desktop/pcrProj/neisseria/prokka/specCP031332.1.fna.gff, /home/zfears/Desktop/pcrProj/neisseria/prokka/specCP031333.1.fna.gff, /home/zfears/Desktop/pcrProj/neisseria/prokka/specCP031334.1.fna.gff, /home/zfears/Desktop/pcrProj/neisseria/prokka/specCP031335.1.fna.gff, /home/zfears/Desktop/pcrProj/neisseria/prokka/specCP031336.1.fna.gff, /home/zfears/Desktop/pcrProj/neisseria/prokka/specCP045960.1.fna.gff, /home/zfears/Desktop/pcrProj/neisseria/prokka/specCP045961.1.fna.gff, /home/zfears/Desktop/pcrProj/neisseria/prokka/specCP060280.1.fna.gff, /home/zfears/Desktop/pcrProj/neisseria/prokka/specCP077603.1.fna.gff, /home/zfears/Desktop/pcrProj/neisseria/prokka/specCP079941.1.fna.gff, /home/zfears/Desktop/pcrProj/neisseria/prokka/specCP096117.1.fna.gff, /home/zfears/Desktop/pcrProj/neisseria/prokka/specCP136807.1.fna.gff, /home/zfears/Desktop/pcrProj/neisseria/prokka/specCP137529.1.fna.gff, /home/zfears/Desktop/pcrProj/neisseria/prokka/specCP137530.1.fna.gff, /home/zfears/Desktop/pcrProj/neisseria/prokka/specCP137531.1.fna.gff, /home/zfears/Desktop/pcrProj/neisseria/prokka/specCP171264.1.fna.gff, /home/zfears/Desktop/pcrProj/neisseria/prokka/specLR134525.1.fna.gff, /home/zfears/Desktop/pcrProj/neisseria/prokka/specLR134528.1.fna.gff
    output: /home/zfears/Desktop/pcrProj/neisseria/roary/gene_presence_absence.csv
    jobid: 3
    reason: Missing output files: /home/zfears/Desktop/pcrProj/neisseria/roary/gene_presence_absence.csv; Input files updated by another job: /home/zfears/Desktop/pcrProj/neisseria/prokka/genCP131626.1.fna.gff, /home/zfears/Desktop/pcrProj/neisseria/prokka/genCP098466.1.fna.gff, /home/zfears/Desktop/pcrProj/neisseria/prokka/specCP016655.1.fna.gff, /home/zfears/Desktop/pcrProj/neisseria/prokka/specCP016657.1.fna.gff, /home/zfears/Desktop/pcrProj/neisseria/prokka/genCP031255.1.fna.gff, /home/zfears/Desktop/pcrProj/neisseria/prokka/specCP030814.1.fna.gff, /home/zfears/Desktop/pcrProj/neisseria/prokka/specCP021724.1.fna.gff, /home/zfears/Desktop/pcrProj/neisseria/prokka/specCP016659.1.fna.gff, /home/zfears/Desktop/pcrProj/neisseria/prokka/genCP032429.1.fna.gff, /home/zfears/Desktop/pcrProj/neisseria/prokka/specCP007524.1.fna.gff, /home/zfears/Desktop/pcrProj/neisseria/prokka/genCP131620.1.fna.gff, /home/zfears/Desktop/pcrProj/neisseria/prokka/genCP145015.1.fna.gff, /home/zfears/Desktop/pcrProj/neisseria/prokka/specCP031334.1.fna.gff, /home/zfears/Desktop/pcrProj/neisseria/prokka/specCP020401.1.fna.gff, /home/zfears/Desktop/pcrProj/neisseria/prokka/specAM421808.1.fna.gff, /home/zfears/Desktop/pcrProj/neisseria/prokka/specCP030818.1.fna.gff, /home/zfears/Desktop/pcrProj/neisseria/prokka/specCP030823.1.fna.gff, /home/zfears/Desktop/pcrProj/neisseria/prokka/specCP012694.1.fna.gff, /home/zfears/Desktop/pcrProj/neisseria/prokka/genCP145083.1.fna.gff, /home/zfears/Desktop/pcrProj/neisseria/prokka/specCP021521.1.fna.gff, /home/zfears/Desktop/pcrProj/neisseria/prokka/genCP130896.1.fna.gff, /home/zfears/Desktop/pcrProj/neisseria/prokka/genCP145062.1.fna.gff, /home/zfears/Desktop/pcrProj/neisseria/prokka/genCP078113.1.fna.gff, /home/zfears/Desktop/pcrProj/neisseria/prokka/genCP048905.1.fna.gff, /home/zfears/Desktop/pcrProj/neisseria/prokka/genCP098532.1.fna.gff, /home/zfears/Desktop/pcrProj/neisseria/prokka/genCP048908.1.fna.gff, /home/zfears/Desktop/pcrProj/neisseria/prokka/genCP061485.1.fna.gff, /home/zfears/Desktop/pcrProj/neisseria/prokka/genCP107270.1.fna.gff, /home/zfears/Desktop/pcrProj/neisseria/prokka/specCP016672.1.fna.gff, /home/zfears/Desktop/pcrProj/neisseria/prokka/specCP060280.1.fna.gff, /home/zfears/Desktop/pcrProj/neisseria/prokka/genCP098503.1.fna.gff, /home/zfears/Desktop/pcrProj/neisseria/prokka/genCP174108.1.fna.gff, /home/zfears/Desktop/pcrProj/neisseria/prokka/genCP003974.1.fna.gff, /home/zfears/Desktop/pcrProj/neisseria/prokka/genCP073115.1.fna.gff, /home/zfears/Desktop/pcrProj/neisseria/prokka/genLR134358.1.fna.gff, /home/zfears/Desktop/pcrProj/neisseria/prokka/specCP016648.1.fna.gff, /home/zfears/Desktop/pcrProj/neisseria/prokka/genCP174115.1.fna.gff, /home/zfears/Desktop/pcrProj/neisseria/prokka/genCP073117.1.fna.gff, /home/zfears/Desktop/pcrProj/neisseria/prokka/genCP098470.1.fna.gff, /home/zfears/Desktop/pcrProj/neisseria/prokka/genCP174107.1.fna.gff, /home/zfears/Desktop/pcrProj/neisseria/prokka/specLR134528.1.fna.gff, /home/zfears/Desktop/pcrProj/neisseria/prokka/genCP174114.1.fna.gff, /home/zfears/Desktop/pcrProj/neisseria/prokka/genCP034021.1.fna.gff, /home/zfears/Desktop/pcrProj/neisseria/prokka/genCP034031.1.fna.gff, /home/zfears/Desktop/pcrProj/neisseria/prokka/genCP145037.1.fna.gff, /home/zfears/Desktop/pcrProj/neisseria/prokka/genCP043871.1.fna.gff, /home/zfears/Desktop/pcrProj/neisseria/prokka/specCP030821.1.fna.gff, /home/zfears/Desktop/pcrProj/neisseria/prokka/genCP043816.1.fna.gff, /home/zfears/Desktop/pcrProj/neisseria/prokka/specCP171264.1.fna.gff, /home/zfears/Desktop/pcrProj/neisseria/prokka/genCP048899.1.fna.gff, /home/zfears/Desktop/pcrProj/neisseria/prokka/specCP021522.1.fna.gff, /home/zfears/Desktop/pcrProj/neisseria/prokka/genCP022527.1.fna.gff, /home/zfears/Desktop/pcrProj/neisseria/prokka/specCP137531.1.fna.gff, /home/zfears/Desktop/pcrProj/neisseria/prokka/specCP016652.1.fna.gff, /home/zfears/Desktop/pcrProj/neisseria/prokka/genCP115904.1.fna.gff, /home/zfears/Desktop/pcrProj/neisseria/prokka/specCP016644.1.fna.gff, /home/zfears/Desktop/pcrProj/neisseria/prokka/genCP145053.1.fna.gff, /home/zfears/Desktop/pcrProj/neisseria/prokka/genCP145045.1.fna.gff, /home/zfears/Desktop/pcrProj/neisseria/prokka/genCP145074.1.fna.gff, /home/zfears/Desktop/pcrProj/neisseria/prokka/specCP016645.1.fna.gff, /home/zfears/Desktop/pcrProj/neisseria/prokka/genCP048246.1.fna.gff, /home/zfears/Desktop/pcrProj/neisseria/prokka/genCP097846.1.fna.gff, /home/zfears/Desktop/pcrProj/neisseria/prokka/genCP135593.1.fna.gff, /home/zfears/Desktop/pcrProj/neisseria/prokka/specCP030817.1.fna.gff, /home/zfears/Desktop/pcrProj/neisseria/prokka/genCP041586.1.fna.gff, /home/zfears/Desktop/pcrProj/neisseria/prokka/genCP098534.1.fna.gff, /home/zfears/Desktop/pcrProj/neisseria/prokka/specCP016661.1.fna.gff, /home/zfears/Desktop/pcrProj/neisseria/prokka/genCP016016.1.fna.gff, /home/zfears/Desktop/pcrProj/neisseria/prokka/specCP016881.1.fna.gff, /home/zfears/Desktop/pcrProj/neisseria/prokka/specCP016666.1.fna.gff, /home/zfears/Desktop/pcrProj/neisseria/prokka/genCP078114.1.fna.gff, /home/zfears/Desktop/pcrProj/neisseria/prokka/specCP009422.1.fna.gff, /home/zfears/Desktop/pcrProj/neisseria/prokka/specCP016665.1.fna.gff, /home/zfears/Desktop/pcrProj/neisseria/prokka/genCP135440.1.fna.gff, /home/zfears/Desktop/pcrProj/neisseria/prokka/genCP048254.1.fna.gff, /home/zfears/Desktop/pcrProj/neisseria/prokka/specCP016673.1.fna.gff, /home/zfears/Desktop/pcrProj/neisseria/prokka/genCP016015.1.fna.gff, /home/zfears/Desktop/pcrProj/neisseria/prokka/genCP130894.1.fna.gff, /home/zfears/Desktop/pcrProj/neisseria/prokka/specCP016677.1.fna.gff, /home/zfears/Desktop/pcrProj/neisseria/prokka/specCP009418.1.fna.gff, /home/zfears/Desktop/pcrProj/neisseria/prokka/genCP131632.1.fna.gff, /home/zfears/Desktop/pcrProj/neisseria/prokka/specCP031329.1.fna.gff, /home/zfears/Desktop/pcrProj/neisseria/prokka/genCP098472.1.fna.gff, /home/zfears/Desktop/pcrProj/neisseria/prokka/genCP061487.1.fna.gff, /home/zfears/Desktop/pcrProj/neisseria/prokka/specLR134525.1.fna.gff, /home/zfears/Desktop/pcrProj/neisseria/prokka/genCP145050.1.fna.gff, /home/zfears/Desktop/pcrProj/neisseria/prokka/specCP021523.1.fna.gff, /home/zfears/Desktop/pcrProj/neisseria/prokka/specCP012392.1.fna.gff, /home/zfears/Desktop/pcrProj/neisseria/prokka/specCP016663.1.fna.gff, /home/zfears/Desktop/pcrProj/neisseria/prokka/genCP078116.1.fna.gff, /home/zfears/Desktop/pcrProj/neisseria/prokka/specCP016669.1.fna.gff, /home/zfears/Desktop/pcrProj/neisseria/prokka/specCP012391.1.fna.gff, /home/zfears/Desktop/pcrProj/neisseria/prokka/genCP043812.1.fna.gff, /home/zfears/Desktop/pcrProj/neisseria/prokka/genCP098546.1.fna.gff, /home/zfears/Desktop/pcrProj/neisseria/prokka/genCP130892.1.fna.gff, /home/zfears/Desktop/pcrProj/neisseria/prokka/genCP106811.1.fna.gff, /home/zfears/Desktop/pcrProj/neisseria/prokka/genCP098476.1.fna.gff, /home/zfears/Desktop/pcrProj/neisseria/prokka/specCP016883.1.fna.gff, /home/zfears/Desktop/pcrProj/neisseria/prokka/genCP174106.1.fna.gff, /home/zfears/Desktop/pcrProj/neisseria/prokka/genCP145059.1.fna.gff, /home/zfears/Desktop/pcrProj/neisseria/prokka/specCP023813.1.fna.gff, /home/zfears/Desktop/pcrProj/neisseria/prokka/genCP048911.1.fna.gff, /home/zfears/Desktop/pcrProj/neisseria/prokka/specCP077603.1.fna.gff, /home/zfears/Desktop/pcrProj/neisseria/prokka/genCP145071.1.fna.gff, /home/zfears/Desktop/pcrProj/neisseria/prokka/specAP028680.1.fna.gff, /home/zfears/Desktop/pcrProj/neisseria/prokka/genCP061491.1.fna.gff, /home/zfears/Desktop/pcrProj/neisseria/prokka/genCP098538.1.fna.gff, /home/zfears/Desktop/pcrProj/neisseria/prokka/genCP130891.1.fna.gff, /home/zfears/Desktop/pcrProj/neisseria/prokka/specCP021725.1.fna.gff, /home/zfears/Desktop/pcrProj/neisseria/prokka/genCP034017.1.fna.gff, /home/zfears/Desktop/pcrProj/neisseria/prokka/specCP016658.1.fna.gff, /home/zfears/Desktop/pcrProj/neisseria/prokka/genCP031251.1.fna.gff, /home/zfears/Desktop/pcrProj/neisseria/prokka/genCP073116.1.fna.gff, /home/zfears/Desktop/pcrProj/neisseria/prokka/genCP106813.1.fna.gff, /home/zfears/Desktop/pcrProj/neisseria/prokka/genCP130893.1.fna.gff, /home/zfears/Desktop/pcrProj/neisseria/prokka/genCP078115.1.fna.gff, /home/zfears/Desktop/pcrProj/neisseria/prokka/genCP106807.1.fna.gff, /home/zfears/Desktop/pcrProj/neisseria/prokka/specCP012393.1.fna.gff, /home/zfears/Desktop/pcrProj/neisseria/prokka/genCP034019.1.fna.gff, /home/zfears/Desktop/pcrProj/neisseria/prokka/specCP021518.1.fna.gff, /home/zfears/Desktop/pcrProj/neisseria/prokka/specCP045961.1.fna.gff, /home/zfears/Desktop/pcrProj/neisseria/prokka/specCP015886.1.fna.gff, /home/zfears/Desktop/pcrProj/neisseria/prokka/genCP061489.1.fna.gff, /home/zfears/Desktop/pcrProj/neisseria/prokka/genCP046027.1.fna.gff, /home/zfears/Desktop/pcrProj/neisseria/prokka/specCP016653.1.fna.gff, /home/zfears/Desktop/pcrProj/neisseria/prokka/genCP031253.1.fna.gff, /home/zfears/Desktop/pcrProj/neisseria/prokka/genCP106805.1.fna.gff, /home/zfears/Desktop/pcrProj/neisseria/prokka/specCP016880.1.fna.gff, /home/zfears/Desktop/pcrProj/neisseria/prokka/genLR134533.1.fna.gff, /home/zfears/Desktop/pcrProj/neisseria/prokka/specCP016676.1.fna.gff, /home/zfears/Desktop/pcrProj/neisseria/prokka/genCP097461.1.fna.gff, /home/zfears/Desktop/pcrProj/neisseria/prokka/specCP031327.1.fna.gff, /home/zfears/Desktop/pcrProj/neisseria/prokka/genCP020415.1.fna.gff, /home/zfears/Desktop/pcrProj/neisseria/prokka/genCP174110.1.fna.gff, /home/zfears/Desktop/pcrProj/neisseria/prokka/genCP048896.1.fna.gff, /home/zfears/Desktop/pcrProj/neisseria/prokka/genCP050930.1.fna.gff, /home/zfears/Desktop/pcrProj/neisseria/prokka/specCP009419.1.fna.gff, /home/zfears/Desktop/pcrProj/neisseria/prokka/specCP020422.1.fna.gff, /home/zfears/Desktop/pcrProj/neisseria/prokka/genCP048250.1.fna.gff, /home/zfears/Desktop/pcrProj/neisseria/prokka/specCP016660.1.fna.gff, /home/zfears/Desktop/pcrProj/neisseria/prokka/genCP133462.1.fna.gff, /home/zfears/Desktop/pcrProj/neisseria/prokka/specCP016680.1.fna.gff, /home/zfears/Desktop/pcrProj/neisseria/prokka/genCP145026.1.fna.gff, /home/zfears/Desktop/pcrProj/neisseria/prokka/genCP061486.1.fna.gff, /home/zfears/Desktop/pcrProj/neisseria/prokka/genCP061490.1.fna.gff, /home/zfears/Desktop/pcrProj/neisseria/prokka/genCP145035.1.fna.gff, /home/zfears/Desktop/pcrProj/neisseria/prokka/specCP020402.1.fna.gff, /home/zfears/Desktop/pcrProj/neisseria/prokka/genCP048929.1.fna.gff, /home/zfears/Desktop/pcrProj/neisseria/prokka/genCP045728.1.fna.gff, /home/zfears/Desktop/pcrProj/neisseria/prokka/specCP030822.1.fna.gff, /home/zfears/Desktop/pcrProj/neisseria/prokka/genCP031325.1.fna.gff, /home/zfears/Desktop/pcrProj/neisseria/prokka/genCP104548.1.fna.gff, /home/zfears/Desktop/pcrProj/neisseria/prokka/genCP040394.1.fna.gff, /home/zfears/Desktop/pcrProj/neisseria/prokka/genCP097460.1.fna.gff, /home/zfears/Desktop/pcrProj/neisseria/prokka/genCP130895.1.fna.gff, /home/zfears/Desktop/pcrProj/neisseria/prokka/genCP019467.1.fna.gff, /home/zfears/Desktop/pcrProj/neisseria/prokka/specCP016886.1.fna.gff, /home/zfears/Desktop/pcrProj/neisseria/prokka/specCP016668.1.fna.gff, /home/zfears/Desktop/pcrProj/neisseria/prokka/genCP174111.1.fna.gff, /home/zfears/Desktop/pcrProj/neisseria/prokka/genCP145024.1.fna.gff, /home/zfears/Desktop/pcrProj/neisseria/prokka/genCP019466.1.fna.gff, /home/zfears/Desktop/pcrProj/neisseria/prokka/specCP018907.1.fna.gff, /home/zfears/Desktop/pcrProj/neisseria/prokka/genCP032398.1.fna.gff, /home/zfears/Desktop/pcrProj/neisseria/prokka/genCP131616.1.fna.gff, /home/zfears/Desktop/pcrProj/neisseria/prokka/genCP130889.1.fna.gff, /home/zfears/Desktop/pcrProj/neisseria/prokka/genLR590477.1.fna.gff, /home/zfears/Desktop/pcrProj/neisseria/prokka/specCP016656.1.fna.gff, /home/zfears/Desktop/pcrProj/neisseria/prokka/specCP045960.1.fna.gff, /home/zfears/Desktop/pcrProj/neisseria/prokka/genCP106809.1.fna.gff, /home/zfears/Desktop/pcrProj/neisseria/prokka/genCP098544.1.fna.gff, /home/zfears/Desktop/pcrProj/neisseria/prokka/genCP068761.1.fna.gff, /home/zfears/Desktop/pcrProj/neisseria/prokka/genCP073119.1.fna.gff, /home/zfears/Desktop/pcrProj/neisseria/prokka/genCP119139.1.fna.gff, /home/zfears/Desktop/pcrProj/neisseria/prokka/genCP145017.1.fna.gff, /home/zfears/Desktop/pcrProj/neisseria/prokka/genCP034025.1.fna.gff, /home/zfears/Desktop/pcrProj/neisseria/prokka/genCP097459.1.fna.gff, /home/zfears/Desktop/pcrProj/neisseria/prokka/genCP131630.1.fna.gff, /home/zfears/Desktop/pcrProj/neisseria/prokka/genCP072524.1.fna.gff, /home/zfears/Desktop/pcrProj/neisseria/prokka/specCP016647.1.fna.gff, /home/zfears/Desktop/pcrProj/neisseria/prokka/specCP016650.1.fna.gff, /home/zfears/Desktop/pcrProj/neisseria/prokka/specCP016681.1.fna.gff, /home/zfears/Desktop/pcrProj/neisseria/prokka/genCP145052.1.fna.gff, /home/zfears/Desktop/pcrProj/neisseria/prokka/genOZ197910.1.fna.gff, /home/zfears/Desktop/pcrProj/neisseria/prokka/genCP104546.1.fna.gff, /home/zfears/Desktop/pcrProj/neisseria/prokka/genCP131636.1.fna.gff, /home/zfears/Desktop/pcrProj/neisseria/prokka/genCP106749.1.fna.gff, /home/zfears/Desktop/pcrProj/neisseria/prokka/genCP048893.1.fna.gff, /home/zfears/Desktop/pcrProj/neisseria/prokka/genCP145088.1.fna.gff, /home/zfears/Desktop/pcrProj/neisseria/prokka/genCP145057.1.fna.gff, /home/zfears/Desktop/pcrProj/neisseria/prokka/specCP006869.1.fna.gff, /home/zfears/Desktop/pcrProj/neisseria/prokka/genCP131641.1.fna.gff, /home/zfears/Desktop/pcrProj/neisseria/prokka/specCP012394.1.fna.gff, /home/zfears/Desktop/pcrProj/neisseria/prokka/genCP138339.1.fna.gff, /home/zfears/Desktop/pcrProj/neisseria/prokka/specCP021517.1.fna.gff, /home/zfears/Desktop/pcrProj/neisseria/prokka/genCP145080.1.fna.gff, /home/zfears/Desktop/pcrProj/neisseria/prokka/genCP053939.1.fna.gff, /home/zfears/Desktop/pcrProj/neisseria/prokka/specCP021723.1.fna.gff, /home/zfears/Desktop/pcrProj/neisseria/prokka/specCP016679.1.fna.gff, /home/zfears/Desktop/pcrProj/neisseria/prokka/genCP040395.1.fna.gff, /home/zfears/Desktop/pcrProj/neisseria/prokka/genCP107273.1.fna.gff, /home/zfears/Desktop/pcrProj/neisseria/prokka/specCP009421.1.fna.gff, /home/zfears/Desktop/pcrProj/neisseria/prokka/specCP136807.1.fna.gff, /home/zfears/Desktop/pcrProj/neisseria/prokka/genCP098458.1.fna.gff, /home/zfears/Desktop/pcrProj/neisseria/prokka/genCP098468.1.fna.gff, /home/zfears/Desktop/pcrProj/neisseria/prokka/genCP174109.1.fna.gff, /home/zfears/Desktop/pcrProj/neisseria/prokka/genCP031252.1.fna.gff, /home/zfears/Desktop/pcrProj/neisseria/prokka/genCP106801.1.fna.gff, /home/zfears/Desktop/pcrProj/neisseria/prokka/specCP096117.1.fna.gff, /home/zfears/Desktop/pcrProj/neisseria/prokka/genCP145077.1.fna.gff, /home/zfears/Desktop/pcrProj/neisseria/prokka/specCP016882.1.fna.gff, /home/zfears/Desktop/pcrProj/neisseria/prokka/specCP031332.1.fna.gff, /home/zfears/Desktop/pcrProj/neisseria/prokka/genCP061488.1.fna.gff, /home/zfears/Desktop/pcrProj/neisseria/prokka/genCP116342.1.fna.gff, /home/zfears/Desktop/pcrProj/neisseria/prokka/specCP021516.1.fna.gff, /home/zfears/Desktop/pcrProj/neisseria/prokka/genCP050505.1.fna.gff, /home/zfears/Desktop/pcrProj/neisseria/prokka/specCP031333.1.fna.gff, /home/zfears/Desktop/pcrProj/neisseria/prokka/specCP016885.1.fna.gff, /home/zfears/Desktop/pcrProj/neisseria/prokka/genLT906434.1.fna.gff, /home/zfears/Desktop/pcrProj/neisseria/prokka/specCP030820.1.fna.gff, /home/zfears/Desktop/pcrProj/neisseria/prokka/specCP031324.1.fna.gff, /home/zfears/Desktop/pcrProj/neisseria/prokka/genCP131622.1.fna.gff, /home/zfears/Desktop/pcrProj/neisseria/prokka/specCP137529.1.fna.gff, /home/zfears/Desktop/pcrProj/neisseria/prokka/genCP001050.1.fna.gff, /home/zfears/Desktop/pcrProj/neisseria/prokka/specCP016664.1.fna.gff, /home/zfears/Desktop/pcrProj/neisseria/prokka/specCP016627.1.fna.gff, /home/zfears/Desktop/pcrProj/neisseria/prokka/genLR134516.1.fna.gff, /home/zfears/Desktop/pcrProj/neisseria/prokka/genCP106815.1.fna.gff, /home/zfears/Desktop/pcrProj/neisseria/prokka/genCP154352.1.fna.gff, /home/zfears/Desktop/pcrProj/neisseria/prokka/genCP131645.1.fna.gff, /home/zfears/Desktop/pcrProj/neisseria/prokka/genCP145028.1.fna.gff, /home/zfears/Desktop/pcrProj/neisseria/prokka/genCP107271.1.fna.gff, /home/zfears/Desktop/pcrProj/neisseria/prokka/genCP098542.1.fna.gff, /home/zfears/Desktop/pcrProj/neisseria/prokka/specCP016654.1.fna.gff, /home/zfears/Desktop/pcrProj/neisseria/prokka/genCP020452.1.fna.gff, /home/zfears/Desktop/pcrProj/neisseria/prokka/specCP031330.1.fna.gff, /home/zfears/Desktop/pcrProj/neisseria/prokka/genCP061492.1.fna.gff, /home/zfears/Desktop/pcrProj/neisseria/prokka/specCP021519.1.fna.gff, /home/zfears/Desktop/pcrProj/neisseria/prokka/specCP030824.1.fna.gff, /home/zfears/Desktop/pcrProj/neisseria/prokka/genCP115654.1.fna.gff, /home/zfears/Desktop/pcrProj/neisseria/prokka/specCP016667.1.fna.gff, /home/zfears/Desktop/pcrProj/neisseria/prokka/genAE004969.1.fna.gff, /home/zfears/Desktop/pcrProj/neisseria/prokka/genCP130898.1.fna.gff, /home/zfears/Desktop/pcrProj/neisseria/prokka/genCP059571.1.fna.gff, /home/zfears/Desktop/pcrProj/neisseria/prokka/specCP016682.1.fna.gff, /home/zfears/Desktop/pcrProj/neisseria/prokka/genCP173024.1.fna.gff, /home/zfears/Desktop/pcrProj/neisseria/prokka/genCP130897.1.fna.gff, /home/zfears/Desktop/pcrProj/neisseria/prokka/specCP009420.1.fna.gff, /home/zfears/Desktop/pcrProj/neisseria/prokka/specCP021520.1.fna.gff, /home/zfears/Desktop/pcrProj/neisseria/prokka/specCP016649.1.fna.gff, /home/zfears/Desktop/pcrProj/neisseria/prokka/genCP098540.1.fna.gff, /home/zfears/Desktop/pcrProj/neisseria/prokka/genCP174112.1.fna.gff, /home/zfears/Desktop/pcrProj/neisseria/prokka/specCP137530.1.fna.gff, /home/zfears/Desktop/pcrProj/neisseria/prokka/genCP107274.1.fna.gff, /home/zfears/Desktop/pcrProj/neisseria/prokka/specCP030816.1.fna.gff, /home/zfears/Desktop/pcrProj/neisseria/prokka/genCP174113.1.fna.gff, /home/zfears/Desktop/pcrProj/neisseria/prokka/genCP131638.1.fna.gff, /home/zfears/Desktop/pcrProj/neisseria/prokka/genCP098460.1.fna.gff, /home/zfears/Desktop/pcrProj/neisseria/prokka/genCP145064.1.fna.gff, /home/zfears/Desktop/pcrProj/neisseria/prokka/genCP045707.1.fna.gff, /home/zfears/Desktop/pcrProj/neisseria/prokka/genCP098536.1.fna.gff, /home/zfears/Desktop/pcrProj/neisseria/prokka/genCP061483.1.fna.gff, /home/zfears/Desktop/pcrProj/neisseria/prokka/genCP097458.1.fna.gff, /home/zfears/Desktop/pcrProj/neisseria/prokka/specCP023814.1.fna.gff, /home/zfears/Desktop/pcrProj/neisseria/prokka/genCP181245.1.fna.gff, /home/zfears/Desktop/pcrProj/neisseria/prokka/genOZ197914.1.fna.gff, /home/zfears/Desktop/pcrProj/neisseria/prokka/genCP174118.1.fna.gff, /home/zfears/Desktop/pcrProj/neisseria/prokka/genCP073114.1.fna.gff, /home/zfears/Desktop/pcrProj/neisseria/prokka/specCP031328.1.fna.gff, /home/zfears/Desktop/pcrProj/neisseria/prokka/genCP145019.1.fna.gff, /home/zfears/Desktop/pcrProj/neisseria/prokka/genCP130890.1.fna.gff, /home/zfears/Desktop/pcrProj/neisseria/prokka/genCP145048.1.fna.gff, /home/zfears/Desktop/pcrProj/neisseria/prokka/specCP017257.1.fna.gff, /home/zfears/Desktop/pcrProj/neisseria/prokka/specCP016683.1.fna.gff, /home/zfears/Desktop/pcrProj/neisseria/prokka/genCP098505.1.fna.gff, /home/zfears/Desktop/pcrProj/neisseria/prokka/specCP016662.1.fna.gff, /home/zfears/Desktop/pcrProj/neisseria/prokka/genCP098462.1.fna.gff, /home/zfears/Desktop/pcrProj/neisseria/prokka/specCP031326.1.fna.gff, /home/zfears/Desktop/pcrProj/neisseria/prokka/genCP041585.1.fna.gff, /home/zfears/Desktop/pcrProj/neisseria/prokka/genCP034027.1.fna.gff, /home/zfears/Desktop/pcrProj/neisseria/prokka/genCP130899.1.fna.gff, /home/zfears/Desktop/pcrProj/neisseria/prokka/genCP145086.1.fna.gff, /home/zfears/Desktop/pcrProj/neisseria/prokka/genCP078117.1.fna.gff, /home/zfears/Desktop/pcrProj/neisseria/prokka/genCP078119.1.fna.gff, /home/zfears/Desktop/pcrProj/neisseria/prokka/genCP019894.1.fna.gff, /home/zfears/Desktop/pcrProj/neisseria/prokka/genCP174116.1.fna.gff, /home/zfears/Desktop/pcrProj/neisseria/prokka/specCP031331.1.fna.gff, /home/zfears/Desktop/pcrProj/neisseria/prokka/genCP145067.1.fna.gff, /home/zfears/Desktop/pcrProj/neisseria/prokka/specCP016651.1.fna.gff, /home/zfears/Desktop/pcrProj/neisseria/prokka/specCP016671.1.fna.gff, /home/zfears/Desktop/pcrProj/neisseria/prokka/specCP016678.1.fna.gff, /home/zfears/Desktop/pcrProj/neisseria/prokka/genLR134440.1.fna.gff, /home/zfears/Desktop/pcrProj/neisseria/prokka/specAP028683.1.fna.gff, /home/zfears/Desktop/pcrProj/neisseria/prokka/specCP020420.1.fna.gff, /home/zfears/Desktop/pcrProj/neisseria/prokka/specCP030826.1.fna.gff, /home/zfears/Desktop/pcrProj/neisseria/prokka/genCP073118.1.fna.gff, /home/zfears/Desktop/pcrProj/neisseria/prokka/genCP107272.1.fna.gff, /home/zfears/Desktop/pcrProj/neisseria/prokka/genCP181243.1.fna.gff, /home/zfears/Desktop/pcrProj/neisseria/prokka/genCP119141.1.fna.gff, /home/zfears/Desktop/pcrProj/neisseria/prokka/genCP002440.1.fna.gff, /home/zfears/Desktop/pcrProj/neisseria/prokka/specCP016646.1.fna.gff, /home/zfears/Desktop/pcrProj/neisseria/prokka/genCP045832.1.fna.gff, /home/zfears/Desktop/pcrProj/neisseria/prokka/specCP030819.1.fna.gff, /home/zfears/Desktop/pcrProj/neisseria/prokka/genCP020419.1.fna.gff, /home/zfears/Desktop/pcrProj/neisseria/prokka/genCP034023.1.fna.gff, /home/zfears/Desktop/pcrProj/neisseria/prokka/genCP145032.1.fna.gff, /home/zfears/Desktop/pcrProj/neisseria/prokka/genCP034032.1.fna.gff, /home/zfears/Desktop/pcrProj/neisseria/prokka/genCP145041.1.fna.gff, /home/zfears/Desktop/pcrProj/neisseria/prokka/genCP091509.1.fna.gff, /home/zfears/Desktop/pcrProj/neisseria/prokka/specCP031335.1.fna.gff, /home/zfears/Desktop/pcrProj/neisseria/prokka/genCP106803.1.fna.gff, /home/zfears/Desktop/pcrProj/neisseria/prokka/genCP034029.1.fna.gff, /home/zfears/Desktop/pcrProj/neisseria/prokka/genCP174117.1.fna.gff, /home/zfears/Desktop/pcrProj/neisseria/prokka/genCP107223.1.fna.gff, /home/zfears/Desktop/pcrProj/neisseria/prokka/specCP016674.1.fna.gff, /home/zfears/Desktop/pcrProj/neisseria/prokka/genCP048902.1.fna.gff, /home/zfears/Desktop/pcrProj/neisseria/prokka/specCP016670.1.fna.gff, /home/zfears/Desktop/pcrProj/neisseria/prokka/genCP016017.1.fna.gff, /home/zfears/Desktop/pcrProj/neisseria/prokka/genCP098548.1.fna.gff, /home/zfears/Desktop/pcrProj/neisseria/prokka/genCP098474.1.fna.gff, /home/zfears/Desktop/pcrProj/neisseria/prokka/specCP030825.1.fna.gff, /home/zfears/Desktop/pcrProj/neisseria/prokka/genCP138342.1.fna.gff, /home/zfears/Desktop/pcrProj/neisseria/prokka/genCP078118.1.fna.gff, /home/zfears/Desktop/pcrProj/neisseria/prokka/specCP031336.1.fna.gff, /home/zfears/Desktop/pcrProj/neisseria/prokka/specCP016675.1.fna.gff, /home/zfears/Desktop/pcrProj/neisseria/prokka/genCP145021.1.fna.gff, /home/zfears/Desktop/pcrProj/neisseria/prokka/specCP030815.1.fna.gff, /home/zfears/Desktop/pcrProj/neisseria/prokka/genCP098464.1.fna.gff, /home/zfears/Desktop/pcrProj/neisseria/prokka/genCP145090.1.fna.gff, /home/zfears/Desktop/pcrProj/neisseria/prokka/genCP061484.1.fna.gff, /home/zfears/Desktop/pcrProj/neisseria/prokka/specCP079941.1.fna.gff, /home/zfears/Desktop/pcrProj/neisseria/prokka/specCP016884.1.fna.gff
    threads: 20
    resources: tmpdir=<TBD>, disk_mb=1686, disk=1.69 GB, disk_mib=1608, mem_mb=1686, mem=1.69 GB, mem_mib=1608, mem_mb_per_cpu=3200, runtime=600
Job 3 has been submitted with SLURM jobid 11150086 (log: /grphome/grp_Assembly/pcrScripts/snakemake/.snakemake/slurm_logs/rule_roary/11150086.log).
[Wed Apr  1 12:01:56 2026]
Finished jobid: 3 (Rule: roary)
332 of 335 steps (99%) done
Select jobs to execute...
Execute 1 jobs...

[Wed Apr  1 12:01:56 2026]
checkpoint findTargetGenes:
    input: /home/zfears/Desktop/pcrProj/neisseria/roary/gene_presence_absence.csv
    output: /home/zfears/Desktop/pcrProj/neisseria/targetGenes
    jobid: 2
    reason: Missing output files: /home/zfears/Desktop/pcrProj/neisseria/targetGenes; Input files updated by another job: /home/zfears/Desktop/pcrProj/neisseria/roary/gene_presence_absence.csv
    resources: tmpdir=<TBD>, disk_mb=1000, disk=1 GB, disk_mib=954, mem_mb=1000, mem=1 GB, mem_mib=954, mem_mb_per_cpu=4000, runtime=60
DAG of jobs will be updated after completion.
Job 2 has been submitted with SLURM jobid 11153394 (log: /grphome/grp_Assembly/pcrScripts/snakemake/.snakemake/slurm_logs/rule_findTargetGenes/11153394.log).
[Wed Apr  1 12:03:13 2026]
Finished jobid: 2 (Rule: findTargetGenes)
333 of 335 steps (99%) done
Updating checkpoint dependencies.
Select jobs to execute...
Execute 1 jobs...

[Wed Apr  1 12:03:14 2026]
rule combineFFNs:
    input: /home/zfears/Desktop/pcrProj/neisseria/prokka/genAE004969.1.fna.ffn, /home/zfears/Desktop/pcrProj/neisseria/prokka/genCP001050.1.fna.ffn, /home/zfears/Desktop/pcrProj/neisseria/prokka/genCP002440.1.fna.ffn, /home/zfears/Desktop/pcrProj/neisseria/prokka/genCP003974.1.fna.ffn, /home/zfears/Desktop/pcrProj/neisseria/prokka/genCP016015.1.fna.ffn, /home/zfears/Desktop/pcrProj/neisseria/prokka/genCP016016.1.fna.ffn, /home/zfears/Desktop/pcrProj/neisseria/prokka/genCP016017.1.fna.ffn, /home/zfears/Desktop/pcrProj/neisseria/prokka/genCP019466.1.fna.ffn, /home/zfears/Desktop/pcrProj/neisseria/prokka/genCP019467.1.fna.ffn, /home/zfears/Desktop/pcrProj/neisseria/prokka/genCP019894.1.fna.ffn, /home/zfears/Desktop/pcrProj/neisseria/prokka/genCP020415.1.fna.ffn, /home/zfears/Desktop/pcrProj/neisseria/prokka/genCP020419.1.fna.ffn, /home/zfears/Desktop/pcrProj/neisseria/prokka/genCP020452.1.fna.ffn, /home/zfears/Desktop/pcrProj/neisseria/prokka/genCP022527.1.fna.ffn, /home/zfears/Desktop/pcrProj/neisseria/prokka/genCP031251.1.fna.ffn, /home/zfears/Desktop/pcrProj/neisseria/prokka/genCP031252.1.fna.ffn, /home/zfears/Desktop/pcrProj/neisseria/prokka/genCP031253.1.fna.ffn, /home/zfears/Desktop/pcrProj/neisseria/prokka/genCP031255.1.fna.ffn, /home/zfears/Desktop/pcrProj/neisseria/prokka/genCP031325.1.fna.ffn, /home/zfears/Desktop/pcrProj/neisseria/prokka/genCP032398.1.fna.ffn, /home/zfears/Desktop/pcrProj/neisseria/prokka/genCP032429.1.fna.ffn, /home/zfears/Desktop/pcrProj/neisseria/prokka/genCP034017.1.fna.ffn, /home/zfears/Desktop/pcrProj/neisseria/prokka/genCP034019.1.fna.ffn, /home/zfears/Desktop/pcrProj/neisseria/prokka/genCP034021.1.fna.ffn, /home/zfears/Desktop/pcrProj/neisseria/prokka/genCP034023.1.fna.ffn, /home/zfears/Desktop/pcrProj/neisseria/prokka/genCP034025.1.fna.ffn, /home/zfears/Desktop/pcrProj/neisseria/prokka/genCP034027.1.fna.ffn, /home/zfears/Desktop/pcrProj/neisseria/prokka/genCP034029.1.fna.ffn, /home/zfears/Desktop/pcrProj/neisseria/prokka/genCP034031.1.fna.ffn, /home/zfears/Desktop/pcrProj/neisseria/prokka/genCP034032.1.fna.ffn, /home/zfears/Desktop/pcrProj/neisseria/prokka/genCP040394.1.fna.ffn, /home/zfears/Desktop/pcrProj/neisseria/prokka/genCP040395.1.fna.ffn, /home/zfears/Desktop/pcrProj/neisseria/prokka/genCP041585.1.fna.ffn, /home/zfears/Desktop/pcrProj/neisseria/prokka/genCP041586.1.fna.ffn, /home/zfears/Desktop/pcrProj/neisseria/prokka/genCP043812.1.fna.ffn, /home/zfears/Desktop/pcrProj/neisseria/prokka/genCP043816.1.fna.ffn, /home/zfears/Desktop/pcrProj/neisseria/prokka/genCP043871.1.fna.ffn, /home/zfears/Desktop/pcrProj/neisseria/prokka/genCP045707.1.fna.ffn, /home/zfears/Desktop/pcrProj/neisseria/prokka/genCP045728.1.fna.ffn, /home/zfears/Desktop/pcrProj/neisseria/prokka/genCP045832.1.fna.ffn, /home/zfears/Desktop/pcrProj/neisseria/prokka/genCP046027.1.fna.ffn, /home/zfears/Desktop/pcrProj/neisseria/prokka/genCP048246.1.fna.ffn, /home/zfears/Desktop/pcrProj/neisseria/prokka/genCP048250.1.fna.ffn, /home/zfears/Desktop/pcrProj/neisseria/prokka/genCP048254.1.fna.ffn, /home/zfears/Desktop/pcrProj/neisseria/prokka/genCP048893.1.fna.ffn, /home/zfears/Desktop/pcrProj/neisseria/prokka/genCP048896.1.fna.ffn, /home/zfears/Desktop/pcrProj/neisseria/prokka/genCP048899.1.fna.ffn, /home/zfears/Desktop/pcrProj/neisseria/prokka/genCP048902.1.fna.ffn, /home/zfears/Desktop/pcrProj/neisseria/prokka/genCP048905.1.fna.ffn, /home/zfears/Desktop/pcrProj/neisseria/prokka/genCP048908.1.fna.ffn, /home/zfears/Desktop/pcrProj/neisseria/prokka/genCP048911.1.fna.ffn, /home/zfears/Desktop/pcrProj/neisseria/prokka/genCP048929.1.fna.ffn, /home/zfears/Desktop/pcrProj/neisseria/prokka/genCP050505.1.fna.ffn, /home/zfears/Desktop/pcrProj/neisseria/prokka/genCP050930.1.fna.ffn, /home/zfears/Desktop/pcrProj/neisseria/prokka/genCP053939.1.fna.ffn, /home/zfears/Desktop/pcrProj/neisseria/prokka/genCP059571.1.fna.ffn, /home/zfears/Desktop/pcrProj/neisseria/prokka/genCP061483.1.fna.ffn, /home/zfears/Desktop/pcrProj/neisseria/prokka/genCP061484.1.fna.ffn, /home/zfears/Desktop/pcrProj/neisseria/prokka/genCP061485.1.fna.ffn, /home/zfears/Desktop/pcrProj/neisseria/prokka/genCP061486.1.fna.ffn, /home/zfears/Desktop/pcrProj/neisseria/prokka/genCP061487.1.fna.ffn, /home/zfears/Desktop/pcrProj/neisseria/prokka/genCP061488.1.fna.ffn, /home/zfears/Desktop/pcrProj/neisseria/prokka/genCP061489.1.fna.ffn, /home/zfears/Desktop/pcrProj/neisseria/prokka/genCP061490.1.fna.ffn, /home/zfears/Desktop/pcrProj/neisseria/prokka/genCP061491.1.fna.ffn, /home/zfears/Desktop/pcrProj/neisseria/prokka/genCP061492.1.fna.ffn, /home/zfears/Desktop/pcrProj/neisseria/prokka/genCP068761.1.fna.ffn, /home/zfears/Desktop/pcrProj/neisseria/prokka/genCP072524.1.fna.ffn, /home/zfears/Desktop/pcrProj/neisseria/prokka/genCP073114.1.fna.ffn, /home/zfears/Desktop/pcrProj/neisseria/prokka/genCP073115.1.fna.ffn, /home/zfears/Desktop/pcrProj/neisseria/prokka/genCP073116.1.fna.ffn, /home/zfears/Desktop/pcrProj/neisseria/prokka/genCP073117.1.fna.ffn, /home/zfears/Desktop/pcrProj/neisseria/prokka/genCP073118.1.fna.ffn, /home/zfears/Desktop/pcrProj/neisseria/prokka/genCP073119.1.fna.ffn, /home/zfears/Desktop/pcrProj/neisseria/prokka/genCP078113.1.fna.ffn, /home/zfears/Desktop/pcrProj/neisseria/prokka/genCP078114.1.fna.ffn, /home/zfears/Desktop/pcrProj/neisseria/prokka/genCP078115.1.fna.ffn, /home/zfears/Desktop/pcrProj/neisseria/prokka/genCP078116.1.fna.ffn, /home/zfears/Desktop/pcrProj/neisseria/prokka/genCP078117.1.fna.ffn, /home/zfears/Desktop/pcrProj/neisseria/prokka/genCP078118.1.fna.ffn, /home/zfears/Desktop/pcrProj/neisseria/prokka/genCP078119.1.fna.ffn, /home/zfears/Desktop/pcrProj/neisseria/prokka/genCP091509.1.fna.ffn, /home/zfears/Desktop/pcrProj/neisseria/prokka/genCP097458.1.fna.ffn, /home/zfears/Desktop/pcrProj/neisseria/prokka/genCP097459.1.fna.ffn, /home/zfears/Desktop/pcrProj/neisseria/prokka/genCP097460.1.fna.ffn, /home/zfears/Desktop/pcrProj/neisseria/prokka/genCP097461.1.fna.ffn, /home/zfears/Desktop/pcrProj/neisseria/prokka/genCP097846.1.fna.ffn, /home/zfears/Desktop/pcrProj/neisseria/prokka/genCP098458.1.fna.ffn, /home/zfears/Desktop/pcrProj/neisseria/prokka/genCP098460.1.fna.ffn, /home/zfears/Desktop/pcrProj/neisseria/prokka/genCP098462.1.fna.ffn, /home/zfears/Desktop/pcrProj/neisseria/prokka/genCP098464.1.fna.ffn, /home/zfears/Desktop/pcrProj/neisseria/prokka/genCP098466.1.fna.ffn, /home/zfears/Desktop/pcrProj/neisseria/prokka/genCP098468.1.fna.ffn, /home/zfears/Desktop/pcrProj/neisseria/prokka/genCP098470.1.fna.ffn, /home/zfears/Desktop/pcrProj/neisseria/prokka/genCP098472.1.fna.ffn, /home/zfears/Desktop/pcrProj/neisseria/prokka/genCP098474.1.fna.ffn, /home/zfears/Desktop/pcrProj/neisseria/prokka/genCP098476.1.fna.ffn, /home/zfears/Desktop/pcrProj/neisseria/prokka/genCP098503.1.fna.ffn, /home/zfears/Desktop/pcrProj/neisseria/prokka/genCP098505.1.fna.ffn, /home/zfears/Desktop/pcrProj/neisseria/prokka/genCP098532.1.fna.ffn, /home/zfears/Desktop/pcrProj/neisseria/prokka/genCP098534.1.fna.ffn, /home/zfears/Desktop/pcrProj/neisseria/prokka/genCP098536.1.fna.ffn, /home/zfears/Desktop/pcrProj/neisseria/prokka/genCP098538.1.fna.ffn, /home/zfears/Desktop/pcrProj/neisseria/prokka/genCP098540.1.fna.ffn, /home/zfears/Desktop/pcrProj/neisseria/prokka/genCP098542.1.fna.ffn, /home/zfears/Desktop/pcrProj/neisseria/prokka/genCP098544.1.fna.ffn, /home/zfears/Desktop/pcrProj/neisseria/prokka/genCP098546.1.fna.ffn, /home/zfears/Desktop/pcrProj/neisseria/prokka/genCP098548.1.fna.ffn, /home/zfears/Desktop/pcrProj/neisseria/prokka/genCP104546.1.fna.ffn, /home/zfears/Desktop/pcrProj/neisseria/prokka/genCP104548.1.fna.ffn, /home/zfears/Desktop/pcrProj/neisseria/prokka/genCP106749.1.fna.ffn, /home/zfears/Desktop/pcrProj/neisseria/prokka/genCP106801.1.fna.ffn, /home/zfears/Desktop/pcrProj/neisseria/prokka/genCP106803.1.fna.ffn, /home/zfears/Desktop/pcrProj/neisseria/prokka/genCP106805.1.fna.ffn, /home/zfears/Desktop/pcrProj/neisseria/prokka/genCP106807.1.fna.ffn, /home/zfears/Desktop/pcrProj/neisseria/prokka/genCP106809.1.fna.ffn, /home/zfears/Desktop/pcrProj/neisseria/prokka/genCP106811.1.fna.ffn, /home/zfears/Desktop/pcrProj/neisseria/prokka/genCP106813.1.fna.ffn, /home/zfears/Desktop/pcrProj/neisseria/prokka/genCP106815.1.fna.ffn, /home/zfears/Desktop/pcrProj/neisseria/prokka/genCP107223.1.fna.ffn, /home/zfears/Desktop/pcrProj/neisseria/prokka/genCP107270.1.fna.ffn, /home/zfears/Desktop/pcrProj/neisseria/prokka/genCP107271.1.fna.ffn, /home/zfears/Desktop/pcrProj/neisseria/prokka/genCP107272.1.fna.ffn, /home/zfears/Desktop/pcrProj/neisseria/prokka/genCP107273.1.fna.ffn, /home/zfears/Desktop/pcrProj/neisseria/prokka/genCP107274.1.fna.ffn, /home/zfears/Desktop/pcrProj/neisseria/prokka/genCP115654.1.fna.ffn, /home/zfears/Desktop/pcrProj/neisseria/prokka/genCP115904.1.fna.ffn, /home/zfears/Desktop/pcrProj/neisseria/prokka/genCP116342.1.fna.ffn, /home/zfears/Desktop/pcrProj/neisseria/prokka/genCP119139.1.fna.ffn, /home/zfears/Desktop/pcrProj/neisseria/prokka/genCP119141.1.fna.ffn, /home/zfears/Desktop/pcrProj/neisseria/prokka/genCP130889.1.fna.ffn, /home/zfears/Desktop/pcrProj/neisseria/prokka/genCP130890.1.fna.ffn, /home/zfears/Desktop/pcrProj/neisseria/prokka/genCP130891.1.fna.ffn, /home/zfears/Desktop/pcrProj/neisseria/prokka/genCP130892.1.fna.ffn, /home/zfears/Desktop/pcrProj/neisseria/prokka/genCP130893.1.fna.ffn, /home/zfears/Desktop/pcrProj/neisseria/prokka/genCP130894.1.fna.ffn, /home/zfears/Desktop/pcrProj/neisseria/prokka/genCP130895.1.fna.ffn, /home/zfears/Desktop/pcrProj/neisseria/prokka/genCP130896.1.fna.ffn, /home/zfears/Desktop/pcrProj/neisseria/prokka/genCP130897.1.fna.ffn, /home/zfears/Desktop/pcrProj/neisseria/prokka/genCP130898.1.fna.ffn, /home/zfears/Desktop/pcrProj/neisseria/prokka/genCP130899.1.fna.ffn, /home/zfears/Desktop/pcrProj/neisseria/prokka/genCP131616.1.fna.ffn, /home/zfears/Desktop/pcrProj/neisseria/prokka/genCP131620.1.fna.ffn, /home/zfears/Desktop/pcrProj/neisseria/prokka/genCP131622.1.fna.ffn, /home/zfears/Desktop/pcrProj/neisseria/prokka/genCP131626.1.fna.ffn, /home/zfears/Desktop/pcrProj/neisseria/prokka/genCP131630.1.fna.ffn, /home/zfears/Desktop/pcrProj/neisseria/prokka/genCP131632.1.fna.ffn, /home/zfears/Desktop/pcrProj/neisseria/prokka/genCP131636.1.fna.ffn, /home/zfears/Desktop/pcrProj/neisseria/prokka/genCP131638.1.fna.ffn, /home/zfears/Desktop/pcrProj/neisseria/prokka/genCP131641.1.fna.ffn, /home/zfears/Desktop/pcrProj/neisseria/prokka/genCP131645.1.fna.ffn, /home/zfears/Desktop/pcrProj/neisseria/prokka/genCP133462.1.fna.ffn, /home/zfears/Desktop/pcrProj/neisseria/prokka/genCP135440.1.fna.ffn, /home/zfears/Desktop/pcrProj/neisseria/prokka/genCP135593.1.fna.ffn, /home/zfears/Desktop/pcrProj/neisseria/prokka/genCP138339.1.fna.ffn, /home/zfears/Desktop/pcrProj/neisseria/prokka/genCP138342.1.fna.ffn, /home/zfears/Desktop/pcrProj/neisseria/prokka/genCP145015.1.fna.ffn, /home/zfears/Desktop/pcrProj/neisseria/prokka/genCP145017.1.fna.ffn, /home/zfears/Desktop/pcrProj/neisseria/prokka/genCP145019.1.fna.ffn, /home/zfears/Desktop/pcrProj/neisseria/prokka/genCP145021.1.fna.ffn, /home/zfears/Desktop/pcrProj/neisseria/prokka/genCP145024.1.fna.ffn, /home/zfears/Desktop/pcrProj/neisseria/prokka/genCP145026.1.fna.ffn, /home/zfears/Desktop/pcrProj/neisseria/prokka/genCP145028.1.fna.ffn, /home/zfears/Desktop/pcrProj/neisseria/prokka/genCP145032.1.fna.ffn, /home/zfears/Desktop/pcrProj/neisseria/prokka/genCP145035.1.fna.ffn, /home/zfears/Desktop/pcrProj/neisseria/prokka/genCP145037.1.fna.ffn, /home/zfears/Desktop/pcrProj/neisseria/prokka/genCP145041.1.fna.ffn, /home/zfears/Desktop/pcrProj/neisseria/prokka/genCP145045.1.fna.ffn, /home/zfears/Desktop/pcrProj/neisseria/prokka/genCP145048.1.fna.ffn, /home/zfears/Desktop/pcrProj/neisseria/prokka/genCP145050.1.fna.ffn, /home/zfears/Desktop/pcrProj/neisseria/prokka/genCP145052.1.fna.ffn, /home/zfears/Desktop/pcrProj/neisseria/prokka/genCP145053.1.fna.ffn, /home/zfears/Desktop/pcrProj/neisseria/prokka/genCP145057.1.fna.ffn, /home/zfears/Desktop/pcrProj/neisseria/prokka/genCP145059.1.fna.ffn, /home/zfears/Desktop/pcrProj/neisseria/prokka/genCP145062.1.fna.ffn, /home/zfears/Desktop/pcrProj/neisseria/prokka/genCP145064.1.fna.ffn, /home/zfears/Desktop/pcrProj/neisseria/prokka/genCP145067.1.fna.ffn, /home/zfears/Desktop/pcrProj/neisseria/prokka/genCP145071.1.fna.ffn, /home/zfears/Desktop/pcrProj/neisseria/prokka/genCP145074.1.fna.ffn, /home/zfears/Desktop/pcrProj/neisseria/prokka/genCP145077.1.fna.ffn, /home/zfears/Desktop/pcrProj/neisseria/prokka/genCP145080.1.fna.ffn, /home/zfears/Desktop/pcrProj/neisseria/prokka/genCP145083.1.fna.ffn, /home/zfears/Desktop/pcrProj/neisseria/prokka/genCP145086.1.fna.ffn, /home/zfears/Desktop/pcrProj/neisseria/prokka/genCP145088.1.fna.ffn, /home/zfears/Desktop/pcrProj/neisseria/prokka/genCP145090.1.fna.ffn, /home/zfears/Desktop/pcrProj/neisseria/prokka/genCP154352.1.fna.ffn, /home/zfears/Desktop/pcrProj/neisseria/prokka/genCP173024.1.fna.ffn, /home/zfears/Desktop/pcrProj/neisseria/prokka/genCP174106.1.fna.ffn, /home/zfears/Desktop/pcrProj/neisseria/prokka/genCP174107.1.fna.ffn, /home/zfears/Desktop/pcrProj/neisseria/prokka/genCP174108.1.fna.ffn, /home/zfears/Desktop/pcrProj/neisseria/prokka/genCP174109.1.fna.ffn, /home/zfears/Desktop/pcrProj/neisseria/prokka/genCP174110.1.fna.ffn, /home/zfears/Desktop/pcrProj/neisseria/prokka/genCP174111.1.fna.ffn, /home/zfears/Desktop/pcrProj/neisseria/prokka/genCP174112.1.fna.ffn, /home/zfears/Desktop/pcrProj/neisseria/prokka/genCP174113.1.fna.ffn, /home/zfears/Desktop/pcrProj/neisseria/prokka/genCP174114.1.fna.ffn, /home/zfears/Desktop/pcrProj/neisseria/prokka/genCP174115.1.fna.ffn, /home/zfears/Desktop/pcrProj/neisseria/prokka/genCP174116.1.fna.ffn, /home/zfears/Desktop/pcrProj/neisseria/prokka/genCP174117.1.fna.ffn, /home/zfears/Desktop/pcrProj/neisseria/prokka/genCP174118.1.fna.ffn, /home/zfears/Desktop/pcrProj/neisseria/prokka/genCP181243.1.fna.ffn, /home/zfears/Desktop/pcrProj/neisseria/prokka/genCP181245.1.fna.ffn, /home/zfears/Desktop/pcrProj/neisseria/prokka/genLR134358.1.fna.ffn, /home/zfears/Desktop/pcrProj/neisseria/prokka/genLR134440.1.fna.ffn, /home/zfears/Desktop/pcrProj/neisseria/prokka/genLR134516.1.fna.ffn, /home/zfears/Desktop/pcrProj/neisseria/prokka/genLR134533.1.fna.ffn, /home/zfears/Desktop/pcrProj/neisseria/prokka/genLR590477.1.fna.ffn, /home/zfears/Desktop/pcrProj/neisseria/prokka/genLT906434.1.fna.ffn, /home/zfears/Desktop/pcrProj/neisseria/prokka/genOZ197910.1.fna.ffn, /home/zfears/Desktop/pcrProj/neisseria/prokka/genOZ197914.1.fna.ffn, /home/zfears/Desktop/pcrProj/neisseria/prokka/specAM421808.1.fna.ffn, /home/zfears/Desktop/pcrProj/neisseria/prokka/specAP028680.1.fna.ffn, /home/zfears/Desktop/pcrProj/neisseria/prokka/specAP028683.1.fna.ffn, /home/zfears/Desktop/pcrProj/neisseria/prokka/specCP006869.1.fna.ffn, /home/zfears/Desktop/pcrProj/neisseria/prokka/specCP007524.1.fna.ffn, /home/zfears/Desktop/pcrProj/neisseria/prokka/specCP009418.1.fna.ffn, /home/zfears/Desktop/pcrProj/neisseria/prokka/specCP009419.1.fna.ffn, /home/zfears/Desktop/pcrProj/neisseria/prokka/specCP009420.1.fna.ffn, /home/zfears/Desktop/pcrProj/neisseria/prokka/specCP009421.1.fna.ffn, /home/zfears/Desktop/pcrProj/neisseria/prokka/specCP009422.1.fna.ffn, /home/zfears/Desktop/pcrProj/neisseria/prokka/specCP012391.1.fna.ffn, /home/zfears/Desktop/pcrProj/neisseria/prokka/specCP012392.1.fna.ffn, /home/zfears/Desktop/pcrProj/neisseria/prokka/specCP012393.1.fna.ffn, /home/zfears/Desktop/pcrProj/neisseria/prokka/specCP012394.1.fna.ffn, /home/zfears/Desktop/pcrProj/neisseria/prokka/specCP012694.1.fna.ffn, /home/zfears/Desktop/pcrProj/neisseria/prokka/specCP015886.1.fna.ffn, /home/zfears/Desktop/pcrProj/neisseria/prokka/specCP016627.1.fna.ffn, /home/zfears/Desktop/pcrProj/neisseria/prokka/specCP016644.1.fna.ffn, /home/zfears/Desktop/pcrProj/neisseria/prokka/specCP016645.1.fna.ffn, /home/zfears/Desktop/pcrProj/neisseria/prokka/specCP016646.1.fna.ffn, /home/zfears/Desktop/pcrProj/neisseria/prokka/specCP016647.1.fna.ffn, /home/zfears/Desktop/pcrProj/neisseria/prokka/specCP016648.1.fna.ffn, /home/zfears/Desktop/pcrProj/neisseria/prokka/specCP016649.1.fna.ffn, /home/zfears/Desktop/pcrProj/neisseria/prokka/specCP016650.1.fna.ffn, /home/zfears/Desktop/pcrProj/neisseria/prokka/specCP016651.1.fna.ffn, /home/zfears/Desktop/pcrProj/neisseria/prokka/specCP016652.1.fna.ffn, /home/zfears/Desktop/pcrProj/neisseria/prokka/specCP016653.1.fna.ffn, /home/zfears/Desktop/pcrProj/neisseria/prokka/specCP016654.1.fna.ffn, /home/zfears/Desktop/pcrProj/neisseria/prokka/specCP016655.1.fna.ffn, /home/zfears/Desktop/pcrProj/neisseria/prokka/specCP016656.1.fna.ffn, /home/zfears/Desktop/pcrProj/neisseria/prokka/specCP016657.1.fna.ffn, /home/zfears/Desktop/pcrProj/neisseria/prokka/specCP016658.1.fna.ffn, /home/zfears/Desktop/pcrProj/neisseria/prokka/specCP016659.1.fna.ffn, /home/zfears/Desktop/pcrProj/neisseria/prokka/specCP016660.1.fna.ffn, /home/zfears/Desktop/pcrProj/neisseria/prokka/specCP016661.1.fna.ffn, /home/zfears/Desktop/pcrProj/neisseria/prokka/specCP016662.1.fna.ffn, /home/zfears/Desktop/pcrProj/neisseria/prokka/specCP016663.1.fna.ffn, /home/zfears/Desktop/pcrProj/neisseria/prokka/specCP016664.1.fna.ffn, /home/zfears/Desktop/pcrProj/neisseria/prokka/specCP016665.1.fna.ffn, /home/zfears/Desktop/pcrProj/neisseria/prokka/specCP016666.1.fna.ffn, /home/zfears/Desktop/pcrProj/neisseria/prokka/specCP016667.1.fna.ffn, /home/zfears/Desktop/pcrProj/neisseria/prokka/specCP016668.1.fna.ffn, /home/zfears/Desktop/pcrProj/neisseria/prokka/specCP016669.1.fna.ffn, /home/zfears/Desktop/pcrProj/neisseria/prokka/specCP016670.1.fna.ffn, /home/zfears/Desktop/pcrProj/neisseria/prokka/specCP016671.1.fna.ffn, /home/zfears/Desktop/pcrProj/neisseria/prokka/specCP016672.1.fna.ffn, /home/zfears/Desktop/pcrProj/neisseria/prokka/specCP016673.1.fna.ffn, /home/zfears/Desktop/pcrProj/neisseria/prokka/specCP016674.1.fna.ffn, /home/zfears/Desktop/pcrProj/neisseria/prokka/specCP016675.1.fna.ffn, /home/zfears/Desktop/pcrProj/neisseria/prokka/specCP016676.1.fna.ffn, /home/zfears/Desktop/pcrProj/neisseria/prokka/specCP016677.1.fna.ffn, /home/zfears/Desktop/pcrProj/neisseria/prokka/specCP016678.1.fna.ffn, /home/zfears/Desktop/pcrProj/neisseria/prokka/specCP016679.1.fna.ffn, /home/zfears/Desktop/pcrProj/neisseria/prokka/specCP016680.1.fna.ffn, /home/zfears/Desktop/pcrProj/neisseria/prokka/specCP016681.1.fna.ffn, /home/zfears/Desktop/pcrProj/neisseria/prokka/specCP016682.1.fna.ffn, /home/zfears/Desktop/pcrProj/neisseria/prokka/specCP016683.1.fna.ffn, /home/zfears/Desktop/pcrProj/neisseria/prokka/specCP016880.1.fna.ffn, /home/zfears/Desktop/pcrProj/neisseria/prokka/specCP016881.1.fna.ffn, /home/zfears/Desktop/pcrProj/neisseria/prokka/specCP016882.1.fna.ffn, /home/zfears/Desktop/pcrProj/neisseria/prokka/specCP016883.1.fna.ffn, /home/zfears/Desktop/pcrProj/neisseria/prokka/specCP016884.1.fna.ffn, /home/zfears/Desktop/pcrProj/neisseria/prokka/specCP016885.1.fna.ffn, /home/zfears/Desktop/pcrProj/neisseria/prokka/specCP016886.1.fna.ffn, /home/zfears/Desktop/pcrProj/neisseria/prokka/specCP017257.1.fna.ffn, /home/zfears/Desktop/pcrProj/neisseria/prokka/specCP018907.1.fna.ffn, /home/zfears/Desktop/pcrProj/neisseria/prokka/specCP020401.1.fna.ffn, /home/zfears/Desktop/pcrProj/neisseria/prokka/specCP020402.1.fna.ffn, /home/zfears/Desktop/pcrProj/neisseria/prokka/specCP020420.1.fna.ffn, /home/zfears/Desktop/pcrProj/neisseria/prokka/specCP020422.1.fna.ffn, /home/zfears/Desktop/pcrProj/neisseria/prokka/specCP021516.1.fna.ffn, /home/zfears/Desktop/pcrProj/neisseria/prokka/specCP021517.1.fna.ffn, /home/zfears/Desktop/pcrProj/neisseria/prokka/specCP021518.1.fna.ffn, /home/zfears/Desktop/pcrProj/neisseria/prokka/specCP021519.1.fna.ffn, /home/zfears/Desktop/pcrProj/neisseria/prokka/specCP021520.1.fna.ffn, /home/zfears/Desktop/pcrProj/neisseria/prokka/specCP021521.1.fna.ffn, /home/zfears/Desktop/pcrProj/neisseria/prokka/specCP021522.1.fna.ffn, /home/zfears/Desktop/pcrProj/neisseria/prokka/specCP021523.1.fna.ffn, /home/zfears/Desktop/pcrProj/neisseria/prokka/specCP021723.1.fna.ffn, /home/zfears/Desktop/pcrProj/neisseria/prokka/specCP021724.1.fna.ffn, /home/zfears/Desktop/pcrProj/neisseria/prokka/specCP021725.1.fna.ffn, /home/zfears/Desktop/pcrProj/neisseria/prokka/specCP023813.1.fna.ffn, /home/zfears/Desktop/pcrProj/neisseria/prokka/specCP023814.1.fna.ffn, /home/zfears/Desktop/pcrProj/neisseria/prokka/specCP030814.1.fna.ffn, /home/zfears/Desktop/pcrProj/neisseria/prokka/specCP030815.1.fna.ffn, /home/zfears/Desktop/pcrProj/neisseria/prokka/specCP030816.1.fna.ffn, /home/zfears/Desktop/pcrProj/neisseria/prokka/specCP030817.1.fna.ffn, /home/zfears/Desktop/pcrProj/neisseria/prokka/specCP030818.1.fna.ffn, /home/zfears/Desktop/pcrProj/neisseria/prokka/specCP030819.1.fna.ffn, /home/zfears/Desktop/pcrProj/neisseria/prokka/specCP030820.1.fna.ffn, /home/zfears/Desktop/pcrProj/neisseria/prokka/specCP030821.1.fna.ffn, /home/zfears/Desktop/pcrProj/neisseria/prokka/specCP030822.1.fna.ffn, /home/zfears/Desktop/pcrProj/neisseria/prokka/specCP030823.1.fna.ffn, /home/zfears/Desktop/pcrProj/neisseria/prokka/specCP030824.1.fna.ffn, /home/zfears/Desktop/pcrProj/neisseria/prokka/specCP030825.1.fna.ffn, /home/zfears/Desktop/pcrProj/neisseria/prokka/specCP030826.1.fna.ffn, /home/zfears/Desktop/pcrProj/neisseria/prokka/specCP031324.1.fna.ffn, /home/zfears/Desktop/pcrProj/neisseria/prokka/specCP031326.1.fna.ffn, /home/zfears/Desktop/pcrProj/neisseria/prokka/specCP031327.1.fna.ffn, /home/zfears/Desktop/pcrProj/neisseria/prokka/specCP031328.1.fna.ffn, /home/zfears/Desktop/pcrProj/neisseria/prokka/specCP031329.1.fna.ffn, /home/zfears/Desktop/pcrProj/neisseria/prokka/specCP031330.1.fna.ffn, /home/zfears/Desktop/pcrProj/neisseria/prokka/specCP031331.1.fna.ffn, /home/zfears/Desktop/pcrProj/neisseria/prokka/specCP031332.1.fna.ffn, /home/zfears/Desktop/pcrProj/neisseria/prokka/specCP031333.1.fna.ffn, /home/zfears/Desktop/pcrProj/neisseria/prokka/specCP031334.1.fna.ffn, /home/zfears/Desktop/pcrProj/neisseria/prokka/specCP031335.1.fna.ffn, /home/zfears/Desktop/pcrProj/neisseria/prokka/specCP031336.1.fna.ffn, /home/zfears/Desktop/pcrProj/neisseria/prokka/specCP045960.1.fna.ffn, /home/zfears/Desktop/pcrProj/neisseria/prokka/specCP045961.1.fna.ffn, /home/zfears/Desktop/pcrProj/neisseria/prokka/specCP060280.1.fna.ffn, /home/zfears/Desktop/pcrProj/neisseria/prokka/specCP077603.1.fna.ffn, /home/zfears/Desktop/pcrProj/neisseria/prokka/specCP079941.1.fna.ffn, /home/zfears/Desktop/pcrProj/neisseria/prokka/specCP096117.1.fna.ffn, /home/zfears/Desktop/pcrProj/neisseria/prokka/specCP136807.1.fna.ffn, /home/zfears/Desktop/pcrProj/neisseria/prokka/specCP137529.1.fna.ffn, /home/zfears/Desktop/pcrProj/neisseria/prokka/specCP137530.1.fna.ffn, /home/zfears/Desktop/pcrProj/neisseria/prokka/specCP137531.1.fna.ffn, /home/zfears/Desktop/pcrProj/neisseria/prokka/specCP171264.1.fna.ffn, /home/zfears/Desktop/pcrProj/neisseria/prokka/specLR134525.1.fna.ffn, /home/zfears/Desktop/pcrProj/neisseria/prokka/specLR134528.1.fna.ffn
    output: /home/zfears/Desktop/pcrProj/neisseria/alleles/all.ffn
    jobid: 339
    reason: Missing output files: /home/zfears/Desktop/pcrProj/neisseria/alleles/all.ffn
    resources: tmpdir=<TBD>, disk_mb=1216, disk=1.22 GB, disk_mib=1160, mem_mb=1216, mem=1.22 GB, mem_mib=1160, mem_mb_per_cpu=4000, runtime=15
Job 339 has been submitted with SLURM jobid 11153573 (log: /grphome/grp_Assembly/pcrScripts/snakemake/.snakemake/slurm_logs/rule_combineFFNs/11153573.log).
[Wed Apr  1 12:03:50 2026]
Finished jobid: 339 (Rule: combineFFNs)
334 of 408 steps (82%) done
Select jobs to execute...
Execute 36 jobs...

[Wed Apr  1 12:03:50 2026]
rule gatherAlleles:
    input: /home/zfears/Desktop/pcrProj/neisseria/targetGenes/spec_group_8141.csv, /home/zfears/Desktop/pcrProj/neisseria/alleles/all.ffn
    output: /home/zfears/Desktop/pcrProj/neisseria/alleles/spec_group_8141_alleles.fna
    jobid: 395
    reason: Missing output files: /home/zfears/Desktop/pcrProj/neisseria/alleles/spec_group_8141_alleles.fna; Input files updated by another job: /home/zfears/Desktop/pcrProj/neisseria/alleles/all.ffn
    wildcards: gene=spec_group_8141
    resources: tmpdir=<TBD>, disk_mb=1216, disk=1.22 GB, disk_mib=1160, mem_mb=1216, mem=1.22 GB, mem_mib=1160, mem_mb_per_cpu=4000, runtime=30
Job 395 has been submitted with SLURM jobid 11153577 (log: /grphome/grp_Assembly/pcrScripts/snakemake/.snakemake/slurm_logs/rule_gatherAlleles/spec_group_8141/11153577.log).

[Wed Apr  1 12:03:50 2026]
rule gatherAlleles:
    input: /home/zfears/Desktop/pcrProj/neisseria/targetGenes/spec_group_2491.csv, /home/zfears/Desktop/pcrProj/neisseria/alleles/all.ffn
    output: /home/zfears/Desktop/pcrProj/neisseria/alleles/spec_group_2491_alleles.fna
    jobid: 351
    reason: Missing output files: /home/zfears/Desktop/pcrProj/neisseria/alleles/spec_group_2491_alleles.fna; Input files updated by another job: /home/zfears/Desktop/pcrProj/neisseria/alleles/all.ffn
    wildcards: gene=spec_group_2491
    resources: tmpdir=<TBD>, disk_mb=1216, disk=1.22 GB, disk_mib=1160, mem_mb=1216, mem=1.22 GB, mem_mib=1160, mem_mb_per_cpu=4000, runtime=30
Job 351 has been submitted with SLURM jobid 11153578 (log: /grphome/grp_Assembly/pcrScripts/snakemake/.snakemake/slurm_logs/rule_gatherAlleles/spec_group_2491/11153578.log).

[Wed Apr  1 12:03:50 2026]
rule gatherAlleles:
    input: /home/zfears/Desktop/pcrProj/neisseria/targetGenes/spec_group_5149.csv, /home/zfears/Desktop/pcrProj/neisseria/alleles/all.ffn
    output: /home/zfears/Desktop/pcrProj/neisseria/alleles/spec_group_5149_alleles.fna
    jobid: 365
    reason: Missing output files: /home/zfears/Desktop/pcrProj/neisseria/alleles/spec_group_5149_alleles.fna; Input files updated by another job: /home/zfears/Desktop/pcrProj/neisseria/alleles/all.ffn; Params have changed since last execution: Union of exclusive params before and now across all output: before: '/home/zfears/Desktop/pcrProj/neisseria/' now: '/home/zfears/Desktop/pcrProj/neisseria' ; Software environment definition has changed since last execution
    wildcards: gene=spec_group_5149
    resources: tmpdir=<TBD>, disk_mb=1216, disk=1.22 GB, disk_mib=1160, mem_mb=1216, mem=1.22 GB, mem_mib=1160, mem_mb_per_cpu=4000, runtime=30
Job 365 has been submitted with SLURM jobid 11153579 (log: /grphome/grp_Assembly/pcrScripts/snakemake/.snakemake/slurm_logs/rule_gatherAlleles/spec_group_5149/11153579.log).

[Wed Apr  1 12:03:50 2026]
rule gatherAlleles:
    input: /home/zfears/Desktop/pcrProj/neisseria/targetGenes/spec_group_7099.csv, /home/zfears/Desktop/pcrProj/neisseria/alleles/all.ffn
    output: /home/zfears/Desktop/pcrProj/neisseria/alleles/spec_group_7099_alleles.fna
    jobid: 381
    reason: Missing output files: /home/zfears/Desktop/pcrProj/neisseria/alleles/spec_group_7099_alleles.fna; Input files updated by another job: /home/zfears/Desktop/pcrProj/neisseria/alleles/all.ffn
    wildcards: gene=spec_group_7099
    resources: tmpdir=<TBD>, disk_mb=1216, disk=1.22 GB, disk_mib=1160, mem_mb=1216, mem=1.22 GB, mem_mib=1160, mem_mb_per_cpu=4000, runtime=30
Job 381 has been submitted with SLURM jobid 11153580 (log: /grphome/grp_Assembly/pcrScripts/snakemake/.snakemake/slurm_logs/rule_gatherAlleles/spec_group_7099/11153580.log).

[Wed Apr  1 12:03:50 2026]
rule gatherAlleles:
    input: /home/zfears/Desktop/pcrProj/neisseria/targetGenes/spec_group_4732.csv, /home/zfears/Desktop/pcrProj/neisseria/alleles/all.ffn
    output: /home/zfears/Desktop/pcrProj/neisseria/alleles/spec_group_4732_alleles.fna
    jobid: 363
    reason: Missing output files: /home/zfears/Desktop/pcrProj/neisseria/alleles/spec_group_4732_alleles.fna; Input files updated by another job: /home/zfears/Desktop/pcrProj/neisseria/alleles/all.ffn
    wildcards: gene=spec_group_4732
    resources: tmpdir=<TBD>, disk_mb=1216, disk=1.22 GB, disk_mib=1160, mem_mb=1216, mem=1.22 GB, mem_mib=1160, mem_mb_per_cpu=4000, runtime=30
Job 363 has been submitted with SLURM jobid 11153581 (log: /grphome/grp_Assembly/pcrScripts/snakemake/.snakemake/slurm_logs/rule_gatherAlleles/spec_group_4732/11153581.log).

[Wed Apr  1 12:03:50 2026]
rule gatherAlleles:
    input: /home/zfears/Desktop/pcrProj/neisseria/targetGenes/spec_gpx1.csv, /home/zfears/Desktop/pcrProj/neisseria/alleles/all.ffn
    output: /home/zfears/Desktop/pcrProj/neisseria/alleles/spec_gpx1_alleles.fna
    jobid: 338
    reason: Missing output files: /home/zfears/Desktop/pcrProj/neisseria/alleles/spec_gpx1_alleles.fna; Input files updated by another job: /home/zfears/Desktop/pcrProj/neisseria/alleles/all.ffn
    wildcards: gene=spec_gpx1
    resources: tmpdir=<TBD>, disk_mb=1216, disk=1.22 GB, disk_mib=1160, mem_mb=1216, mem=1.22 GB, mem_mib=1160, mem_mb_per_cpu=4000, runtime=30
Job 338 has been submitted with SLURM jobid 11153582 (log: /grphome/grp_Assembly/pcrScripts/snakemake/.snakemake/slurm_logs/rule_gatherAlleles/spec_gpx1/11153582.log).

[Wed Apr  1 12:03:50 2026]
rule gatherAlleles:
    input: /home/zfears/Desktop/pcrProj/neisseria/targetGenes/spec_group_2000.csv, /home/zfears/Desktop/pcrProj/neisseria/alleles/all.ffn
    output: /home/zfears/Desktop/pcrProj/neisseria/alleles/spec_group_2000_alleles.fna
    jobid: 349
    reason: Missing output files: /home/zfears/Desktop/pcrProj/neisseria/alleles/spec_group_2000_alleles.fna; Input files updated by another job: /home/zfears/Desktop/pcrProj/neisseria/alleles/all.ffn
    wildcards: gene=spec_group_2000
    resources: tmpdir=<TBD>, disk_mb=1216, disk=1.22 GB, disk_mib=1160, mem_mb=1216, mem=1.22 GB, mem_mib=1160, mem_mb_per_cpu=4000, runtime=30
Job 349 has been submitted with SLURM jobid 11153583 (log: /grphome/grp_Assembly/pcrScripts/snakemake/.snakemake/slurm_logs/rule_gatherAlleles/spec_group_2000/11153583.log).

[Wed Apr  1 12:03:50 2026]
rule gatherAlleles:
    input: /home/zfears/Desktop/pcrProj/neisseria/targetGenes/spec_group_5708.csv, /home/zfears/Desktop/pcrProj/neisseria/alleles/all.ffn
    output: /home/zfears/Desktop/pcrProj/neisseria/alleles/spec_group_5708_alleles.fna
    jobid: 367
    reason: Missing output files: /home/zfears/Desktop/pcrProj/neisseria/alleles/spec_group_5708_alleles.fna; Input files updated by another job: /home/zfears/Desktop/pcrProj/neisseria/alleles/all.ffn
    wildcards: gene=spec_group_5708
    resources: tmpdir=<TBD>, disk_mb=1216, disk=1.22 GB, disk_mib=1160, mem_mb=1216, mem=1.22 GB, mem_mib=1160, mem_mb_per_cpu=4000, runtime=30
Job 367 has been submitted with SLURM jobid 11153584 (log: /grphome/grp_Assembly/pcrScripts/snakemake/.snakemake/slurm_logs/rule_gatherAlleles/spec_group_5708/11153584.log).

[Wed Apr  1 12:03:51 2026]
rule gatherAlleles:
    input: /home/zfears/Desktop/pcrProj/neisseria/targetGenes/spec_group_9431.csv, /home/zfears/Desktop/pcrProj/neisseria/alleles/all.ffn
    output: /home/zfears/Desktop/pcrProj/neisseria/alleles/spec_group_9431_alleles.fna
    jobid: 397
    reason: Missing output files: /home/zfears/Desktop/pcrProj/neisseria/alleles/spec_group_9431_alleles.fna; Input files updated by another job: /home/zfears/Desktop/pcrProj/neisseria/alleles/all.ffn
    wildcards: gene=spec_group_9431
    resources: tmpdir=<TBD>, disk_mb=1216, disk=1.22 GB, disk_mib=1160, mem_mb=1216, mem=1.22 GB, mem_mib=1160, mem_mb_per_cpu=4000, runtime=30
Job 397 has been submitted with SLURM jobid 11153585 (log: /grphome/grp_Assembly/pcrScripts/snakemake/.snakemake/slurm_logs/rule_gatherAlleles/spec_group_9431/11153585.log).

[Wed Apr  1 12:03:51 2026]
rule gatherAlleles:
    input: /home/zfears/Desktop/pcrProj/neisseria/targetGenes/spec_group_8112.csv, /home/zfears/Desktop/pcrProj/neisseria/alleles/all.ffn
    output: /home/zfears/Desktop/pcrProj/neisseria/alleles/spec_group_8112_alleles.fna
    jobid: 383
    reason: Missing output files: /home/zfears/Desktop/pcrProj/neisseria/alleles/spec_group_8112_alleles.fna; Input files updated by another job: /home/zfears/Desktop/pcrProj/neisseria/alleles/all.ffn
    wildcards: gene=spec_group_8112
    resources: tmpdir=<TBD>, disk_mb=1216, disk=1.22 GB, disk_mib=1160, mem_mb=1216, mem=1.22 GB, mem_mib=1160, mem_mb_per_cpu=4000, runtime=30
Job 383 has been submitted with SLURM jobid 11153586 (log: /grphome/grp_Assembly/pcrScripts/snakemake/.snakemake/slurm_logs/rule_gatherAlleles/spec_group_8112/11153586.log).

[Wed Apr  1 12:03:51 2026]
rule gatherAlleles:
    input: /home/zfears/Desktop/pcrProj/neisseria/targetGenes/spec_group_3589.csv, /home/zfears/Desktop/pcrProj/neisseria/alleles/all.ffn
    output: /home/zfears/Desktop/pcrProj/neisseria/alleles/spec_group_3589_alleles.fna
    jobid: 361
    reason: Missing output files: /home/zfears/Desktop/pcrProj/neisseria/alleles/spec_group_3589_alleles.fna; Input files updated by another job: /home/zfears/Desktop/pcrProj/neisseria/alleles/all.ffn
    wildcards: gene=spec_group_3589
    resources: tmpdir=<TBD>, disk_mb=1216, disk=1.22 GB, disk_mib=1160, mem_mb=1216, mem=1.22 GB, mem_mib=1160, mem_mb_per_cpu=4000, runtime=30
Job 361 has been submitted with SLURM jobid 11153587 (log: /grphome/grp_Assembly/pcrScripts/snakemake/.snakemake/slurm_logs/rule_gatherAlleles/spec_group_3589/11153587.log).

[Wed Apr  1 12:03:51 2026]
rule gatherAlleles:
    input: /home/zfears/Desktop/pcrProj/neisseria/targetGenes/spec_group_12987.csv, /home/zfears/Desktop/pcrProj/neisseria/alleles/all.ffn
    output: /home/zfears/Desktop/pcrProj/neisseria/alleles/spec_group_12987_alleles.fna
    jobid: 347
    reason: Missing output files: /home/zfears/Desktop/pcrProj/neisseria/alleles/spec_group_12987_alleles.fna; Input files updated by another job: /home/zfears/Desktop/pcrProj/neisseria/alleles/all.ffn
    wildcards: gene=spec_group_12987
    resources: tmpdir=<TBD>, disk_mb=1216, disk=1.22 GB, disk_mib=1160, mem_mb=1216, mem=1.22 GB, mem_mib=1160, mem_mb_per_cpu=4000, runtime=30
Job 347 has been submitted with SLURM jobid 11153588 (log: /grphome/grp_Assembly/pcrScripts/snakemake/.snakemake/slurm_logs/rule_gatherAlleles/spec_group_12987/11153588.log).

[Wed Apr  1 12:03:51 2026]
rule gatherAlleles:
    input: /home/zfears/Desktop/pcrProj/neisseria/targetGenes/spec_group_5709.csv, /home/zfears/Desktop/pcrProj/neisseria/alleles/all.ffn
    output: /home/zfears/Desktop/pcrProj/neisseria/alleles/spec_group_5709_alleles.fna
    jobid: 369
    reason: Missing output files: /home/zfears/Desktop/pcrProj/neisseria/alleles/spec_group_5709_alleles.fna; Input files updated by another job: /home/zfears/Desktop/pcrProj/neisseria/alleles/all.ffn
    wildcards: gene=spec_group_5709
    resources: tmpdir=<TBD>, disk_mb=1216, disk=1.22 GB, disk_mib=1160, mem_mb=1216, mem=1.22 GB, mem_mib=1160, mem_mb_per_cpu=4000, runtime=30
Job 369 has been submitted with SLURM jobid 11153589 (log: /grphome/grp_Assembly/pcrScripts/snakemake/.snakemake/slurm_logs/rule_gatherAlleles/spec_group_5709/11153589.log).

[Wed Apr  1 12:03:52 2026]
rule gatherAlleles:
    input: /home/zfears/Desktop/pcrProj/neisseria/targetGenes/spec_group_9658.csv, /home/zfears/Desktop/pcrProj/neisseria/alleles/all.ffn
    output: /home/zfears/Desktop/pcrProj/neisseria/alleles/spec_group_9658_alleles.fna
    jobid: 399
    reason: Missing output files: /home/zfears/Desktop/pcrProj/neisseria/alleles/spec_group_9658_alleles.fna; Input files updated by another job: /home/zfears/Desktop/pcrProj/neisseria/alleles/all.ffn
    wildcards: gene=spec_group_9658
    resources: tmpdir=<TBD>, disk_mb=1216, disk=1.22 GB, disk_mib=1160, mem_mb=1216, mem=1.22 GB, mem_mib=1160, mem_mb_per_cpu=4000, runtime=30
Job 399 has been submitted with SLURM jobid 11153590 (log: /grphome/grp_Assembly/pcrScripts/snakemake/.snakemake/slurm_logs/rule_gatherAlleles/spec_group_9658/11153590.log).

[Wed Apr  1 12:03:52 2026]
rule gatherAlleles:
    input: /home/zfears/Desktop/pcrProj/neisseria/targetGenes/spec_group_8116.csv, /home/zfears/Desktop/pcrProj/neisseria/alleles/all.ffn
    output: /home/zfears/Desktop/pcrProj/neisseria/alleles/spec_group_8116_alleles.fna
    jobid: 385
    reason: Missing output files: /home/zfears/Desktop/pcrProj/neisseria/alleles/spec_group_8116_alleles.fna; Input files updated by another job: /home/zfears/Desktop/pcrProj/neisseria/alleles/all.ffn; Params have changed since last execution: Union of exclusive params before and now across all output: before: '/home/zfears/Desktop/pcrProj/neisseria/' now: '/home/zfears/Desktop/pcrProj/neisseria' ; Software environment definition has changed since last execution
    wildcards: gene=spec_group_8116
    resources: tmpdir=<TBD>, disk_mb=1216, disk=1.22 GB, disk_mib=1160, mem_mb=1216, mem=1.22 GB, mem_mib=1160, mem_mb_per_cpu=4000, runtime=30
Job 385 has been submitted with SLURM jobid 11153591 (log: /grphome/grp_Assembly/pcrScripts/snakemake/.snakemake/slurm_logs/rule_gatherAlleles/spec_group_8116/11153591.log).

[Wed Apr  1 12:03:52 2026]
rule gatherAlleles:
    input: /home/zfears/Desktop/pcrProj/neisseria/targetGenes/spec_group_9685.csv, /home/zfears/Desktop/pcrProj/neisseria/alleles/all.ffn
    output: /home/zfears/Desktop/pcrProj/neisseria/alleles/spec_group_9685_alleles.fna
    jobid: 401
    reason: Missing output files: /home/zfears/Desktop/pcrProj/neisseria/alleles/spec_group_9685_alleles.fna; Input files updated by another job: /home/zfears/Desktop/pcrProj/neisseria/alleles/all.ffn
    wildcards: gene=spec_group_9685
    resources: tmpdir=<TBD>, disk_mb=1216, disk=1.22 GB, disk_mib=1160, mem_mb=1216, mem=1.22 GB, mem_mib=1160, mem_mb_per_cpu=4000, runtime=30
Job 401 has been submitted with SLURM jobid 11153592 (log: /grphome/grp_Assembly/pcrScripts/snakemake/.snakemake/slurm_logs/rule_gatherAlleles/spec_group_9685/11153592.log).

[Wed Apr  1 12:03:52 2026]
rule gatherAlleles:
    input: /home/zfears/Desktop/pcrProj/neisseria/targetGenes/spec_group_5972.csv, /home/zfears/Desktop/pcrProj/neisseria/alleles/all.ffn
    output: /home/zfears/Desktop/pcrProj/neisseria/alleles/spec_group_5972_alleles.fna
    jobid: 371
    reason: Missing output files: /home/zfears/Desktop/pcrProj/neisseria/alleles/spec_group_5972_alleles.fna; Input files updated by another job: /home/zfears/Desktop/pcrProj/neisseria/alleles/all.ffn
    wildcards: gene=spec_group_5972
    resources: tmpdir=<TBD>, disk_mb=1216, disk=1.22 GB, disk_mib=1160, mem_mb=1216, mem=1.22 GB, mem_mib=1160, mem_mb_per_cpu=4000, runtime=30
Job 371 has been submitted with SLURM jobid 11153593 (log: /grphome/grp_Assembly/pcrScripts/snakemake/.snakemake/slurm_logs/rule_gatherAlleles/spec_group_5972/11153593.log).

[Wed Apr  1 12:03:53 2026]
rule gatherAlleles:
    input: /home/zfears/Desktop/pcrProj/neisseria/targetGenes/spec_group_12980.csv, /home/zfears/Desktop/pcrProj/neisseria/alleles/all.ffn
    output: /home/zfears/Desktop/pcrProj/neisseria/alleles/spec_group_12980_alleles.fna
    jobid: 345
    reason: Missing output files: /home/zfears/Desktop/pcrProj/neisseria/alleles/spec_group_12980_alleles.fna; Input files updated by another job: /home/zfears/Desktop/pcrProj/neisseria/alleles/all.ffn
    wildcards: gene=spec_group_12980
    resources: tmpdir=<TBD>, disk_mb=1216, disk=1.22 GB, disk_mib=1160, mem_mb=1216, mem=1.22 GB, mem_mib=1160, mem_mb_per_cpu=4000, runtime=30
Job 345 has been submitted with SLURM jobid 11153594 (log: /grphome/grp_Assembly/pcrScripts/snakemake/.snakemake/slurm_logs/rule_gatherAlleles/spec_group_12980/11153594.log).

[Wed Apr  1 12:03:53 2026]
rule gatherAlleles:
    input: /home/zfears/Desktop/pcrProj/neisseria/targetGenes/spec_group_33248.csv, /home/zfears/Desktop/pcrProj/neisseria/alleles/all.ffn
    output: /home/zfears/Desktop/pcrProj/neisseria/alleles/spec_group_33248_alleles.fna
    jobid: 359
    reason: Missing output files: /home/zfears/Desktop/pcrProj/neisseria/alleles/spec_group_33248_alleles.fna; Input files updated by another job: /home/zfears/Desktop/pcrProj/neisseria/alleles/all.ffn
    wildcards: gene=spec_group_33248
    resources: tmpdir=<TBD>, disk_mb=1216, disk=1.22 GB, disk_mib=1160, mem_mb=1216, mem=1.22 GB, mem_mib=1160, mem_mb_per_cpu=4000, runtime=30
Job 359 has been submitted with SLURM jobid 11153595 (log: /grphome/grp_Assembly/pcrScripts/snakemake/.snakemake/slurm_logs/rule_gatherAlleles/spec_group_33248/11153595.log).

[Wed Apr  1 12:03:53 2026]
rule gatherAlleles:
    input: /home/zfears/Desktop/pcrProj/neisseria/targetGenes/spec_group_8120.csv, /home/zfears/Desktop/pcrProj/neisseria/alleles/all.ffn
    output: /home/zfears/Desktop/pcrProj/neisseria/alleles/spec_group_8120_alleles.fna
    jobid: 387
    reason: Missing output files: /home/zfears/Desktop/pcrProj/neisseria/alleles/spec_group_8120_alleles.fna; Input files updated by another job: /home/zfears/Desktop/pcrProj/neisseria/alleles/all.ffn; Params have changed since last execution: Union of exclusive params before and now across all output: before: '/home/zfears/Desktop/pcrProj/neisseria/' now: '/home/zfears/Desktop/pcrProj/neisseria' ; Software environment definition has changed since last execution
    wildcards: gene=spec_group_8120
    resources: tmpdir=<TBD>, disk_mb=1216, disk=1.22 GB, disk_mib=1160, mem_mb=1216, mem=1.22 GB, mem_mib=1160, mem_mb_per_cpu=4000, runtime=30
Job 387 has been submitted with SLURM jobid 11153596 (log: /grphome/grp_Assembly/pcrScripts/snakemake/.snakemake/slurm_logs/rule_gatherAlleles/spec_group_8120/11153596.log).

[Wed Apr  1 12:03:53 2026]
rule gatherAlleles:
    input: /home/zfears/Desktop/pcrProj/neisseria/targetGenes/spec_group_12972.csv, /home/zfears/Desktop/pcrProj/neisseria/alleles/all.ffn
    output: /home/zfears/Desktop/pcrProj/neisseria/alleles/spec_group_12972_alleles.fna
    jobid: 343
    reason: Missing output files: /home/zfears/Desktop/pcrProj/neisseria/alleles/spec_group_12972_alleles.fna; Input files updated by another job: /home/zfears/Desktop/pcrProj/neisseria/alleles/all.ffn
    wildcards: gene=spec_group_12972
    resources: tmpdir=<TBD>, disk_mb=1216, disk=1.22 GB, disk_mib=1160, mem_mb=1216, mem=1.22 GB, mem_mib=1160, mem_mb_per_cpu=4000, runtime=30
Job 343 has been submitted with SLURM jobid 11153597 (log: /grphome/grp_Assembly/pcrScripts/snakemake/.snakemake/slurm_logs/rule_gatherAlleles/spec_group_12972/11153597.log).

[Wed Apr  1 12:03:53 2026]
rule gatherAlleles:
    input: /home/zfears/Desktop/pcrProj/neisseria/targetGenes/spec_group_6346.csv, /home/zfears/Desktop/pcrProj/neisseria/alleles/all.ffn
    output: /home/zfears/Desktop/pcrProj/neisseria/alleles/spec_group_6346_alleles.fna
    jobid: 373
    reason: Missing output files: /home/zfears/Desktop/pcrProj/neisseria/alleles/spec_group_6346_alleles.fna; Input files updated by another job: /home/zfears/Desktop/pcrProj/neisseria/alleles/all.ffn
    wildcards: gene=spec_group_6346
    resources: tmpdir=<TBD>, disk_mb=1216, disk=1.22 GB, disk_mib=1160, mem_mb=1216, mem=1.22 GB, mem_mib=1160, mem_mb_per_cpu=4000, runtime=30
Job 373 has been submitted with SLURM jobid 11153598 (log: /grphome/grp_Assembly/pcrScripts/snakemake/.snakemake/slurm_logs/rule_gatherAlleles/spec_group_6346/11153598.log).

[Wed Apr  1 12:03:53 2026]
rule gatherAlleles:
    input: /home/zfears/Desktop/pcrProj/neisseria/targetGenes/spec_group_9698.csv, /home/zfears/Desktop/pcrProj/neisseria/alleles/all.ffn
    output: /home/zfears/Desktop/pcrProj/neisseria/alleles/spec_group_9698_alleles.fna
    jobid: 403
    reason: Missing output files: /home/zfears/Desktop/pcrProj/neisseria/alleles/spec_group_9698_alleles.fna; Input files updated by another job: /home/zfears/Desktop/pcrProj/neisseria/alleles/all.ffn
    wildcards: gene=spec_group_9698
    resources: tmpdir=<TBD>, disk_mb=1216, disk=1.22 GB, disk_mib=1160, mem_mb=1216, mem=1.22 GB, mem_mib=1160, mem_mb_per_cpu=4000, runtime=30
Job 403 has been submitted with SLURM jobid 11153599 (log: /grphome/grp_Assembly/pcrScripts/snakemake/.snakemake/slurm_logs/rule_gatherAlleles/spec_group_9698/11153599.log).

[Wed Apr  1 12:03:53 2026]
rule gatherAlleles:
    input: /home/zfears/Desktop/pcrProj/neisseria/targetGenes/spec_group_33202.csv, /home/zfears/Desktop/pcrProj/neisseria/alleles/all.ffn
    output: /home/zfears/Desktop/pcrProj/neisseria/alleles/spec_group_33202_alleles.fna
    jobid: 357
    reason: Missing output files: /home/zfears/Desktop/pcrProj/neisseria/alleles/spec_group_33202_alleles.fna; Input files updated by another job: /home/zfears/Desktop/pcrProj/neisseria/alleles/all.ffn
    wildcards: gene=spec_group_33202
    resources: tmpdir=<TBD>, disk_mb=1216, disk=1.22 GB, disk_mib=1160, mem_mb=1216, mem=1.22 GB, mem_mib=1160, mem_mb_per_cpu=4000, runtime=30
Job 357 has been submitted with SLURM jobid 11153600 (log: /grphome/grp_Assembly/pcrScripts/snakemake/.snakemake/slurm_logs/rule_gatherAlleles/spec_group_33202/11153600.log).

[Wed Apr  1 12:03:53 2026]
rule gatherAlleles:
    input: /home/zfears/Desktop/pcrProj/neisseria/targetGenes/spec_group_8126.csv, /home/zfears/Desktop/pcrProj/neisseria/alleles/all.ffn
    output: /home/zfears/Desktop/pcrProj/neisseria/alleles/spec_group_8126_alleles.fna
    jobid: 389
    reason: Missing output files: /home/zfears/Desktop/pcrProj/neisseria/alleles/spec_group_8126_alleles.fna; Input files updated by another job: /home/zfears/Desktop/pcrProj/neisseria/alleles/all.ffn
    wildcards: gene=spec_group_8126
    resources: tmpdir=<TBD>, disk_mb=1216, disk=1.22 GB, disk_mib=1160, mem_mb=1216, mem=1.22 GB, mem_mib=1160, mem_mb_per_cpu=4000, runtime=30
Job 389 has been submitted with SLURM jobid 11153601 (log: /grphome/grp_Assembly/pcrScripts/snakemake/.snakemake/slurm_logs/rule_gatherAlleles/spec_group_8126/11153601.log).

[Wed Apr  1 12:03:53 2026]
rule gatherAlleles:
    input: /home/zfears/Desktop/pcrProj/neisseria/targetGenes/spec_group_12938.csv, /home/zfears/Desktop/pcrProj/neisseria/alleles/all.ffn
    output: /home/zfears/Desktop/pcrProj/neisseria/alleles/spec_group_12938_alleles.fna
    jobid: 341
    reason: Missing output files: /home/zfears/Desktop/pcrProj/neisseria/alleles/spec_group_12938_alleles.fna; Input files updated by another job: /home/zfears/Desktop/pcrProj/neisseria/alleles/all.ffn
    wildcards: gene=spec_group_12938
    resources: tmpdir=<TBD>, disk_mb=1216, disk=1.22 GB, disk_mib=1160, mem_mb=1216, mem=1.22 GB, mem_mib=1160, mem_mb_per_cpu=4000, runtime=30
Job 341 has been submitted with SLURM jobid 11153602 (log: /grphome/grp_Assembly/pcrScripts/snakemake/.snakemake/slurm_logs/rule_gatherAlleles/spec_group_12938/11153602.log).

[Wed Apr  1 12:03:53 2026]
rule gatherAlleles:
    input: /home/zfears/Desktop/pcrProj/neisseria/targetGenes/spec_group_6349.csv, /home/zfears/Desktop/pcrProj/neisseria/alleles/all.ffn
    output: /home/zfears/Desktop/pcrProj/neisseria/alleles/spec_group_6349_alleles.fna
    jobid: 375
    reason: Missing output files: /home/zfears/Desktop/pcrProj/neisseria/alleles/spec_group_6349_alleles.fna; Input files updated by another job: /home/zfears/Desktop/pcrProj/neisseria/alleles/all.ffn
    wildcards: gene=spec_group_6349
    resources: tmpdir=<TBD>, disk_mb=1216, disk=1.22 GB, disk_mib=1160, mem_mb=1216, mem=1.22 GB, mem_mib=1160, mem_mb_per_cpu=4000, runtime=30
Job 375 has been submitted with SLURM jobid 11153603 (log: /grphome/grp_Assembly/pcrScripts/snakemake/.snakemake/slurm_logs/rule_gatherAlleles/spec_group_6349/11153603.log).

[Wed Apr  1 12:03:54 2026]
rule gatherAlleles:
    input: /home/zfears/Desktop/pcrProj/neisseria/targetGenes/spec_group_9782.csv, /home/zfears/Desktop/pcrProj/neisseria/alleles/all.ffn
    output: /home/zfears/Desktop/pcrProj/neisseria/alleles/spec_group_9782_alleles.fna
    jobid: 405
    reason: Missing output files: /home/zfears/Desktop/pcrProj/neisseria/alleles/spec_group_9782_alleles.fna; Input files updated by another job: /home/zfears/Desktop/pcrProj/neisseria/alleles/all.ffn
    wildcards: gene=spec_group_9782
    resources: tmpdir=<TBD>, disk_mb=1216, disk=1.22 GB, disk_mib=1160, mem_mb=1216, mem=1.22 GB, mem_mib=1160, mem_mb_per_cpu=4000, runtime=30
Job 405 has been submitted with SLURM jobid 11153604 (log: /grphome/grp_Assembly/pcrScripts/snakemake/.snakemake/slurm_logs/rule_gatherAlleles/spec_group_9782/11153604.log).

[Wed Apr  1 12:03:54 2026]
rule gatherAlleles:
    input: /home/zfears/Desktop/pcrProj/neisseria/targetGenes/spec_group_3153.csv, /home/zfears/Desktop/pcrProj/neisseria/alleles/all.ffn
    output: /home/zfears/Desktop/pcrProj/neisseria/alleles/spec_group_3153_alleles.fna
    jobid: 355
    reason: Missing output files: /home/zfears/Desktop/pcrProj/neisseria/alleles/spec_group_3153_alleles.fna; Input files updated by another job: /home/zfears/Desktop/pcrProj/neisseria/alleles/all.ffn
    wildcards: gene=spec_group_3153
    resources: tmpdir=<TBD>, disk_mb=1216, disk=1.22 GB, disk_mib=1160, mem_mb=1216, mem=1.22 GB, mem_mib=1160, mem_mb_per_cpu=4000, runtime=30
Job 355 has been submitted with SLURM jobid 11153605 (log: /grphome/grp_Assembly/pcrScripts/snakemake/.snakemake/slurm_logs/rule_gatherAlleles/spec_group_3153/11153605.log).

[Wed Apr  1 12:03:54 2026]
rule gatherAlleles:
    input: /home/zfears/Desktop/pcrProj/neisseria/targetGenes/spec_group_8129.csv, /home/zfears/Desktop/pcrProj/neisseria/alleles/all.ffn
    output: /home/zfears/Desktop/pcrProj/neisseria/alleles/spec_group_8129_alleles.fna
    jobid: 391
    reason: Missing output files: /home/zfears/Desktop/pcrProj/neisseria/alleles/spec_group_8129_alleles.fna; Input files updated by another job: /home/zfears/Desktop/pcrProj/neisseria/alleles/all.ffn
    wildcards: gene=spec_group_8129
    resources: tmpdir=<TBD>, disk_mb=1216, disk=1.22 GB, disk_mib=1160, mem_mb=1216, mem=1.22 GB, mem_mib=1160, mem_mb_per_cpu=4000, runtime=30
Job 391 has been submitted with SLURM jobid 11153606 (log: /grphome/grp_Assembly/pcrScripts/snakemake/.snakemake/slurm_logs/rule_gatherAlleles/spec_group_8129/11153606.log).

[Wed Apr  1 12:03:54 2026]
rule gatherAlleles:
    input: /home/zfears/Desktop/pcrProj/neisseria/targetGenes/spec_mlaC.csv, /home/zfears/Desktop/pcrProj/neisseria/alleles/all.ffn
    output: /home/zfears/Desktop/pcrProj/neisseria/alleles/spec_mlaC_alleles.fna
    jobid: 407
    reason: Missing output files: /home/zfears/Desktop/pcrProj/neisseria/alleles/spec_mlaC_alleles.fna; Input files updated by another job: /home/zfears/Desktop/pcrProj/neisseria/alleles/all.ffn
    wildcards: gene=spec_mlaC
    resources: tmpdir=<TBD>, disk_mb=1216, disk=1.22 GB, disk_mib=1160, mem_mb=1216, mem=1.22 GB, mem_mib=1160, mem_mb_per_cpu=4000, runtime=30
Job 407 has been submitted with SLURM jobid 11153607 (log: /grphome/grp_Assembly/pcrScripts/snakemake/.snakemake/slurm_logs/rule_gatherAlleles/spec_mlaC/11153607.log).

[Wed Apr  1 12:03:54 2026]
rule gatherAlleles:
    input: /home/zfears/Desktop/pcrProj/neisseria/targetGenes/spec_group_6382.csv, /home/zfears/Desktop/pcrProj/neisseria/alleles/all.ffn
    output: /home/zfears/Desktop/pcrProj/neisseria/alleles/spec_group_6382_alleles.fna
    jobid: 377
    reason: Missing output files: /home/zfears/Desktop/pcrProj/neisseria/alleles/spec_group_6382_alleles.fna; Input files updated by another job: /home/zfears/Desktop/pcrProj/neisseria/alleles/all.ffn
    wildcards: gene=spec_group_6382
    resources: tmpdir=<TBD>, disk_mb=1216, disk=1.22 GB, disk_mib=1160, mem_mb=1216, mem=1.22 GB, mem_mib=1160, mem_mb_per_cpu=4000, runtime=30
Job 377 has been submitted with SLURM jobid 11153608 (log: /grphome/grp_Assembly/pcrScripts/snakemake/.snakemake/slurm_logs/rule_gatherAlleles/spec_group_6382/11153608.log).

[Wed Apr  1 12:03:54 2026]
rule gatherAlleles:
    input: /home/zfears/Desktop/pcrProj/neisseria/targetGenes/spec_group_2627.csv, /home/zfears/Desktop/pcrProj/neisseria/alleles/all.ffn
    output: /home/zfears/Desktop/pcrProj/neisseria/alleles/spec_group_2627_alleles.fna
    jobid: 353
    reason: Missing output files: /home/zfears/Desktop/pcrProj/neisseria/alleles/spec_group_2627_alleles.fna; Input files updated by another job: /home/zfears/Desktop/pcrProj/neisseria/alleles/all.ffn
    wildcards: gene=spec_group_2627
    resources: tmpdir=<TBD>, disk_mb=1216, disk=1.22 GB, disk_mib=1160, mem_mb=1216, mem=1.22 GB, mem_mib=1160, mem_mb_per_cpu=4000, runtime=30
Job 353 has been submitted with SLURM jobid 11153610 (log: /grphome/grp_Assembly/pcrScripts/snakemake/.snakemake/slurm_logs/rule_gatherAlleles/spec_group_2627/11153610.log).

[Wed Apr  1 12:03:55 2026]
rule gatherAlleles:
    input: /home/zfears/Desktop/pcrProj/neisseria/targetGenes/spec_group_8136.csv, /home/zfears/Desktop/pcrProj/neisseria/alleles/all.ffn
    output: /home/zfears/Desktop/pcrProj/neisseria/alleles/spec_group_8136_alleles.fna
    jobid: 393
    reason: Missing output files: /home/zfears/Desktop/pcrProj/neisseria/alleles/spec_group_8136_alleles.fna; Input files updated by another job: /home/zfears/Desktop/pcrProj/neisseria/alleles/all.ffn
    wildcards: gene=spec_group_8136
    resources: tmpdir=<TBD>, disk_mb=1216, disk=1.22 GB, disk_mib=1160, mem_mb=1216, mem=1.22 GB, mem_mib=1160, mem_mb_per_cpu=4000, runtime=30
Job 393 has been submitted with SLURM jobid 11153611 (log: /grphome/grp_Assembly/pcrScripts/snakemake/.snakemake/slurm_logs/rule_gatherAlleles/spec_group_8136/11153611.log).

[Wed Apr  1 12:03:56 2026]
rule gatherAlleles:
    input: /home/zfears/Desktop/pcrProj/neisseria/targetGenes/spec_zraR.csv, /home/zfears/Desktop/pcrProj/neisseria/alleles/all.ffn
    output: /home/zfears/Desktop/pcrProj/neisseria/alleles/spec_zraR_alleles.fna
    jobid: 409
    reason: Missing output files: /home/zfears/Desktop/pcrProj/neisseria/alleles/spec_zraR_alleles.fna; Input files updated by another job: /home/zfears/Desktop/pcrProj/neisseria/alleles/all.ffn
    wildcards: gene=spec_zraR
    resources: tmpdir=<TBD>, disk_mb=1216, disk=1.22 GB, disk_mib=1160, mem_mb=1216, mem=1.22 GB, mem_mib=1160, mem_mb_per_cpu=4000, runtime=30
Job 409 has been submitted with SLURM jobid 11153612 (log: /grphome/grp_Assembly/pcrScripts/snakemake/.snakemake/slurm_logs/rule_gatherAlleles/spec_zraR/11153612.log).

[Wed Apr  1 12:03:56 2026]
rule gatherAlleles:
    input: /home/zfears/Desktop/pcrProj/neisseria/targetGenes/spec_group_7098.csv, /home/zfears/Desktop/pcrProj/neisseria/alleles/all.ffn
    output: /home/zfears/Desktop/pcrProj/neisseria/alleles/spec_group_7098_alleles.fna
    jobid: 379
    reason: Missing output files: /home/zfears/Desktop/pcrProj/neisseria/alleles/spec_group_7098_alleles.fna; Input files updated by another job: /home/zfears/Desktop/pcrProj/neisseria/alleles/all.ffn
    wildcards: gene=spec_group_7098
    resources: tmpdir=<TBD>, disk_mb=1216, disk=1.22 GB, disk_mib=1160, mem_mb=1216, mem=1.22 GB, mem_mib=1160, mem_mb_per_cpu=4000, runtime=30
Job 379 has been submitted with SLURM jobid 11153613 (log: /grphome/grp_Assembly/pcrScripts/snakemake/.snakemake/slurm_logs/rule_gatherAlleles/spec_group_7098/11153613.log).
[Wed Apr  1 12:04:35 2026]
Finished jobid: 395 (Rule: gatherAlleles)
335 of 408 steps (82%) done
Select jobs to execute...
Execute 1 jobs...

[Wed Apr  1 12:04:35 2026]
rule mafft:
    input: /home/zfears/Desktop/pcrProj/neisseria/alleles/spec_group_8141_alleles.fna
    output: /home/zfears/Desktop/pcrProj/neisseria/mafft/spec_group_8141_alleles.fna.afa
    jobid: 394
    reason: Missing output files: /home/zfears/Desktop/pcrProj/neisseria/mafft/spec_group_8141_alleles.fna.afa; Input files updated by another job: /home/zfears/Desktop/pcrProj/neisseria/alleles/spec_group_8141_alleles.fna
    wildcards: gene=spec_group_8141
    threads: 8
    resources: tmpdir=<TBD>, disk_mb=1000, disk=1 GB, disk_mib=954, mem_mb=1000, mem=1 GB, mem_mib=954, mem_mb_per_cpu=2000, runtime=480
Job 394 has been submitted with SLURM jobid 11154161 (log: /grphome/grp_Assembly/pcrScripts/snakemake/.snakemake/slurm_logs/rule_mafft/spec_group_8141/11154161.log).
[Wed Apr  1 12:04:35 2026]
Finished jobid: 351 (Rule: gatherAlleles)
336 of 408 steps (82%) done
[Wed Apr  1 12:04:35 2026]
Finished jobid: 365 (Rule: gatherAlleles)
337 of 408 steps (83%) done
[Wed Apr  1 12:04:35 2026]
Finished jobid: 381 (Rule: gatherAlleles)
338 of 408 steps (83%) done
[Wed Apr  1 12:04:35 2026]
Finished jobid: 363 (Rule: gatherAlleles)
339 of 408 steps (83%) done
[Wed Apr  1 12:04:35 2026]
Finished jobid: 338 (Rule: gatherAlleles)
340 of 408 steps (83%) done
[Wed Apr  1 12:04:35 2026]
Finished jobid: 349 (Rule: gatherAlleles)
341 of 408 steps (84%) done
[Wed Apr  1 12:04:35 2026]
Finished jobid: 367 (Rule: gatherAlleles)
342 of 408 steps (84%) done
[Wed Apr  1 12:04:35 2026]
Finished jobid: 397 (Rule: gatherAlleles)
343 of 408 steps (84%) done
[Wed Apr  1 12:04:35 2026]
Finished jobid: 383 (Rule: gatherAlleles)
344 of 408 steps (84%) done
[Wed Apr  1 12:04:35 2026]
Finished jobid: 361 (Rule: gatherAlleles)
345 of 408 steps (85%) done
[Wed Apr  1 12:04:35 2026]
Finished jobid: 347 (Rule: gatherAlleles)
346 of 408 steps (85%) done
[Wed Apr  1 12:04:36 2026]
Finished jobid: 369 (Rule: gatherAlleles)
347 of 408 steps (85%) done
[Wed Apr  1 12:04:36 2026]
Finished jobid: 399 (Rule: gatherAlleles)
348 of 408 steps (85%) done
[Wed Apr  1 12:04:36 2026]
Finished jobid: 385 (Rule: gatherAlleles)
349 of 408 steps (86%) done
[Wed Apr  1 12:04:36 2026]
Finished jobid: 401 (Rule: gatherAlleles)
350 of 408 steps (86%) done
[Wed Apr  1 12:04:36 2026]
Finished jobid: 371 (Rule: gatherAlleles)
351 of 408 steps (86%) done
[Wed Apr  1 12:04:36 2026]
Finished jobid: 345 (Rule: gatherAlleles)
352 of 408 steps (86%) done
[Wed Apr  1 12:04:36 2026]
Finished jobid: 359 (Rule: gatherAlleles)
353 of 408 steps (87%) done
[Wed Apr  1 12:04:36 2026]
Finished jobid: 387 (Rule: gatherAlleles)
354 of 408 steps (87%) done
[Wed Apr  1 12:04:36 2026]
Finished jobid: 343 (Rule: gatherAlleles)
355 of 408 steps (87%) done
[Wed Apr  1 12:04:36 2026]
Finished jobid: 373 (Rule: gatherAlleles)
356 of 408 steps (87%) done
[Wed Apr  1 12:04:36 2026]
Finished jobid: 403 (Rule: gatherAlleles)
357 of 408 steps (88%) done
[Wed Apr  1 12:04:36 2026]
Finished jobid: 357 (Rule: gatherAlleles)
358 of 408 steps (88%) done
[Wed Apr  1 12:04:36 2026]
Finished jobid: 389 (Rule: gatherAlleles)
359 of 408 steps (88%) done
[Wed Apr  1 12:04:36 2026]
Finished jobid: 341 (Rule: gatherAlleles)
360 of 408 steps (88%) done
[Wed Apr  1 12:04:36 2026]
Finished jobid: 375 (Rule: gatherAlleles)
361 of 408 steps (88%) done
[Wed Apr  1 12:04:36 2026]
Finished jobid: 405 (Rule: gatherAlleles)
362 of 408 steps (89%) done
[Wed Apr  1 12:04:36 2026]
Finished jobid: 355 (Rule: gatherAlleles)
363 of 408 steps (89%) done
Select jobs to execute...
Execute 28 jobs...

[Wed Apr  1 12:04:36 2026]
rule mafft:
    input: /home/zfears/Desktop/pcrProj/neisseria/alleles/spec_group_5149_alleles.fna
    output: /home/zfears/Desktop/pcrProj/neisseria/mafft/spec_group_5149_alleles.fna.afa
    jobid: 364
    reason: Missing output files: /home/zfears/Desktop/pcrProj/neisseria/mafft/spec_group_5149_alleles.fna.afa; Input files updated by another job: /home/zfears/Desktop/pcrProj/neisseria/alleles/spec_group_5149_alleles.fna
    wildcards: gene=spec_group_5149
    threads: 8
    resources: tmpdir=<TBD>, disk_mb=1000, disk=1 GB, disk_mib=954, mem_mb=1000, mem=1 GB, mem_mib=954, mem_mb_per_cpu=2000, runtime=480
Job 364 has been submitted with SLURM jobid 11154163 (log: /grphome/grp_Assembly/pcrScripts/snakemake/.snakemake/slurm_logs/rule_mafft/spec_group_5149/11154163.log).

[Wed Apr  1 12:04:36 2026]
rule mafft:
    input: /home/zfears/Desktop/pcrProj/neisseria/alleles/spec_group_2000_alleles.fna
    output: /home/zfears/Desktop/pcrProj/neisseria/mafft/spec_group_2000_alleles.fna.afa
    jobid: 348
    reason: Missing output files: /home/zfears/Desktop/pcrProj/neisseria/mafft/spec_group_2000_alleles.fna.afa; Input files updated by another job: /home/zfears/Desktop/pcrProj/neisseria/alleles/spec_group_2000_alleles.fna
    wildcards: gene=spec_group_2000
    threads: 8
    resources: tmpdir=<TBD>, disk_mb=1000, disk=1 GB, disk_mib=954, mem_mb=1000, mem=1 GB, mem_mib=954, mem_mb_per_cpu=2000, runtime=480
Job 348 has been submitted with SLURM jobid 11154164 (log: /grphome/grp_Assembly/pcrScripts/snakemake/.snakemake/slurm_logs/rule_mafft/spec_group_2000/11154164.log).

[Wed Apr  1 12:04:37 2026]
rule mafft:
    input: /home/zfears/Desktop/pcrProj/neisseria/alleles/spec_group_4732_alleles.fna
    output: /home/zfears/Desktop/pcrProj/neisseria/mafft/spec_group_4732_alleles.fna.afa
    jobid: 362
    reason: Missing output files: /home/zfears/Desktop/pcrProj/neisseria/mafft/spec_group_4732_alleles.fna.afa; Input files updated by another job: /home/zfears/Desktop/pcrProj/neisseria/alleles/spec_group_4732_alleles.fna
    wildcards: gene=spec_group_4732
    threads: 8
    resources: tmpdir=<TBD>, disk_mb=1000, disk=1 GB, disk_mib=954, mem_mb=1000, mem=1 GB, mem_mib=954, mem_mb_per_cpu=2000, runtime=480
Job 362 has been submitted with SLURM jobid 11154184 (log: /grphome/grp_Assembly/pcrScripts/snakemake/.snakemake/slurm_logs/rule_mafft/spec_group_4732/11154184.log).

[Wed Apr  1 12:04:38 2026]
rule mafft:
    input: /home/zfears/Desktop/pcrProj/neisseria/alleles/spec_group_12987_alleles.fna
    output: /home/zfears/Desktop/pcrProj/neisseria/mafft/spec_group_12987_alleles.fna.afa
    jobid: 346
    reason: Missing output files: /home/zfears/Desktop/pcrProj/neisseria/mafft/spec_group_12987_alleles.fna.afa; Input files updated by another job: /home/zfears/Desktop/pcrProj/neisseria/alleles/spec_group_12987_alleles.fna
    wildcards: gene=spec_group_12987
    threads: 8
    resources: tmpdir=<TBD>, disk_mb=1000, disk=1 GB, disk_mib=954, mem_mb=1000, mem=1 GB, mem_mib=954, mem_mb_per_cpu=2000, runtime=480
Job 346 has been submitted with SLURM jobid 11154185 (log: /grphome/grp_Assembly/pcrScripts/snakemake/.snakemake/slurm_logs/rule_mafft/spec_group_12987/11154185.log).

[Wed Apr  1 12:04:38 2026]
rule mafft:
    input: /home/zfears/Desktop/pcrProj/neisseria/alleles/spec_group_3589_alleles.fna
    output: /home/zfears/Desktop/pcrProj/neisseria/mafft/spec_group_3589_alleles.fna.afa
    jobid: 360
    reason: Missing output files: /home/zfears/Desktop/pcrProj/neisseria/mafft/spec_group_3589_alleles.fna.afa; Input files updated by another job: /home/zfears/Desktop/pcrProj/neisseria/alleles/spec_group_3589_alleles.fna
    wildcards: gene=spec_group_3589
    threads: 8
    resources: tmpdir=<TBD>, disk_mb=1000, disk=1 GB, disk_mib=954, mem_mb=1000, mem=1 GB, mem_mib=954, mem_mb_per_cpu=2000, runtime=480
Job 360 has been submitted with SLURM jobid 11154186 (log: /grphome/grp_Assembly/pcrScripts/snakemake/.snakemake/slurm_logs/rule_mafft/spec_group_3589/11154186.log).

[Wed Apr  1 12:04:38 2026]
rule mafft:
    input: /home/zfears/Desktop/pcrProj/neisseria/alleles/spec_group_12980_alleles.fna
    output: /home/zfears/Desktop/pcrProj/neisseria/mafft/spec_group_12980_alleles.fna.afa
    jobid: 344
    reason: Missing output files: /home/zfears/Desktop/pcrProj/neisseria/mafft/spec_group_12980_alleles.fna.afa; Input files updated by another job: /home/zfears/Desktop/pcrProj/neisseria/alleles/spec_group_12980_alleles.fna
    wildcards: gene=spec_group_12980
    threads: 8
    resources: tmpdir=<TBD>, disk_mb=1000, disk=1 GB, disk_mib=954, mem_mb=1000, mem=1 GB, mem_mib=954, mem_mb_per_cpu=2000, runtime=480
Job 344 has been submitted with SLURM jobid 11154187 (log: /grphome/grp_Assembly/pcrScripts/snakemake/.snakemake/slurm_logs/rule_mafft/spec_group_12980/11154187.log).

[Wed Apr  1 12:04:38 2026]
rule mafft:
    input: /home/zfears/Desktop/pcrProj/neisseria/alleles/spec_group_6349_alleles.fna
    output: /home/zfears/Desktop/pcrProj/neisseria/mafft/spec_group_6349_alleles.fna.afa
    jobid: 374
    reason: Missing output files: /home/zfears/Desktop/pcrProj/neisseria/mafft/spec_group_6349_alleles.fna.afa; Input files updated by another job: /home/zfears/Desktop/pcrProj/neisseria/alleles/spec_group_6349_alleles.fna
    wildcards: gene=spec_group_6349
    threads: 8
    resources: tmpdir=<TBD>, disk_mb=1000, disk=1 GB, disk_mib=954, mem_mb=1000, mem=1 GB, mem_mib=954, mem_mb_per_cpu=2000, runtime=480
Job 374 has been submitted with SLURM jobid 11154188 (log: /grphome/grp_Assembly/pcrScripts/snakemake/.snakemake/slurm_logs/rule_mafft/spec_group_6349/11154188.log).

[Wed Apr  1 12:04:39 2026]
rule mafft:
    input: /home/zfears/Desktop/pcrProj/neisseria/alleles/spec_group_9782_alleles.fna
    output: /home/zfears/Desktop/pcrProj/neisseria/mafft/spec_group_9782_alleles.fna.afa
    jobid: 404
    reason: Missing output files: /home/zfears/Desktop/pcrProj/neisseria/mafft/spec_group_9782_alleles.fna.afa; Input files updated by another job: /home/zfears/Desktop/pcrProj/neisseria/alleles/spec_group_9782_alleles.fna
    wildcards: gene=spec_group_9782
    threads: 8
    resources: tmpdir=<TBD>, disk_mb=1000, disk=1 GB, disk_mib=954, mem_mb=1000, mem=1 GB, mem_mib=954, mem_mb_per_cpu=2000, runtime=480
Job 404 has been submitted with SLURM jobid 11154189 (log: /grphome/grp_Assembly/pcrScripts/snakemake/.snakemake/slurm_logs/rule_mafft/spec_group_9782/11154189.log).

[Wed Apr  1 12:04:39 2026]
rule mafft:
    input: /home/zfears/Desktop/pcrProj/neisseria/alleles/spec_group_33248_alleles.fna
    output: /home/zfears/Desktop/pcrProj/neisseria/mafft/spec_group_33248_alleles.fna.afa
    jobid: 358
    reason: Missing output files: /home/zfears/Desktop/pcrProj/neisseria/mafft/spec_group_33248_alleles.fna.afa; Input files updated by another job: /home/zfears/Desktop/pcrProj/neisseria/alleles/spec_group_33248_alleles.fna
    wildcards: gene=spec_group_33248
    threads: 8
    resources: tmpdir=<TBD>, disk_mb=1000, disk=1 GB, disk_mib=954, mem_mb=1000, mem=1 GB, mem_mib=954, mem_mb_per_cpu=2000, runtime=480
Job 358 has been submitted with SLURM jobid 11154190 (log: /grphome/grp_Assembly/pcrScripts/snakemake/.snakemake/slurm_logs/rule_mafft/spec_group_33248/11154190.log).

[Wed Apr  1 12:04:39 2026]
rule mafft:
    input: /home/zfears/Desktop/pcrProj/neisseria/alleles/spec_group_8126_alleles.fna
    output: /home/zfears/Desktop/pcrProj/neisseria/mafft/spec_group_8126_alleles.fna.afa
    jobid: 388
    reason: Missing output files: /home/zfears/Desktop/pcrProj/neisseria/mafft/spec_group_8126_alleles.fna.afa; Input files updated by another job: /home/zfears/Desktop/pcrProj/neisseria/alleles/spec_group_8126_alleles.fna
    wildcards: gene=spec_group_8126
    threads: 8
    resources: tmpdir=<TBD>, disk_mb=1000, disk=1 GB, disk_mib=954, mem_mb=1000, mem=1 GB, mem_mib=954, mem_mb_per_cpu=2000, runtime=480
Job 388 has been submitted with SLURM jobid 11154191 (log: /grphome/grp_Assembly/pcrScripts/snakemake/.snakemake/slurm_logs/rule_mafft/spec_group_8126/11154191.log).

[Wed Apr  1 12:04:39 2026]
rule mafft:
    input: /home/zfears/Desktop/pcrProj/neisseria/alleles/spec_group_12972_alleles.fna
    output: /home/zfears/Desktop/pcrProj/neisseria/mafft/spec_group_12972_alleles.fna.afa
    jobid: 342
    reason: Missing output files: /home/zfears/Desktop/pcrProj/neisseria/mafft/spec_group_12972_alleles.fna.afa; Input files updated by another job: /home/zfears/Desktop/pcrProj/neisseria/alleles/spec_group_12972_alleles.fna
    wildcards: gene=spec_group_12972
    threads: 8
    resources: tmpdir=<TBD>, disk_mb=1000, disk=1 GB, disk_mib=954, mem_mb=1000, mem=1 GB, mem_mib=954, mem_mb_per_cpu=2000, runtime=480
Job 342 has been submitted with SLURM jobid 11154192 (log: /grphome/grp_Assembly/pcrScripts/snakemake/.snakemake/slurm_logs/rule_mafft/spec_group_12972/11154192.log).

[Wed Apr  1 12:04:39 2026]
rule mafft:
    input: /home/zfears/Desktop/pcrProj/neisseria/alleles/spec_group_6346_alleles.fna
    output: /home/zfears/Desktop/pcrProj/neisseria/mafft/spec_group_6346_alleles.fna.afa
    jobid: 372
    reason: Missing output files: /home/zfears/Desktop/pcrProj/neisseria/mafft/spec_group_6346_alleles.fna.afa; Input files updated by another job: /home/zfears/Desktop/pcrProj/neisseria/alleles/spec_group_6346_alleles.fna
    wildcards: gene=spec_group_6346
    threads: 8
    resources: tmpdir=<TBD>, disk_mb=1000, disk=1 GB, disk_mib=954, mem_mb=1000, mem=1 GB, mem_mib=954, mem_mb_per_cpu=2000, runtime=480
Job 372 has been submitted with SLURM jobid 11154193 (log: /grphome/grp_Assembly/pcrScripts/snakemake/.snakemake/slurm_logs/rule_mafft/spec_group_6346/11154193.log).

[Wed Apr  1 12:04:40 2026]
rule mafft:
    input: /home/zfears/Desktop/pcrProj/neisseria/alleles/spec_group_9698_alleles.fna
    output: /home/zfears/Desktop/pcrProj/neisseria/mafft/spec_group_9698_alleles.fna.afa
    jobid: 402
    reason: Missing output files: /home/zfears/Desktop/pcrProj/neisseria/mafft/spec_group_9698_alleles.fna.afa; Input files updated by another job: /home/zfears/Desktop/pcrProj/neisseria/alleles/spec_group_9698_alleles.fna
    wildcards: gene=spec_group_9698
    threads: 8
    resources: tmpdir=<TBD>, disk_mb=1000, disk=1 GB, disk_mib=954, mem_mb=1000, mem=1 GB, mem_mib=954, mem_mb_per_cpu=2000, runtime=480
Job 402 has been submitted with SLURM jobid 11154194 (log: /grphome/grp_Assembly/pcrScripts/snakemake/.snakemake/slurm_logs/rule_mafft/spec_group_9698/11154194.log).

[Wed Apr  1 12:04:40 2026]
rule mafft:
    input: /home/zfears/Desktop/pcrProj/neisseria/alleles/spec_group_33202_alleles.fna
    output: /home/zfears/Desktop/pcrProj/neisseria/mafft/spec_group_33202_alleles.fna.afa
    jobid: 356
    reason: Missing output files: /home/zfears/Desktop/pcrProj/neisseria/mafft/spec_group_33202_alleles.fna.afa; Input files updated by another job: /home/zfears/Desktop/pcrProj/neisseria/alleles/spec_group_33202_alleles.fna
    wildcards: gene=spec_group_33202
    threads: 8
    resources: tmpdir=<TBD>, disk_mb=1000, disk=1 GB, disk_mib=954, mem_mb=1000, mem=1 GB, mem_mib=954, mem_mb_per_cpu=2000, runtime=480
Job 356 has been submitted with SLURM jobid 11154213 (log: /grphome/grp_Assembly/pcrScripts/snakemake/.snakemake/slurm_logs/rule_mafft/spec_group_33202/11154213.log).

[Wed Apr  1 12:04:41 2026]
rule mafft:
    input: /home/zfears/Desktop/pcrProj/neisseria/alleles/spec_group_8120_alleles.fna
    output: /home/zfears/Desktop/pcrProj/neisseria/mafft/spec_group_8120_alleles.fna.afa
    jobid: 386
    reason: Missing output files: /home/zfears/Desktop/pcrProj/neisseria/mafft/spec_group_8120_alleles.fna.afa; Input files updated by another job: /home/zfears/Desktop/pcrProj/neisseria/alleles/spec_group_8120_alleles.fna
    wildcards: gene=spec_group_8120
    threads: 8
    resources: tmpdir=<TBD>, disk_mb=1000, disk=1 GB, disk_mib=954, mem_mb=1000, mem=1 GB, mem_mib=954, mem_mb_per_cpu=2000, runtime=480
Job 386 has been submitted with SLURM jobid 11154214 (log: /grphome/grp_Assembly/pcrScripts/snakemake/.snakemake/slurm_logs/rule_mafft/spec_group_8120/11154214.log).

[Wed Apr  1 12:04:42 2026]
rule mafft:
    input: /home/zfears/Desktop/pcrProj/neisseria/alleles/spec_group_12938_alleles.fna
    output: /home/zfears/Desktop/pcrProj/neisseria/mafft/spec_group_12938_alleles.fna.afa
    jobid: 340
    reason: Missing output files: /home/zfears/Desktop/pcrProj/neisseria/mafft/spec_group_12938_alleles.fna.afa; Input files updated by another job: /home/zfears/Desktop/pcrProj/neisseria/alleles/spec_group_12938_alleles.fna
    wildcards: gene=spec_group_12938
    threads: 8
    resources: tmpdir=<TBD>, disk_mb=1000, disk=1 GB, disk_mib=954, mem_mb=1000, mem=1 GB, mem_mib=954, mem_mb_per_cpu=2000, runtime=480
Job 340 has been submitted with SLURM jobid 11154215 (log: /grphome/grp_Assembly/pcrScripts/snakemake/.snakemake/slurm_logs/rule_mafft/spec_group_12938/11154215.log).

[Wed Apr  1 12:04:42 2026]
rule mafft:
    input: /home/zfears/Desktop/pcrProj/neisseria/alleles/spec_group_5972_alleles.fna
    output: /home/zfears/Desktop/pcrProj/neisseria/mafft/spec_group_5972_alleles.fna.afa
    jobid: 370
    reason: Missing output files: /home/zfears/Desktop/pcrProj/neisseria/mafft/spec_group_5972_alleles.fna.afa; Input files updated by another job: /home/zfears/Desktop/pcrProj/neisseria/alleles/spec_group_5972_alleles.fna
    wildcards: gene=spec_group_5972
    threads: 8
    resources: tmpdir=<TBD>, disk_mb=1000, disk=1 GB, disk_mib=954, mem_mb=1000, mem=1 GB, mem_mib=954, mem_mb_per_cpu=2000, runtime=480
Job 370 has been submitted with SLURM jobid 11154216 (log: /grphome/grp_Assembly/pcrScripts/snakemake/.snakemake/slurm_logs/rule_mafft/spec_group_5972/11154216.log).

[Wed Apr  1 12:04:42 2026]
rule mafft:
    input: /home/zfears/Desktop/pcrProj/neisseria/alleles/spec_group_9685_alleles.fna
    output: /home/zfears/Desktop/pcrProj/neisseria/mafft/spec_group_9685_alleles.fna.afa
    jobid: 400
    reason: Missing output files: /home/zfears/Desktop/pcrProj/neisseria/mafft/spec_group_9685_alleles.fna.afa; Input files updated by another job: /home/zfears/Desktop/pcrProj/neisseria/alleles/spec_group_9685_alleles.fna
    wildcards: gene=spec_group_9685
    threads: 8
    resources: tmpdir=<TBD>, disk_mb=1000, disk=1 GB, disk_mib=954, mem_mb=1000, mem=1 GB, mem_mib=954, mem_mb_per_cpu=2000, runtime=480
Job 400 has been submitted with SLURM jobid 11154217 (log: /grphome/grp_Assembly/pcrScripts/snakemake/.snakemake/slurm_logs/rule_mafft/spec_group_9685/11154217.log).

[Wed Apr  1 12:04:42 2026]
rule mafft:
    input: /home/zfears/Desktop/pcrProj/neisseria/alleles/spec_group_3153_alleles.fna
    output: /home/zfears/Desktop/pcrProj/neisseria/mafft/spec_group_3153_alleles.fna.afa
    jobid: 354
    reason: Missing output files: /home/zfears/Desktop/pcrProj/neisseria/mafft/spec_group_3153_alleles.fna.afa; Input files updated by another job: /home/zfears/Desktop/pcrProj/neisseria/alleles/spec_group_3153_alleles.fna
    wildcards: gene=spec_group_3153
    threads: 8
    resources: tmpdir=<TBD>, disk_mb=1000, disk=1 GB, disk_mib=954, mem_mb=1000, mem=1 GB, mem_mib=954, mem_mb_per_cpu=2000, runtime=480
Job 354 has been submitted with SLURM jobid 11154218 (log: /grphome/grp_Assembly/pcrScripts/snakemake/.snakemake/slurm_logs/rule_mafft/spec_group_3153/11154218.log).

[Wed Apr  1 12:04:42 2026]
rule mafft:
    input: /home/zfears/Desktop/pcrProj/neisseria/alleles/spec_group_8116_alleles.fna
    output: /home/zfears/Desktop/pcrProj/neisseria/mafft/spec_group_8116_alleles.fna.afa
    jobid: 384
    reason: Missing output files: /home/zfears/Desktop/pcrProj/neisseria/mafft/spec_group_8116_alleles.fna.afa; Input files updated by another job: /home/zfears/Desktop/pcrProj/neisseria/alleles/spec_group_8116_alleles.fna
    wildcards: gene=spec_group_8116
    threads: 8
    resources: tmpdir=<TBD>, disk_mb=1000, disk=1 GB, disk_mib=954, mem_mb=1000, mem=1 GB, mem_mib=954, mem_mb_per_cpu=2000, runtime=480
Job 384 has been submitted with SLURM jobid 11154219 (log: /grphome/grp_Assembly/pcrScripts/snakemake/.snakemake/slurm_logs/rule_mafft/spec_group_8116/11154219.log).

[Wed Apr  1 12:04:42 2026]
rule mafft:
    input: /home/zfears/Desktop/pcrProj/neisseria/alleles/spec_gpx1_alleles.fna
    output: /home/zfears/Desktop/pcrProj/neisseria/mafft/spec_gpx1_alleles.fna.afa
    jobid: 337
    reason: Missing output files: /home/zfears/Desktop/pcrProj/neisseria/mafft/spec_gpx1_alleles.fna.afa; Input files updated by another job: /home/zfears/Desktop/pcrProj/neisseria/alleles/spec_gpx1_alleles.fna
    wildcards: gene=spec_gpx1
    threads: 8
    resources: tmpdir=<TBD>, disk_mb=1000, disk=1 GB, disk_mib=954, mem_mb=1000, mem=1 GB, mem_mib=954, mem_mb_per_cpu=2000, runtime=480
Job 337 has been submitted with SLURM jobid 11154220 (log: /grphome/grp_Assembly/pcrScripts/snakemake/.snakemake/slurm_logs/rule_mafft/spec_gpx1/11154220.log).

[Wed Apr  1 12:04:43 2026]
rule mafft:
    input: /home/zfears/Desktop/pcrProj/neisseria/alleles/spec_group_5709_alleles.fna
    output: /home/zfears/Desktop/pcrProj/neisseria/mafft/spec_group_5709_alleles.fna.afa
    jobid: 368
    reason: Missing output files: /home/zfears/Desktop/pcrProj/neisseria/mafft/spec_group_5709_alleles.fna.afa; Input files updated by another job: /home/zfears/Desktop/pcrProj/neisseria/alleles/spec_group_5709_alleles.fna
    wildcards: gene=spec_group_5709
    threads: 8
    resources: tmpdir=<TBD>, disk_mb=1000, disk=1 GB, disk_mib=954, mem_mb=1000, mem=1 GB, mem_mib=954, mem_mb_per_cpu=2000, runtime=480
Job 368 has been submitted with SLURM jobid 11154221 (log: /grphome/grp_Assembly/pcrScripts/snakemake/.snakemake/slurm_logs/rule_mafft/spec_group_5709/11154221.log).

[Wed Apr  1 12:04:43 2026]
rule mafft:
    input: /home/zfears/Desktop/pcrProj/neisseria/alleles/spec_group_9658_alleles.fna
    output: /home/zfears/Desktop/pcrProj/neisseria/mafft/spec_group_9658_alleles.fna.afa
    jobid: 398
    reason: Missing output files: /home/zfears/Desktop/pcrProj/neisseria/mafft/spec_group_9658_alleles.fna.afa; Input files updated by another job: /home/zfears/Desktop/pcrProj/neisseria/alleles/spec_group_9658_alleles.fna
    wildcards: gene=spec_group_9658
    threads: 8
    resources: tmpdir=<TBD>, disk_mb=1000, disk=1 GB, disk_mib=954, mem_mb=1000, mem=1 GB, mem_mib=954, mem_mb_per_cpu=2000, runtime=480
Job 398 has been submitted with SLURM jobid 11154222 (log: /grphome/grp_Assembly/pcrScripts/snakemake/.snakemake/slurm_logs/rule_mafft/spec_group_9658/11154222.log).

[Wed Apr  1 12:04:43 2026]
rule mafft:
    input: /home/zfears/Desktop/pcrProj/neisseria/alleles/spec_group_8112_alleles.fna
    output: /home/zfears/Desktop/pcrProj/neisseria/mafft/spec_group_8112_alleles.fna.afa
    jobid: 382
    reason: Missing output files: /home/zfears/Desktop/pcrProj/neisseria/mafft/spec_group_8112_alleles.fna.afa; Input files updated by another job: /home/zfears/Desktop/pcrProj/neisseria/alleles/spec_group_8112_alleles.fna
    wildcards: gene=spec_group_8112
    threads: 8
    resources: tmpdir=<TBD>, disk_mb=1000, disk=1 GB, disk_mib=954, mem_mb=1000, mem=1 GB, mem_mib=954, mem_mb_per_cpu=2000, runtime=480
Job 382 has been submitted with SLURM jobid 11154223 (log: /grphome/grp_Assembly/pcrScripts/snakemake/.snakemake/slurm_logs/rule_mafft/spec_group_8112/11154223.log).

[Wed Apr  1 12:04:43 2026]
rule mafft:
    input: /home/zfears/Desktop/pcrProj/neisseria/alleles/spec_group_5708_alleles.fna
    output: /home/zfears/Desktop/pcrProj/neisseria/mafft/spec_group_5708_alleles.fna.afa
    jobid: 366
    reason: Missing output files: /home/zfears/Desktop/pcrProj/neisseria/mafft/spec_group_5708_alleles.fna.afa; Input files updated by another job: /home/zfears/Desktop/pcrProj/neisseria/alleles/spec_group_5708_alleles.fna
    wildcards: gene=spec_group_5708
    threads: 8
    resources: tmpdir=<TBD>, disk_mb=1000, disk=1 GB, disk_mib=954, mem_mb=1000, mem=1 GB, mem_mib=954, mem_mb_per_cpu=2000, runtime=480
Job 366 has been submitted with SLURM jobid 11154224 (log: /grphome/grp_Assembly/pcrScripts/snakemake/.snakemake/slurm_logs/rule_mafft/spec_group_5708/11154224.log).

[Wed Apr  1 12:04:43 2026]
rule mafft:
    input: /home/zfears/Desktop/pcrProj/neisseria/alleles/spec_group_9431_alleles.fna
    output: /home/zfears/Desktop/pcrProj/neisseria/mafft/spec_group_9431_alleles.fna.afa
    jobid: 396
    reason: Missing output files: /home/zfears/Desktop/pcrProj/neisseria/mafft/spec_group_9431_alleles.fna.afa; Input files updated by another job: /home/zfears/Desktop/pcrProj/neisseria/alleles/spec_group_9431_alleles.fna
    wildcards: gene=spec_group_9431
    threads: 8
    resources: tmpdir=<TBD>, disk_mb=1000, disk=1 GB, disk_mib=954, mem_mb=1000, mem=1 GB, mem_mib=954, mem_mb_per_cpu=2000, runtime=480
Job 396 has been submitted with SLURM jobid 11154226 (log: /grphome/grp_Assembly/pcrScripts/snakemake/.snakemake/slurm_logs/rule_mafft/spec_group_9431/11154226.log).

[Wed Apr  1 12:04:45 2026]
rule mafft:
    input: /home/zfears/Desktop/pcrProj/neisseria/alleles/spec_group_2491_alleles.fna
    output: /home/zfears/Desktop/pcrProj/neisseria/mafft/spec_group_2491_alleles.fna.afa
    jobid: 350
    reason: Missing output files: /home/zfears/Desktop/pcrProj/neisseria/mafft/spec_group_2491_alleles.fna.afa; Input files updated by another job: /home/zfears/Desktop/pcrProj/neisseria/alleles/spec_group_2491_alleles.fna
    wildcards: gene=spec_group_2491
    threads: 8
    resources: tmpdir=<TBD>, disk_mb=1000, disk=1 GB, disk_mib=954, mem_mb=1000, mem=1 GB, mem_mib=954, mem_mb_per_cpu=2000, runtime=480
Job 350 has been submitted with SLURM jobid 11154227 (log: /grphome/grp_Assembly/pcrScripts/snakemake/.snakemake/slurm_logs/rule_mafft/spec_group_2491/11154227.log).

[Wed Apr  1 12:04:45 2026]
rule mafft:
    input: /home/zfears/Desktop/pcrProj/neisseria/alleles/spec_group_7099_alleles.fna
    output: /home/zfears/Desktop/pcrProj/neisseria/mafft/spec_group_7099_alleles.fna.afa
    jobid: 380
    reason: Missing output files: /home/zfears/Desktop/pcrProj/neisseria/mafft/spec_group_7099_alleles.fna.afa; Input files updated by another job: /home/zfears/Desktop/pcrProj/neisseria/alleles/spec_group_7099_alleles.fna
    wildcards: gene=spec_group_7099
    threads: 8
    resources: tmpdir=<TBD>, disk_mb=1000, disk=1 GB, disk_mib=954, mem_mb=1000, mem=1 GB, mem_mib=954, mem_mb_per_cpu=2000, runtime=480
Job 380 has been submitted with SLURM jobid 11154228 (log: /grphome/grp_Assembly/pcrScripts/snakemake/.snakemake/slurm_logs/rule_mafft/spec_group_7099/11154228.log).
[Wed Apr  1 12:04:45 2026]
Finished jobid: 391 (Rule: gatherAlleles)
364 of 408 steps (89%) done
[Wed Apr  1 12:04:45 2026]
Finished jobid: 407 (Rule: gatherAlleles)
365 of 408 steps (89%) done
[Wed Apr  1 12:04:45 2026]
Finished jobid: 377 (Rule: gatherAlleles)
366 of 408 steps (90%) done
[Wed Apr  1 12:04:45 2026]
Finished jobid: 353 (Rule: gatherAlleles)
367 of 408 steps (90%) done
[Wed Apr  1 12:04:45 2026]
Finished jobid: 393 (Rule: gatherAlleles)
368 of 408 steps (90%) done
[Wed Apr  1 12:04:46 2026]
Finished jobid: 409 (Rule: gatherAlleles)
369 of 408 steps (90%) done
[Wed Apr  1 12:04:46 2026]
Finished jobid: 379 (Rule: gatherAlleles)
370 of 408 steps (91%) done
Removing temporary output /home/zfears/Desktop/pcrProj/neisseria/alleles/all.ffn.
Select jobs to execute...
Execute 7 jobs...

[Wed Apr  1 12:04:46 2026]
rule mafft:
    input: /home/zfears/Desktop/pcrProj/neisseria/alleles/spec_group_8129_alleles.fna
    output: /home/zfears/Desktop/pcrProj/neisseria/mafft/spec_group_8129_alleles.fna.afa
    jobid: 390
    reason: Missing output files: /home/zfears/Desktop/pcrProj/neisseria/mafft/spec_group_8129_alleles.fna.afa; Input files updated by another job: /home/zfears/Desktop/pcrProj/neisseria/alleles/spec_group_8129_alleles.fna
    wildcards: gene=spec_group_8129
    threads: 8
    resources: tmpdir=<TBD>, disk_mb=1000, disk=1 GB, disk_mib=954, mem_mb=1000, mem=1 GB, mem_mib=954, mem_mb_per_cpu=2000, runtime=480
Job 390 has been submitted with SLURM jobid 11154229 (log: /grphome/grp_Assembly/pcrScripts/snakemake/.snakemake/slurm_logs/rule_mafft/spec_group_8129/11154229.log).

[Wed Apr  1 12:04:46 2026]
rule mafft:
    input: /home/zfears/Desktop/pcrProj/neisseria/alleles/spec_group_2627_alleles.fna
    output: /home/zfears/Desktop/pcrProj/neisseria/mafft/spec_group_2627_alleles.fna.afa
    jobid: 352
    reason: Missing output files: /home/zfears/Desktop/pcrProj/neisseria/mafft/spec_group_2627_alleles.fna.afa; Input files updated by another job: /home/zfears/Desktop/pcrProj/neisseria/alleles/spec_group_2627_alleles.fna
    wildcards: gene=spec_group_2627
    threads: 8
    resources: tmpdir=<TBD>, disk_mb=1000, disk=1 GB, disk_mib=954, mem_mb=1000, mem=1 GB, mem_mib=954, mem_mb_per_cpu=2000, runtime=480
Job 352 has been submitted with SLURM jobid 11154230 (log: /grphome/grp_Assembly/pcrScripts/snakemake/.snakemake/slurm_logs/rule_mafft/spec_group_2627/11154230.log).

[Wed Apr  1 12:04:46 2026]
rule mafft:
    input: /home/zfears/Desktop/pcrProj/neisseria/alleles/spec_group_7098_alleles.fna
    output: /home/zfears/Desktop/pcrProj/neisseria/mafft/spec_group_7098_alleles.fna.afa
    jobid: 378
    reason: Missing output files: /home/zfears/Desktop/pcrProj/neisseria/mafft/spec_group_7098_alleles.fna.afa; Input files updated by another job: /home/zfears/Desktop/pcrProj/neisseria/alleles/spec_group_7098_alleles.fna
    wildcards: gene=spec_group_7098
    threads: 8
    resources: tmpdir=<TBD>, disk_mb=1000, disk=1 GB, disk_mib=954, mem_mb=1000, mem=1 GB, mem_mib=954, mem_mb_per_cpu=2000, runtime=480
Job 378 has been submitted with SLURM jobid 11154231 (log: /grphome/grp_Assembly/pcrScripts/snakemake/.snakemake/slurm_logs/rule_mafft/spec_group_7098/11154231.log).

[Wed Apr  1 12:04:46 2026]
rule mafft:
    input: /home/zfears/Desktop/pcrProj/neisseria/alleles/spec_zraR_alleles.fna
    output: /home/zfears/Desktop/pcrProj/neisseria/mafft/spec_zraR_alleles.fna.afa
    jobid: 408
    reason: Missing output files: /home/zfears/Desktop/pcrProj/neisseria/mafft/spec_zraR_alleles.fna.afa; Input files updated by another job: /home/zfears/Desktop/pcrProj/neisseria/alleles/spec_zraR_alleles.fna
    wildcards: gene=spec_zraR
    threads: 8
    resources: tmpdir=<TBD>, disk_mb=1000, disk=1 GB, disk_mib=954, mem_mb=1000, mem=1 GB, mem_mib=954, mem_mb_per_cpu=2000, runtime=480
Job 408 has been submitted with SLURM jobid 11154232 (log: /grphome/grp_Assembly/pcrScripts/snakemake/.snakemake/slurm_logs/rule_mafft/spec_zraR/11154232.log).

[Wed Apr  1 12:04:47 2026]
rule mafft:
    input: /home/zfears/Desktop/pcrProj/neisseria/alleles/spec_group_8136_alleles.fna
    output: /home/zfears/Desktop/pcrProj/neisseria/mafft/spec_group_8136_alleles.fna.afa
    jobid: 392
    reason: Missing output files: /home/zfears/Desktop/pcrProj/neisseria/mafft/spec_group_8136_alleles.fna.afa; Input files updated by another job: /home/zfears/Desktop/pcrProj/neisseria/alleles/spec_group_8136_alleles.fna
    wildcards: gene=spec_group_8136
    threads: 8
    resources: tmpdir=<TBD>, disk_mb=1000, disk=1 GB, disk_mib=954, mem_mb=1000, mem=1 GB, mem_mib=954, mem_mb_per_cpu=2000, runtime=480
Job 392 has been submitted with SLURM jobid 11154233 (log: /grphome/grp_Assembly/pcrScripts/snakemake/.snakemake/slurm_logs/rule_mafft/spec_group_8136/11154233.log).

[Wed Apr  1 12:04:47 2026]
rule mafft:
    input: /home/zfears/Desktop/pcrProj/neisseria/alleles/spec_group_6382_alleles.fna
    output: /home/zfears/Desktop/pcrProj/neisseria/mafft/spec_group_6382_alleles.fna.afa
    jobid: 376
    reason: Missing output files: /home/zfears/Desktop/pcrProj/neisseria/mafft/spec_group_6382_alleles.fna.afa; Input files updated by another job: /home/zfears/Desktop/pcrProj/neisseria/alleles/spec_group_6382_alleles.fna
    wildcards: gene=spec_group_6382
    threads: 8
    resources: tmpdir=<TBD>, disk_mb=1000, disk=1 GB, disk_mib=954, mem_mb=1000, mem=1 GB, mem_mib=954, mem_mb_per_cpu=2000, runtime=480
Job 376 has been submitted with SLURM jobid 11154234 (log: /grphome/grp_Assembly/pcrScripts/snakemake/.snakemake/slurm_logs/rule_mafft/spec_group_6382/11154234.log).

[Wed Apr  1 12:04:48 2026]
rule mafft:
    input: /home/zfears/Desktop/pcrProj/neisseria/alleles/spec_mlaC_alleles.fna
    output: /home/zfears/Desktop/pcrProj/neisseria/mafft/spec_mlaC_alleles.fna.afa
    jobid: 406
    reason: Missing output files: /home/zfears/Desktop/pcrProj/neisseria/mafft/spec_mlaC_alleles.fna.afa; Input files updated by another job: /home/zfears/Desktop/pcrProj/neisseria/alleles/spec_mlaC_alleles.fna
    wildcards: gene=spec_mlaC
    threads: 8
    resources: tmpdir=<TBD>, disk_mb=1000, disk=1 GB, disk_mib=954, mem_mb=1000, mem=1 GB, mem_mib=954, mem_mb_per_cpu=2000, runtime=480
Job 406 has been submitted with SLURM jobid 11154235 (log: /grphome/grp_Assembly/pcrScripts/snakemake/.snakemake/slurm_logs/rule_mafft/spec_mlaC/11154235.log).
[Wed Apr  1 12:06:13 2026]
Finished jobid: 394 (Rule: mafft)
371 of 408 steps (91%) done
[Wed Apr  1 12:06:13 2026]
Finished jobid: 364 (Rule: mafft)
372 of 408 steps (91%) done
[Wed Apr  1 12:06:13 2026]
Finished jobid: 348 (Rule: mafft)
373 of 408 steps (91%) done
[Wed Apr  1 12:06:14 2026]
Finished jobid: 362 (Rule: mafft)
374 of 408 steps (92%) done
[Wed Apr  1 12:06:14 2026]
Finished jobid: 346 (Rule: mafft)
375 of 408 steps (92%) done
[Wed Apr  1 12:06:14 2026]
Finished jobid: 344 (Rule: mafft)
376 of 408 steps (92%) done
[Wed Apr  1 12:06:14 2026]
Finished jobid: 374 (Rule: mafft)
377 of 408 steps (92%) done
[Wed Apr  1 12:06:14 2026]
Finished jobid: 358 (Rule: mafft)
378 of 408 steps (93%) done
[Wed Apr  1 12:06:14 2026]
Finished jobid: 388 (Rule: mafft)
379 of 408 steps (93%) done
[Wed Apr  1 12:06:14 2026]
Finished jobid: 342 (Rule: mafft)
380 of 408 steps (93%) done
[Wed Apr  1 12:06:14 2026]
Finished jobid: 372 (Rule: mafft)
381 of 408 steps (93%) done
[Wed Apr  1 12:06:14 2026]
Finished jobid: 402 (Rule: mafft)
382 of 408 steps (94%) done
[Wed Apr  1 12:06:14 2026]
Finished jobid: 356 (Rule: mafft)
383 of 408 steps (94%) done
[Wed Apr  1 12:06:14 2026]
Finished jobid: 386 (Rule: mafft)
384 of 408 steps (94%) done
[Wed Apr  1 12:06:14 2026]
Finished jobid: 340 (Rule: mafft)
385 of 408 steps (94%) done
[Wed Apr  1 12:06:14 2026]
Finished jobid: 370 (Rule: mafft)
386 of 408 steps (95%) done
[Wed Apr  1 12:06:14 2026]
Finished jobid: 400 (Rule: mafft)
387 of 408 steps (95%) done
[Wed Apr  1 12:06:14 2026]
Finished jobid: 354 (Rule: mafft)
388 of 408 steps (95%) done
[Wed Apr  1 12:06:14 2026]
Finished jobid: 384 (Rule: mafft)
389 of 408 steps (95%) done
[Wed Apr  1 12:06:14 2026]
Finished jobid: 337 (Rule: mafft)
390 of 408 steps (96%) done
[Wed Apr  1 12:06:14 2026]
Finished jobid: 368 (Rule: mafft)
391 of 408 steps (96%) done
[Wed Apr  1 12:06:14 2026]
Finished jobid: 398 (Rule: mafft)
392 of 408 steps (96%) done
[Wed Apr  1 12:06:14 2026]
Finished jobid: 382 (Rule: mafft)
393 of 408 steps (96%) done
[Wed Apr  1 12:06:14 2026]
Finished jobid: 366 (Rule: mafft)
394 of 408 steps (97%) done
[Wed Apr  1 12:06:14 2026]
Finished jobid: 396 (Rule: mafft)
395 of 408 steps (97%) done
[Wed Apr  1 12:06:14 2026]
Finished jobid: 350 (Rule: mafft)
396 of 408 steps (97%) done
[Wed Apr  1 12:06:14 2026]
Finished jobid: 380 (Rule: mafft)
397 of 408 steps (97%) done
[Wed Apr  1 12:06:14 2026]
Finished jobid: 390 (Rule: mafft)
398 of 408 steps (98%) done
[Wed Apr  1 12:06:14 2026]
Finished jobid: 352 (Rule: mafft)
399 of 408 steps (98%) done
[Wed Apr  1 12:06:15 2026]
Finished jobid: 378 (Rule: mafft)
400 of 408 steps (98%) done
[Wed Apr  1 12:06:15 2026]
Finished jobid: 408 (Rule: mafft)
401 of 408 steps (98%) done
[Wed Apr  1 12:06:55 2026]
Finished jobid: 360 (Rule: mafft)
402 of 408 steps (99%) done
[Wed Apr  1 12:06:55 2026]
Finished jobid: 404 (Rule: mafft)
403 of 408 steps (99%) done
[Wed Apr  1 12:06:55 2026]
Finished jobid: 392 (Rule: mafft)
404 of 408 steps (99%) done
[Wed Apr  1 12:06:55 2026]
Finished jobid: 376 (Rule: mafft)
405 of 408 steps (99%) done
[Wed Apr  1 12:06:55 2026]
Finished jobid: 406 (Rule: mafft)
406 of 408 steps (99.5%) done
Select jobs to execute...
Execute 1 jobs...

[Wed Apr  1 12:06:55 2026]
rule success_flag:
    input: /home/zfears/Desktop/pcrProj/neisseria/mafft/spec_gpx1_alleles.fna.afa, /home/zfears/Desktop/pcrProj/neisseria/mafft/spec_group_12938_alleles.fna.afa, /home/zfears/Desktop/pcrProj/neisseria/mafft/spec_group_12972_alleles.fna.afa, /home/zfears/Desktop/pcrProj/neisseria/mafft/spec_group_12980_alleles.fna.afa, /home/zfears/Desktop/pcrProj/neisseria/mafft/spec_group_12987_alleles.fna.afa, /home/zfears/Desktop/pcrProj/neisseria/mafft/spec_group_2000_alleles.fna.afa, /home/zfears/Desktop/pcrProj/neisseria/mafft/spec_group_2491_alleles.fna.afa, /home/zfears/Desktop/pcrProj/neisseria/mafft/spec_group_2627_alleles.fna.afa, /home/zfears/Desktop/pcrProj/neisseria/mafft/spec_group_3153_alleles.fna.afa, /home/zfears/Desktop/pcrProj/neisseria/mafft/spec_group_33202_alleles.fna.afa, /home/zfears/Desktop/pcrProj/neisseria/mafft/spec_group_33248_alleles.fna.afa, /home/zfears/Desktop/pcrProj/neisseria/mafft/spec_group_3589_alleles.fna.afa, /home/zfears/Desktop/pcrProj/neisseria/mafft/spec_group_4732_alleles.fna.afa, /home/zfears/Desktop/pcrProj/neisseria/mafft/spec_group_5149_alleles.fna.afa, /home/zfears/Desktop/pcrProj/neisseria/mafft/spec_group_5708_alleles.fna.afa, /home/zfears/Desktop/pcrProj/neisseria/mafft/spec_group_5709_alleles.fna.afa, /home/zfears/Desktop/pcrProj/neisseria/mafft/spec_group_5972_alleles.fna.afa, /home/zfears/Desktop/pcrProj/neisseria/mafft/spec_group_6346_alleles.fna.afa, /home/zfears/Desktop/pcrProj/neisseria/mafft/spec_group_6349_alleles.fna.afa, /home/zfears/Desktop/pcrProj/neisseria/mafft/spec_group_6382_alleles.fna.afa, /home/zfears/Desktop/pcrProj/neisseria/mafft/spec_group_7098_alleles.fna.afa, /home/zfears/Desktop/pcrProj/neisseria/mafft/spec_group_7099_alleles.fna.afa, /home/zfears/Desktop/pcrProj/neisseria/mafft/spec_group_8112_alleles.fna.afa, /home/zfears/Desktop/pcrProj/neisseria/mafft/spec_group_8116_alleles.fna.afa, /home/zfears/Desktop/pcrProj/neisseria/mafft/spec_group_8120_alleles.fna.afa, /home/zfears/Desktop/pcrProj/neisseria/mafft/spec_group_8126_alleles.fna.afa, /home/zfears/Desktop/pcrProj/neisseria/mafft/spec_group_8129_alleles.fna.afa, /home/zfears/Desktop/pcrProj/neisseria/mafft/spec_group_8136_alleles.fna.afa, /home/zfears/Desktop/pcrProj/neisseria/mafft/spec_group_8141_alleles.fna.afa, /home/zfears/Desktop/pcrProj/neisseria/mafft/spec_group_9431_alleles.fna.afa, /home/zfears/Desktop/pcrProj/neisseria/mafft/spec_group_9658_alleles.fna.afa, /home/zfears/Desktop/pcrProj/neisseria/mafft/spec_group_9685_alleles.fna.afa, /home/zfears/Desktop/pcrProj/neisseria/mafft/spec_group_9698_alleles.fna.afa, /home/zfears/Desktop/pcrProj/neisseria/mafft/spec_group_9782_alleles.fna.afa, /home/zfears/Desktop/pcrProj/neisseria/mafft/spec_mlaC_alleles.fna.afa, /home/zfears/Desktop/pcrProj/neisseria/mafft/spec_zraR_alleles.fna.afa
    output: /home/zfears/Desktop/pcrProj/neisseria/success.txt
    jobid: 1
    reason: Missing output files: /home/zfears/Desktop/pcrProj/neisseria/success.txt; Input files updated by another job: /home/zfears/Desktop/pcrProj/neisseria/mafft/spec_group_9782_alleles.fna.afa, /home/zfears/Desktop/pcrProj/neisseria/mafft/spec_group_3589_alleles.fna.afa, /home/zfears/Desktop/pcrProj/neisseria/mafft/spec_group_8120_alleles.fna.afa, /home/zfears/Desktop/pcrProj/neisseria/mafft/spec_group_7098_alleles.fna.afa, /home/zfears/Desktop/pcrProj/neisseria/mafft/spec_group_9431_alleles.fna.afa, /home/zfears/Desktop/pcrProj/neisseria/mafft/spec_zraR_alleles.fna.afa, /home/zfears/Desktop/pcrProj/neisseria/mafft/spec_group_5708_alleles.fna.afa, /home/zfears/Desktop/pcrProj/neisseria/mafft/spec_group_12972_alleles.fna.afa, /home/zfears/Desktop/pcrProj/neisseria/mafft/spec_group_33248_alleles.fna.afa, /home/zfears/Desktop/pcrProj/neisseria/mafft/spec_group_9658_alleles.fna.afa, /home/zfears/Desktop/pcrProj/neisseria/mafft/spec_group_3153_alleles.fna.afa, /home/zfears/Desktop/pcrProj/neisseria/mafft/spec_group_2491_alleles.fna.afa, /home/zfears/Desktop/pcrProj/neisseria/mafft/spec_group_8136_alleles.fna.afa, /home/zfears/Desktop/pcrProj/neisseria/mafft/spec_group_2000_alleles.fna.afa, /home/zfears/Desktop/pcrProj/neisseria/mafft/spec_group_8112_alleles.fna.afa, /home/zfears/Desktop/pcrProj/neisseria/mafft/spec_group_5709_alleles.fna.afa, /home/zfears/Desktop/pcrProj/neisseria/mafft/spec_group_8129_alleles.fna.afa, /home/zfears/Desktop/pcrProj/neisseria/mafft/spec_group_8116_alleles.fna.afa, /home/zfears/Desktop/pcrProj/neisseria/mafft/spec_group_7099_alleles.fna.afa, /home/zfears/Desktop/pcrProj/neisseria/mafft/spec_group_12987_alleles.fna.afa, /home/zfears/Desktop/pcrProj/neisseria/mafft/spec_group_12980_alleles.fna.afa, /home/zfears/Desktop/pcrProj/neisseria/mafft/spec_group_33202_alleles.fna.afa, /home/zfears/Desktop/pcrProj/neisseria/mafft/spec_group_6382_alleles.fna.afa, /home/zfears/Desktop/pcrProj/neisseria/mafft/spec_group_6349_alleles.fna.afa, /home/zfears/Desktop/pcrProj/neisseria/mafft/spec_group_8126_alleles.fna.afa, /home/zfears/Desktop/pcrProj/neisseria/mafft/spec_group_6346_alleles.fna.afa, /home/zfears/Desktop/pcrProj/neisseria/mafft/spec_group_9698_alleles.fna.afa, /home/zfears/Desktop/pcrProj/neisseria/mafft/spec_mlaC_alleles.fna.afa, /home/zfears/Desktop/pcrProj/neisseria/mafft/spec_group_4732_alleles.fna.afa, /home/zfears/Desktop/pcrProj/neisseria/mafft/spec_group_5149_alleles.fna.afa, /home/zfears/Desktop/pcrProj/neisseria/mafft/spec_group_9685_alleles.fna.afa, /home/zfears/Desktop/pcrProj/neisseria/mafft/spec_group_2627_alleles.fna.afa, /home/zfears/Desktop/pcrProj/neisseria/mafft/spec_group_8141_alleles.fna.afa, /home/zfears/Desktop/pcrProj/neisseria/mafft/spec_group_5972_alleles.fna.afa, /home/zfears/Desktop/pcrProj/neisseria/mafft/spec_gpx1_alleles.fna.afa, /home/zfears/Desktop/pcrProj/neisseria/mafft/spec_group_12938_alleles.fna.afa
    resources: tmpdir=<TBD>, disk_mb=1000, disk=1 GB, disk_mib=954, mem_mb=1000, mem=1 GB, mem_mib=954, mem_mb_per_cpu=4000, runtime=2
Job 1 has been submitted with SLURM jobid 11154791 (log: /grphome/grp_Assembly/pcrScripts/snakemake/.snakemake/slurm_logs/rule_success_flag/11154791.log).
[Wed Apr  1 12:07:35 2026]
Finished jobid: 1 (Rule: success_flag)
407 of 408 steps (99.8%) done
Select jobs to execute...
Execute 1 jobs...

[Wed Apr  1 12:07:35 2026]
localrule all:
    input: /home/zfears/Desktop/pcrProj/neisseria/success.txt
    jobid: 0
    reason: Input files updated by another job: /home/zfears/Desktop/pcrProj/neisseria/success.txt
    resources: tmpdir=/tmp, disk_mb=1000, disk=1 GB, disk_mib=954, mem_mb=1000, mem=1 GB, mem_mib=954, mem_mb_per_cpu=4000
[Wed Apr  1 12:07:35 2026]
Finished jobid: 0 (Rule: all)
408 of 408 steps (100%) done
Cleaning up SLURM log files older than 10 day(s).
Complete log(s): /grphome/grp_Assembly/pcrScripts/snakemake/.snakemake/log/2026-04-01T110526.740077.snakemake.log
